# This file uses centimeters as units for non-parametric coordinates.

g default
v 0.000000 136.954071 12.003532
v 0.000000 149.237595 5.944955
v 0.000000 179.447357 8.377305
v 0.000000 177.589310 9.874050
v 0.000000 183.434052 0.057042
v 0.000000 182.581833 3.109672
v 0.000000 174.277344 11.229986
v 0.000000 174.194214 -10.558871
v 0.000000 170.854767 -10.200873
v 0.000000 165.374817 -9.512832
v 0.000000 162.894333 -9.747589
v 0.000000 168.027786 -9.531735
v 0.000000 160.499451 10.428242
v 0.000000 162.806656 10.767653
v 0.000000 164.512878 10.991019
v 0.000000 165.932693 11.139461
v 0.000000 166.586090 11.373596
v 0.000000 161.757492 10.577065
v 0.000000 159.523666 9.447399
v 0.000000 163.719559 10.977750
v 0.000000 159.411423 6.968853
v 0.000000 158.571625 5.335976
v 0.000000 157.599396 4.893089
v 0.000000 126.168503 -14.811987
v 0.000000 122.198318 -13.687970
v 0.000000 100.689308 11.195103
v 0.000000 118.146667 13.109035
v 0.000000 118.205093 -12.928466
v 0.000000 107.621284 -13.630458
v 0.000000 134.194778 12.220386
v 0.000000 123.276596 13.376233
v 0.000000 139.934418 11.340025
v 0.000000 143.224091 10.129220
v 0.000000 155.835388 4.116476
v 0.000000 85.810272 6.665557
v 0.000000 84.507202 2.744563
v 0.000000 87.250511 8.719535
v 0.000000 90.528809 9.992138
v 0.000000 95.916168 10.514219
v 0.000000 104.482269 -14.463047
v 0.000000 89.825615 -14.515965
v 0.000000 97.448059 -16.247442
v 0.000000 93.615578 -15.882363
v 0.000000 101.170486 -15.580848
v 0.000000 106.061440 11.822281
v 0.000000 110.842880 -12.963250
v 0.000000 145.104660 -16.581224
v 0.000000 139.581207 -17.288256
v 0.000000 134.776321 -16.581673
v 0.000000 130.333618 -15.842418
v 0.000000 150.654907 -15.175207
v 0.000000 167.281693 11.792742
v 0.000000 170.556290 11.377680
v 0.000000 127.524689 12.858302
v 0.000000 83.700867 -1.559140
v 0.000000 86.488579 -11.788273
v 0.000000 84.449684 -6.790423
v 0.000000 154.656235 -13.548500
v 0.000000 160.414597 -10.510080
v 0.000000 157.980118 -12.253189
v 0.000000 181.180176 5.945887
v 0.000000 175.755310 10.820812
v 0.000000 159.396835 8.101099
v 0.000000 168.205078 12.280430
v 0.000000 168.701691 12.119879
v 0.000000 172.202377 11.252902
v 0.000000 173.122299 11.407104
v 0.000000 180.238556 -8.101519
v 0.000000 177.571243 -9.851511
v 0.000000 183.267609 -3.129422
v 0.000000 182.148514 -5.918049
v 0.000000 153.903412 3.336030
v 0.000000 151.529083 3.920181
v 0.000000 114.361671 -12.734977
v 0.000000 112.055717 11.126721
v 0.000000 146.436356 8.251473
v 0.000000 131.009430 12.435609
v 0.000000 171.372879 11.149691
v -66.539940 101.073997 11.680098
v -67.119438 101.452187 11.387268
v -67.628227 101.602974 10.827516
v -65.512688 99.803650 11.254533
v -66.308647 100.376495 11.644844
v -67.156319 100.878510 9.601243
v -65.648499 99.534851 10.542485
v -66.874771 100.197777 9.567538
v -65.854141 99.679062 9.827780
v -68.639297 97.108345 11.608242
v -68.685364 97.034576 11.200239
v -66.484581 99.010109 11.287594
v -67.046516 99.737152 11.764416
v -66.485634 98.823814 10.694480
v -66.743851 98.902199 10.166945
v -67.547493 99.561340 9.788140
v -67.893974 100.099678 9.869838
v -68.204002 100.569046 10.276127
v -68.269821 100.881355 10.977820
v -67.860519 100.654083 11.552284
v -67.388840 100.255638 11.796959
v -70.838577 97.210312 11.045493
v -68.878983 97.099159 10.872169
v -68.932426 99.849121 10.400900
v -70.186951 98.119911 10.843225
v -70.677040 97.366447 12.316746
v -70.968750 97.434731 11.663583
v -68.103050 99.523003 12.074970
v -70.098938 97.056717 12.572258
v -69.460648 97.918922 12.347724
v -69.037254 97.570450 12.241191
v -71.240479 95.437462 12.824268
v -71.610168 95.626091 12.381711
v -71.847359 94.700974 12.004856
v -72.148628 95.118378 11.989738
v -71.704117 94.900818 11.484295
v -71.948807 95.149948 11.618262
v -71.654808 95.542488 11.492228
v -71.467682 95.369232 11.158488
v -71.703957 94.822670 12.544071
v -72.010551 95.199280 12.475873
v -67.318909 98.461205 11.351966
v -67.726547 99.060249 11.949576
v -68.578522 99.360680 10.039322
v -67.542885 98.395042 10.451081
v -68.196899 98.903786 9.998884
v -67.330482 98.308167 10.856279
v -69.478302 97.451111 10.454665
v -69.970757 98.265938 12.124550
v -69.742706 95.630424 11.474681
v -69.931496 95.637482 11.187298
v -70.582016 95.846748 10.864446
v -71.294014 96.302750 11.176067
v -71.014076 96.069199 10.920990
v -70.154343 95.941772 12.566024
v -70.688400 96.200073 12.753624
v -69.691315 95.696259 11.831774
v -70.967804 95.205795 11.125847
v -71.196838 94.784264 11.459657
v -71.213066 94.545380 11.855572
v -71.008392 94.662338 12.338122
v -70.586845 95.205757 12.542116
v -70.347809 95.127457 11.374413
v -70.212219 95.111885 11.591136
v -70.139038 95.129066 11.857364
v -70.583702 94.891136 11.517396
v -70.527748 94.846275 11.674417
v -70.438736 94.842453 11.839501
v -71.720612 95.638344 11.965358
v -68.609123 99.974556 11.839227
v -68.985847 100.110802 11.146475
v -69.658447 96.758057 12.356444
v -69.297256 96.453888 11.707336
v -69.336197 96.396446 11.379569
v -69.516441 96.425407 11.105507
v -69.852898 97.769981 10.525908
v -70.479019 96.903488 10.716387
v -70.072624 96.647652 10.708873
v -71.461853 96.469162 11.743421
v -71.248154 96.472198 12.450696
v -67.378464 101.070953 7.824465
v -67.513977 101.221062 7.188019
v -65.779198 99.666107 8.116858
v -66.712044 100.198563 8.264306
v -66.500992 100.686546 6.434824
v -65.546509 99.426407 7.419191
v -66.231514 100.169258 6.434798
v -65.526680 99.735191 6.754833
v -68.243088 97.218422 7.652645
v -68.086563 97.115517 7.267331
v -67.582848 97.746086 7.321980
v -67.732964 97.837364 7.697815
v -66.960747 100.773087 8.221166
v -70.241104 96.826317 6.480789
v -67.595894 97.802216 6.888848
v -68.112778 97.184601 6.815990
v -68.049545 98.266426 6.389892
v -68.417053 98.583145 6.389902
v -68.930183 97.912224 6.365236
v -68.813942 98.889503 6.532111
v -69.315598 98.189293 6.543493
v -70.439087 96.881081 7.425255
v -68.293556 99.618851 6.555544
v -69.083611 98.987709 7.655252
v -68.709747 98.668648 7.966060
v -68.188820 99.351768 8.090965
v -70.154625 96.644318 7.822124
v -69.197937 97.982872 7.867579
v -68.831390 97.681816 7.955582
v -68.334625 98.336243 8.022820
v -71.057648 95.487862 7.415467
v -70.645004 96.236618 7.279204
v -70.809006 95.477478 6.358088
v -71.094368 95.265724 6.801867
v -70.994629 95.733398 6.811454
v -70.866402 95.724129 6.547162
v -70.433212 95.950386 6.241545
v -70.560638 96.049026 7.715437
v -70.530167 96.217300 6.538107
v -70.983818 95.787628 7.121303
v -67.192169 98.467148 7.753762
v -67.817177 98.985733 8.102892
v -67.846153 99.256302 6.407144
v -66.998138 98.395447 6.894686
v -67.486816 98.912216 6.424202
v -66.964211 98.280975 7.378605
v -68.594627 97.641045 6.335866
v -69.517632 98.258812 7.533383
v -69.562355 98.338646 6.990591
v -69.074814 95.980736 7.167898
v -69.108391 96.073814 6.683172
v -69.544495 96.377525 6.273523
v -69.884521 96.600777 6.248345
v -69.739815 96.360023 7.868674
v -69.175652 96.017441 7.504769
v -69.913109 95.793480 6.283096
v -70.436752 95.319870 6.380774
v -70.728439 94.969040 6.952144
v -70.473450 95.237854 7.556571
v -70.121712 95.750565 7.766644
v -69.502739 95.611305 6.663055
v -69.475952 95.506416 7.115775
v -69.573296 95.547836 7.396412
v -69.780113 95.315216 6.737004
v -69.812584 95.192955 7.087349
v -69.832451 95.268082 7.292508
v -70.617447 96.246132 6.904016
v -68.620514 99.768112 7.766096
v -69.145470 99.092171 7.026962
v -68.641655 99.855797 7.050858
v -70.442993 96.929558 6.909279
v -65.982452 100.693481 5.005435
v -66.306198 100.917244 4.470524
v -66.245064 101.028481 3.803622
v -65.133644 99.922691 5.095136
v -65.780067 100.266701 5.133241
v -65.397041 100.463646 3.423230
v -64.937904 99.683655 4.612799
v -65.065056 100.140228 3.515631
v -64.849518 99.717888 4.179580
v -66.850021 97.620926 3.655121
v -66.628227 97.583504 3.509156
v -66.673920 99.066856 4.398177
v -67.779144 97.169647 2.246755
v -67.714943 98.333321 2.815665
v -66.495987 97.617592 3.287377
v -66.873383 98.092850 2.479815
v -66.623550 99.605576 2.932209
v -67.311111 98.291237 2.478621
v -68.175545 97.139191 2.788168
v -66.999069 99.326836 4.250453
v -67.630997 97.989357 3.573456
v -67.360695 97.806480 3.708723
v -68.350929 96.579338 2.775092
v -67.797356 96.645355 1.977877
v -68.287819 96.360222 2.220044
v -68.201622 96.843147 2.326015
v -67.976357 96.868309 2.161411
v -67.460136 97.033142 2.095366
v -68.272560 96.823601 2.585010
v -66.129669 98.816429 4.208411
v -66.174759 99.313011 2.942619
v -65.812645 98.762543 3.745543
v -65.845451 99.031204 3.125594
v -65.926956 98.739159 4.013121
v -66.569496 97.877472 2.700775
v -67.803154 98.205902 3.253732
v -67.099503 96.640884 3.125196
v -66.980522 96.683647 2.929006
v -67.104996 96.830200 2.331620
v -67.850800 96.768738 3.243105
v -67.302185 96.658974 3.260808
v -67.409706 96.408333 2.321443
v -67.772362 96.166977 2.564426
v -67.934456 96.370148 2.964047
v -67.165382 96.462807 2.842838
v -67.282951 96.414940 2.959204
v -67.413277 96.455101 3.085012
v -67.200119 99.587868 3.860691
v -67.095581 99.735359 3.278952
v -68.169029 96.946754 3.070242
v -68.038376 97.156708 2.461694
v -67.541016 101.329575 10.118667
v -67.063103 102.375320 10.686839
v -66.995247 102.120560 10.041827
v -66.651573 102.239456 11.238192
v -66.588791 103.154053 10.550938
v -66.541451 102.903206 9.888488
v -66.196991 103.041542 11.157258
v -66.753670 101.838577 9.534101
v -65.640312 103.733025 11.074513
v -66.008041 103.927750 10.397751
v -66.084152 103.582855 9.670668
v -66.425949 102.619606 9.413894
v -67.105240 101.002563 6.646132
v -66.982658 101.881317 7.241408
v -66.659042 101.709076 6.734049
v -66.940002 101.817375 7.842478
v -66.594223 102.609894 7.262323
v -66.272964 102.406624 6.744313
v -66.520180 102.556099 7.884960
v -66.145775 101.505272 6.442487
v -66.101639 103.277229 7.971802
v -66.133682 103.360207 7.285030
v -65.886429 103.087227 6.709288
v -65.895920 102.197021 6.404333
v -65.803009 100.793999 3.487039
v -65.842743 101.595657 4.012623
v -65.404701 101.327362 3.705077
v -65.981903 101.571259 4.639693
v -65.458122 102.170143 4.173229
v -65.012360 101.898270 3.823308
v -65.690178 102.217079 4.774979
v -64.996704 100.995758 3.618851
v -65.417419 102.881943 4.917870
v -65.109596 102.831444 4.293619
v -64.590057 102.493530 3.887823
v -64.556358 101.511818 3.666890
v -56.616249 106.443878 10.662514
v -57.506252 103.025146 7.516484
v -56.142899 104.659912 9.210571
v -59.122265 101.441185 16.495842
v -59.408836 102.099060 16.826300
v -58.815197 101.252808 16.396048
v -57.393944 102.401382 17.003590
v -57.444229 102.943161 15.753821
v -57.335556 102.310928 15.457345
v -57.304142 102.515053 14.855487
v -57.419914 103.156975 15.172369
v -57.172066 103.650017 14.087287
v -57.316875 103.394333 14.629922
v -57.208530 102.692261 14.260756
v -57.037907 102.896690 13.657658
v -57.223019 101.502274 17.306181
v -57.407261 102.098877 17.597790
v -57.241753 101.224129 17.888683
v -57.573990 101.527458 18.551018
v -57.309902 101.014923 18.448202
v -57.706284 100.839249 19.481190
v -57.473068 100.882622 18.992712
v -58.444702 101.139740 16.348289
v -58.430111 102.827309 6.069769
v -59.556408 102.051025 7.148615
v -60.275307 101.714157 6.448751
v -59.649368 102.050911 5.637407
v -58.555466 103.253021 4.581206
v -59.582333 102.306053 4.607916
v -59.067486 103.734413 3.439652
v -60.095753 102.609818 3.587322
v -60.853851 103.711906 2.899955
v -60.008881 104.682343 2.998985
v -60.484482 102.016830 4.134771
v -60.379745 101.852798 4.709839
v -60.468700 101.658920 5.399081
v -60.830536 101.464401 5.967641
v -61.737972 101.403534 4.115521
v -62.426647 101.098312 4.189105
v -61.942551 101.816757 3.523747
v -62.428753 102.490250 3.155721
v -63.634258 101.551117 3.568423
v -63.073402 102.012199 3.393764
v -62.649574 101.455498 3.680144
v -63.283913 101.092247 3.821432
v -63.077568 100.755966 4.252304
v -63.036125 103.230827 3.470551
v -61.762161 104.679810 3.325995
v -60.887932 105.495033 3.447611
v -64.087440 102.058197 3.648350
v -63.579144 102.621185 3.592326
v -65.930550 101.555557 13.731586
v -65.681976 101.696671 14.392406
v -65.194168 102.366173 14.140450
v -65.480690 102.310776 13.490193
v -64.669365 102.050285 14.461299
v -65.182259 101.479355 14.767521
v -64.225403 101.630432 14.558198
v -64.741989 103.153801 14.059791
v -65.190224 103.160950 13.281699
v -64.057800 102.678078 14.324569
v -63.616734 102.147598 14.360843
v -64.275734 100.047127 13.991981
v -64.409851 100.676064 14.717875
v -63.800289 100.604149 13.711850
v -63.946167 101.199432 14.393257
v -65.495979 102.105270 12.830162
v -65.852829 101.156441 13.065835
v -58.958817 101.975891 15.096427
v -59.223122 102.111763 15.222847
v -59.531189 102.336327 14.532005
v -59.247948 102.230400 14.350726
v -60.097176 102.330505 13.921466
v -59.805779 102.182037 13.596221
v -58.816151 102.113106 14.214785
v -58.605133 101.829437 15.020967
v -59.279037 102.014748 13.179615
v -57.569344 102.079727 13.854220
v -57.389076 102.195518 13.162318
v -60.801064 101.750732 8.003946
v -61.154377 101.445488 7.009250
v -58.800682 102.215225 8.021046
v -56.738811 104.666229 6.606225
v -55.979855 105.731644 8.435555
v -57.364075 104.530014 5.514230
v -57.790237 104.727493 4.399943
v -56.263767 105.958359 4.798423
v -56.704372 106.027184 3.841294
v -55.775173 106.082947 5.761922
v -55.312656 106.983253 7.591490
v -58.122894 107.025368 2.882716
v -57.348721 106.398354 3.113811
v -58.920761 107.685623 3.185030
v -59.128674 105.777542 3.139144
v -58.309330 105.098480 3.498602
v -59.946007 106.449028 3.505937
v -61.983032 102.982857 13.972800
v -62.852608 102.632607 14.254382
v -59.405163 102.550194 15.529724
v -59.708572 102.697739 14.885453
v -60.285324 102.731674 14.372381
v -59.272625 102.920204 15.700137
v -59.525898 103.063667 15.003849
v -58.816185 103.339157 15.843499
v -59.033741 103.580544 15.055276
v -57.658451 104.291855 14.374894
v -57.856098 104.042984 14.893582
v -58.498981 101.490097 15.703710
v -58.849083 101.620750 15.771588
v -59.171215 102.735359 16.373669
v -57.362320 102.695335 16.372704
v -57.323360 102.078102 16.075163
v -59.320751 102.340073 16.185675
v -62.611965 102.067764 14.135387
v -60.168396 103.119240 14.421812
v -58.641560 102.475937 17.763819
v -59.058842 101.690620 18.751120
v -58.886806 101.432442 19.186800
v -59.110722 101.129166 17.106712
v -59.032906 100.917427 17.693274
v -59.378819 101.519035 18.037201
v -59.422924 101.809700 17.449009
v -63.264774 103.299065 14.120712
v -64.034782 103.913628 13.770273
v -64.763519 103.998741 12.980938
v -58.005875 103.476891 15.949156
v -57.946499 103.256905 16.628668
v -58.031414 103.758949 15.381317
v -57.979919 102.463661 17.779381
v -57.781906 107.004700 10.881996
v -62.412430 101.441338 13.407306
v -62.356907 101.240952 12.915323
v -63.863899 100.417625 13.218601
v -63.131718 101.023666 13.535478
v -63.125404 100.798515 13.043303
v -64.461922 99.903191 13.491572
v -65.690804 100.498405 12.920523
v -64.853539 100.028030 12.925481
v -66.082909 97.908966 15.326621
v -66.234383 97.801086 15.009718
v -65.846436 98.357033 14.633515
v -65.670242 98.461906 14.981095
v -64.768097 99.522812 14.312298
v -64.864166 100.119202 15.035366
v -64.952499 99.375786 13.856297
v -65.317612 99.417145 13.478675
v -66.086853 99.976219 13.374759
v -66.344810 100.466118 13.578831
v -66.427719 100.871109 14.113737
v -66.174751 101.077835 14.723724
v -65.661530 100.914764 15.143165
v -65.184532 100.536842 15.211002
v -67.452438 99.028259 15.846553
v -66.143845 98.376099 14.368979
v -66.524574 97.835411 14.771764
v -66.831619 98.794083 14.300076
v -67.153442 99.130257 14.476571
v -67.261086 99.489563 14.922928
v -66.881783 100.210243 14.556709
v -66.566376 99.623802 15.907351
v -66.077103 99.289154 15.856663
v -65.624084 99.920258 15.557307
v -66.471436 98.654076 16.192005
v -66.143600 98.345322 15.996450
v -65.762894 98.955803 15.658756
v -64.000954 100.250229 12.626641
v -62.336731 101.112770 12.311479
v -63.172047 100.630585 12.448712
v -61.361240 101.417351 12.328773
v -61.259071 101.287163 11.550732
v -62.384689 101.081734 11.601773
v -63.058811 100.849716 8.065618
v -62.999454 100.706360 7.325353
v -62.970066 100.541069 4.774855
v -64.114189 103.117012 3.982383
v -58.471821 100.646156 18.791998
v -58.554111 100.620163 18.509680
v -58.338707 100.568291 18.502317
v -58.348736 100.604111 18.745651
v -58.162228 100.942406 19.535355
v -58.546162 101.204247 19.500355
v -58.729656 100.724434 17.592142
v -58.791695 100.929031 17.004910
v -58.415024 100.822121 16.952845
v -58.378056 100.634636 17.554441
v -58.353443 100.563553 18.090618
v -58.630817 100.631882 18.117357
v -55.246563 107.458565 8.480731
v -56.074680 105.548264 10.015265
v -55.899723 106.394455 9.245555
v -56.419666 107.144691 9.837772
v -59.666683 108.127777 8.824700
v -60.498466 107.020157 9.705926
v -61.912029 106.512550 7.370952
v -61.422192 106.801064 8.543841
v -60.413628 107.836792 7.703219
v -60.966572 107.407249 6.668270
v -60.091217 108.467979 5.439714
v -59.604286 109.215622 6.781049
v -56.683182 108.856247 9.397476
v -58.946495 109.541946 8.078577
v -55.763199 108.173660 9.105843
v -61.401085 106.963326 6.113435
v -62.098141 106.345009 6.370183
v -61.958332 106.239479 5.346153
v -61.061192 107.124008 5.308288
v -61.518383 105.960869 4.348834
v -60.564556 106.920563 4.294469
v -57.364540 107.802673 10.053405
v -62.226635 100.995628 6.516786
v -62.990231 100.596962 6.626912
v -62.140617 101.174294 7.211569
v -61.449543 101.229164 6.329433
v -62.937187 100.460129 5.366386
v -62.315392 100.858444 5.328867
v -62.969463 100.502121 5.979760
v -62.337742 100.917015 4.756313
v -61.669846 101.197273 4.704147
v -61.632420 101.114304 5.801756
v -61.654968 101.103577 5.278523
v -62.297588 100.899712 5.906127
v -67.755234 96.230591 17.385717
v -67.436714 96.779488 17.186651
v -68.582100 96.104126 16.304392
v -68.472466 95.733330 17.150681
v -68.344429 96.517624 16.898663
v -68.486221 96.490929 16.572601
v -68.443054 96.876106 16.359529
v -67.894669 96.982193 17.009844
v -68.412743 96.570938 15.940271
v -68.063400 96.589508 17.083958
v -57.945850 102.865494 17.248131
v -57.243896 101.792427 16.689608
v -65.300430 99.060287 14.633168
v -65.353508 99.559303 15.312817
v -66.774414 99.784393 14.049950
v -65.766136 98.955139 13.971766
v -66.478394 99.396385 13.851382
v -65.459915 98.936966 14.279498
v -67.175964 98.187729 14.708796
v -67.645096 98.820091 15.291639
v -66.943184 98.952133 16.226336
v -67.923050 96.366730 15.701214
v -67.971092 95.922028 16.022039
v -67.680641 95.614609 16.470058
v -67.349159 96.034149 16.776346
v -67.078094 96.551689 16.749422
v -67.307289 96.313812 15.739113
v -67.103867 96.313629 15.873898
v -66.995392 96.382637 16.094915
v -67.422485 96.074852 15.935671
v -67.295158 96.029556 16.062296
v -67.192001 96.115425 16.199915
v -68.184807 97.007210 16.671873
v -59.143326 101.960365 18.216307
v -59.148987 102.234055 17.645956
v -59.179333 102.511154 17.033697
v -58.673294 102.819641 17.200508
v -58.744804 103.141350 16.560862
v -62.162735 103.795692 13.664179
v -61.832787 102.412994 14.045993
v -61.652733 101.862251 13.352071
v -61.515450 101.640015 12.896999
v -58.022697 102.066292 18.209112
v -58.607853 102.195213 18.296997
v -58.580395 101.989655 18.796404
v -58.021576 101.813828 18.676577
v -57.491131 101.789726 18.118654
v -58.453110 101.818687 19.338303
v -57.926598 101.753204 19.138172
v -58.272842 101.625603 19.675409
v -57.927547 101.426796 19.745741
v -57.471146 101.293243 19.538740
v -57.467403 101.419472 19.025444
v -58.632542 100.731895 18.804394
v -58.320621 100.749199 19.258167
v -58.669464 100.922638 19.203611
v -58.755604 100.744789 18.582277
v -58.959457 101.080986 18.961439
v -58.904350 100.808739 18.207718
v -59.219246 101.280891 18.554420
v -57.816147 100.600319 18.744070
v -58.033810 100.638863 19.090908
v -57.665821 100.631599 18.248581
v -57.537449 100.757736 17.679375
v -57.492264 100.983246 17.057888
v -57.590542 101.593277 15.819585
v -57.514332 101.267281 16.425478
v -57.611416 101.826469 15.177888
v -57.633411 101.988869 14.521358
v -57.524685 104.596901 13.913818
v -63.215286 104.413300 13.206287
v -64.117172 104.482033 12.388360
v -63.104908 100.864510 8.821877
v -63.584385 103.754463 4.053564
v -62.385521 105.172356 4.290414
v -66.122940 102.051613 11.597499
v -65.602661 102.027283 12.131738
v -65.505379 100.748154 12.102500
v -65.577728 101.230446 12.131987
v -64.982811 100.151863 12.042389
v -65.797722 102.856415 11.568786
v -65.282043 102.941002 12.645017
v -65.440384 102.828278 12.057281
v -66.668510 101.685806 8.348033
v -66.506050 101.704323 8.927569
v -66.402863 102.461235 8.401277
v -66.364571 102.505119 8.927381
v -65.655602 102.130669 5.335886
v -65.633163 102.123611 5.902610
v -65.660210 101.464523 5.909791
v -65.789658 101.465439 5.223441
v -65.582649 100.881111 5.961119
v -65.501732 100.605888 5.986353
v -65.073753 100.117096 5.974648
v -64.429214 99.881355 5.991562
v -64.556137 99.775787 6.688624
v -64.335724 100.039993 4.762308
v -64.369118 100.179756 4.332778
v -64.374550 99.961609 5.319808
v -64.658707 100.636124 3.686118
v -64.162018 101.093880 3.653198
v -64.343948 104.393242 11.599484
v -65.306236 104.033836 8.729198
v -65.485352 103.883369 8.142406
v -65.444199 103.961525 7.371978
v -64.674110 103.501320 4.479950
v -65.030617 103.550133 5.251736
v -63.607399 100.044144 5.358891
v -63.624390 100.172760 4.767803
v -63.708122 100.395195 4.278010
v -63.643784 100.090363 6.015830
v -63.712276 100.093056 6.692330
v -64.635468 99.726181 7.426635
v -64.151482 100.139832 11.908000
v -64.405159 99.958176 11.172645
v -64.563080 99.785690 10.422681
v -64.698456 99.736969 9.662242
v -64.713165 99.751640 8.160028
v -64.692986 99.790894 8.905595
v -63.754536 100.121536 7.400633
v -63.810844 100.212883 8.126279
v -63.281857 100.538994 11.751530
v -63.449165 100.431053 11.011071
v -62.503662 101.014809 10.812126
v -63.045349 100.793655 9.479785
v -63.760738 100.213257 9.568229
v -63.828743 100.250572 8.854932
v -62.803692 100.859779 10.097715
v -63.625893 100.284393 10.281988
v -59.084961 101.726372 12.245390
v -58.774323 101.640549 11.358267
v -57.095284 102.376617 12.437966
v -58.384674 101.819382 10.492689
v -57.985394 102.128914 9.663491
v -56.438652 103.194595 10.860872
v -56.744236 102.708298 11.677277
v -56.270096 104.167839 11.634523
v -56.509346 103.611115 12.383141
v -56.785873 103.180084 13.042920
v -56.628036 105.136208 12.351464
v -56.820141 104.478745 12.998914
v -57.010582 103.988487 13.544329
v -57.661346 105.857391 12.893722
v -57.487942 105.122917 13.508728
v -65.625526 99.805779 8.945626
v -66.466980 100.967590 8.967587
v -65.000862 103.625999 12.415659
v -65.164543 103.483047 11.932929
v -65.405922 103.497711 11.492682
v -66.093384 103.262894 9.258351
v -66.092079 103.127289 8.852731
v -66.081596 103.101913 8.434180
v -65.683945 102.807526 6.336021
v -65.533562 102.717567 5.903357
v -65.496391 102.732765 5.433899
v -63.334850 101.673904 14.226946
v -64.858269 104.272713 10.989626
v -65.209503 104.391640 10.213728
v -65.421928 104.141853 9.376985
v -65.064430 103.708336 5.944026
v -65.310272 103.698380 6.590842
v -61.615189 106.097321 10.819391
v -63.005882 105.578644 6.621299
v -63.099380 105.538658 7.880471
v -63.857948 104.967216 6.690703
v -63.962032 104.960892 7.515650
v -62.674747 105.740196 9.338953
v -63.331638 105.223930 10.180896
v -62.830494 105.395630 10.979753
v -62.954659 105.324158 5.438775
v -63.621441 104.888832 11.282232
v -64.042953 104.782112 10.606130
v -64.139481 104.151588 4.641838
v -64.585999 104.364197 6.678713
v -64.688797 104.456398 7.429320
v -65.034859 103.923264 11.424054
v -64.817459 103.974823 11.777661
v -64.676788 104.060097 12.175406
v -65.470406 103.252136 6.275625
v -65.341194 103.191818 5.536732
v -65.367683 103.225845 5.916780
v -65.769691 103.683731 9.130413
v -65.741730 103.608131 8.780713
v -65.774422 103.534004 8.454671
v -63.257572 104.975258 12.000355
v -62.689148 105.323677 11.650741
v -61.892845 105.454590 11.935974
v -66.331383 100.534721 8.967771
v -63.776138 104.794014 5.939630
v -64.438095 104.245827 5.994641
v -64.389992 104.163300 5.371441
v -64.187096 104.794693 8.010942
v -63.909004 104.997169 8.435179
v -64.728775 104.418213 8.052718
v -64.616722 104.534439 8.625877
v -64.557655 104.676262 9.299039
v -64.412468 104.765656 9.989046
v -63.829254 105.055298 9.802208
v -63.753391 105.145988 9.222249
v -59.707073 101.872025 8.714522
v -60.410210 101.572624 9.564245
v -60.738148 105.400146 12.593834
v -58.402420 104.567039 14.276877
v -59.886524 103.662346 14.362505
v -61.382607 101.624664 9.068254
v -61.195641 101.316307 10.511805
v -61.994503 101.326469 9.780030
v -66.161003 100.346458 15.591682
v -67.080978 99.716003 15.486047
v -66.680489 100.438316 15.132866
v -67.497139 98.483170 14.879770
v -59.522274 104.249046 14.125225
v -61.466438 104.662827 13.166863
v -62.466648 104.885338 12.582068
v -58.736080 104.138000 14.611245
v -62.126869 101.416618 8.017200
v -62.334854 101.394867 8.848453
v -62.481682 101.212952 9.391732
v -64.729500 101.093811 14.858095
v -59.122692 101.790825 15.873644
v -70.256180 98.333931 11.474040
v -28.445684 4.291657 14.796997
v -27.487078 5.168006 11.596245
v -29.299522 5.096311 10.125490
v -30.395411 4.157735 12.805001
v -27.923368 7.752344 5.440343
v -26.114452 7.915378 6.645027
v -31.696793 2.703403 15.260859
v -29.338825 3.406848 17.844307
v -25.981224 3.885418 15.687147
v -26.965891 2.966601 18.452875
v -30.055716 2.062316 19.690992
v -27.558174 2.168165 20.520178
v -32.361603 1.515244 16.298365
v -33.583961 2.416098 11.046137
v -33.860855 1.361460 11.434526
v -32.938984 2.832303 9.360869
v -33.420837 1.741520 9.076520
v -31.961746 3.335111 6.834427
v -32.819466 2.221928 6.201236
v -29.493288 5.047929 1.382146
v -30.073416 3.164843 0.714399
v -28.203136 7.039371 -1.661051
v -28.927349 3.817866 -2.185609
v -27.123686 9.060649 3.635339
v -25.564386 9.142181 4.498500
v -25.910398 11.547735 1.679038
v -27.263914 10.851309 -2.756434
v -24.558296 11.385200 1.995595
v -26.096745 10.921985 -5.801293
v -24.497402 7.893382 -8.132247
v -24.233994 11.070117 -7.500340
v -24.672773 4.845170 -8.735731
v -20.993444 11.095358 -5.913340
v -20.822548 8.080228 -6.288104
v -20.505615 5.211403 -6.675256
v -22.044796 7.336080 1.163570
v -22.820414 6.210952 4.117714
v -22.353214 4.327560 3.975721
v -23.029785 10.277302 0.920742
v -23.804461 8.177373 4.247491
v -24.363750 6.829024 7.076627
v -23.352491 5.131273 7.182921
v -23.896950 14.539299 0.734868
v -25.254391 14.722911 0.594961
v -26.453323 14.363064 -3.628748
v -25.439901 14.281973 -6.009301
v -23.804897 14.269552 -7.366185
v -20.824560 14.219176 -5.794067
v -22.603411 14.155823 -0.376141
v -21.509607 4.988788 1.089422
v -22.857668 3.441596 7.040538
v -25.301916 5.055800 12.681922
v -27.619680 -0.026128 18.872478
v -23.179863 2.011015 12.848869
v -27.284506 0.740772 20.445469
v -25.605469 2.536411 18.511953
v -24.774670 2.760793 15.838090
v -23.915201 3.510252 12.970124
v -32.883911 0.667242 6.065428
v -30.597298 1.485101 0.604485
v -33.340183 0.382230 9.002166
v -29.459827 1.678138 -2.415731
v -24.758806 2.036879 -8.761103
v -24.235851 28.927483 0.215305
v -22.098900 28.499582 1.065015
v -20.230988 43.699032 2.836641
v -22.687813 44.552654 1.799974
v -17.299374 43.494102 1.669446
v -24.656130 21.606760 -0.090878
v -22.920490 21.347094 0.515784
v -25.978729 21.495909 -4.971549
v -26.039276 28.980301 -5.898229
v -24.920031 46.158798 -5.497208
v -24.743958 21.200096 -6.955512
v -22.919563 20.853678 -8.405060
v -19.760946 20.711929 -6.031443
v -21.303862 21.092659 -0.627544
v -19.726145 28.081493 0.144183
v -17.530245 27.513130 -6.584775
v -12.491157 43.828720 -6.257052
v -21.696547 27.923433 -9.944880
v -24.462240 28.518831 -8.455209
v -18.300068 45.510269 -10.470644
v -22.615519 46.343170 -9.256289
v -23.797331 36.706188 1.054786
v -26.341703 37.322388 -6.455016
v -24.533785 36.900822 -10.297711
v -20.150230 36.179333 -11.903521
v -13.635518 34.954205 -7.342928
v -18.088161 35.624748 1.335320
v -21.166758 36.140022 2.178958
v -6.803741 174.228470 5.531698
v -5.471584 172.725250 9.235254
v -5.551465 171.856415 8.707323
v -7.082916 172.512100 5.139424
v -7.203533 170.799072 4.934446
v -5.438427 170.836502 8.385716
v -6.732214 167.806824 5.261878
v -8.392257 170.417343 -1.626400
v -7.032886 165.431564 -0.011972
v -8.538965 173.207443 -1.887090
v -5.600657 162.272888 3.264358
v -5.881446 165.767517 6.406977
v -5.354404 169.697708 8.501609
v -4.123149 168.499435 9.435654
v -1.521497 170.256104 10.128498
v -1.511956 171.427704 10.378502
v -4.446412 171.504150 9.508800
v -2.584230 167.861084 10.131437
v -0.681964 167.204178 11.516582
v -6.115767 169.605621 7.616086
v -4.400225 167.845810 9.237406
v -6.380711 168.279709 6.522981
v -6.774529 170.829758 6.531742
v -6.636467 172.266205 6.761686
v -6.454177 173.698471 7.218474
v -2.055803 177.567902 9.762298
v -8.217993 175.828995 -1.533731
v -2.992091 182.216965 3.025893
v -7.802442 175.270248 1.058840
v -1.558517 174.173111 11.180791
v -2.353631 179.251801 8.060658
v -3.189082 183.034195 0.036599
v -6.352216 163.342560 4.420575
v -7.157626 166.242294 1.793507
v -8.186998 170.570221 0.751529
v -8.113593 172.968246 0.731160
v -7.272358 173.566086 -6.381109
v -6.909018 170.576645 -6.090662
v -3.424251 170.829742 -9.493134
v -6.241791 164.845840 -5.128097
v -3.438383 165.366943 -8.862210
v -6.665227 162.360367 -5.104896
v -3.915847 162.919006 -9.179832
v -6.692664 169.444199 6.476799
v -7.105797 169.184265 5.001086
v -7.750431 168.302765 1.127821
v -7.777284 167.844315 -1.001724
v -6.404434 167.704163 -5.564379
v -7.600631 178.101120 -0.930058
v -7.308331 177.431076 1.618801
v -6.357205 175.865128 6.144473
v -5.888382 175.030792 7.820913
v -4.929446 173.495605 9.767859
v -4.060524 174.000656 10.279757
v -4.992470 176.157059 8.486784
v -5.444226 177.282608 6.779852
v -6.477017 179.419327 2.244091
v -6.570204 179.999237 -0.401675
v -5.342030 165.102386 7.163032
v -4.093216 162.180557 8.195896
v -2.495719 161.181381 9.610220
v -2.327096 162.839188 9.979383
v -2.911761 167.121902 9.948071
v -4.129998 164.435242 8.804170
v -2.354703 163.755615 10.126577
v -2.379176 164.765488 10.205876
v -1.386892 166.238052 10.640761
v -1.079449 166.606949 10.933756
v -1.442872 170.812576 10.212739
v -1.863392 167.667084 10.628901
v -1.348793 167.723267 11.328146
v -1.870229 166.828186 10.230566
v -1.251331 167.066605 11.011385
v -2.135147 168.774643 10.173467
v -2.226618 169.511002 9.914329
v -4.876197 166.642975 8.420622
v -3.667832 165.819168 9.396954
v -3.024144 165.423004 9.815940
v -3.246614 162.713898 9.278517
v -2.329188 162.006104 9.866906
v -3.505800 160.624496 7.429874
v -2.635383 160.381454 9.264685
v -1.281503 161.850769 10.317192
v -1.452748 160.805313 10.148194
v -1.609801 159.813049 9.445999
v -1.857544 159.829834 7.044539
v -2.685489 160.114578 4.125003
v -8.646007 173.401184 -4.345488
v -8.179983 170.349640 -4.038406
v -7.512234 167.465561 -3.273946
v -7.130581 164.227310 -2.175092
v -7.169915 161.581406 -2.610905
v -4.588045 161.093506 2.135594
v -4.848637 159.123810 1.591537
v -2.669877 158.263916 3.227788
v -3.939988 137.282761 14.019075
v -4.503648 131.162811 12.496000
v -9.256544 131.779480 11.657895
v -9.602042 128.000977 10.826022
v -14.193302 133.173843 9.793398
v -15.215024 128.956512 7.346005
v -18.080412 137.020569 6.757952
v -17.432386 133.930756 3.227722
v -8.882092 134.421066 13.363452
v -12.751819 135.894684 11.973950
v -15.322063 138.892212 10.272842
v -28.316404 130.143326 1.417878
v -34.857750 137.671249 -4.131542
v -39.099495 131.238022 -3.547148
v -34.040771 125.751831 0.926007
v -35.043049 137.545364 -6.831449
v -39.313686 130.985657 -5.529640
v -36.985672 127.652779 -10.100494
v -32.133942 133.498871 -11.844320
v -35.906914 125.416649 -10.094648
v -30.096054 130.868500 -12.656609
v -27.636728 128.627045 -5.855393
v -33.081299 124.217613 -5.371834
v -31.076408 127.779068 1.321762
v -30.186298 126.519844 -5.606894
v -33.019268 128.148773 -11.338126
v -34.652340 130.417160 -10.662788
v -37.271603 134.200943 -6.237978
v -37.016171 134.361664 -3.913755
v -47.912575 123.990013 -3.142707
v -47.976082 124.816246 -0.999251
v -45.403355 119.784363 -6.994328
v -43.866680 118.201279 -7.297889
v -45.310570 127.409584 -2.083428
v -45.362984 126.658089 -4.383316
v -42.738888 121.984497 -8.186099
v -40.732700 120.867577 -8.427042
v -55.441742 114.018898 2.352527
v -55.367165 114.513107 3.704313
v -9.384724 123.422997 10.950499
v -13.774527 123.245552 7.845645
v -19.610527 124.502144 -7.137565
v -17.867353 120.544220 -6.458862
v -17.299828 124.625603 -12.120943
v -15.728366 120.525688 -11.003198
v -12.299676 125.048607 -15.228627
v -6.529232 125.590591 -16.079937
v -6.108751 121.479340 -14.889257
v -12.788924 103.498383 6.233933
v -12.320593 118.473572 7.179188
v -15.464694 106.684525 -5.167607
v -16.422285 117.029320 -5.806271
v -10.757514 117.239044 -12.938385
v -44.409187 123.028305 4.171627
v -52.759876 113.710556 6.853663
v -50.901108 109.863022 2.737552
v -40.351376 115.764854 -2.711601
v -54.102898 111.420197 -0.159497
v -53.181454 110.433472 -0.146038
v -25.733624 132.607010 1.221350
v -27.292717 134.649643 2.472346
v -29.980240 132.198090 2.591992
v -32.713764 129.765793 2.336070
v -35.465527 127.548096 1.848855
v -32.140472 140.589432 -4.185384
v -20.664234 141.658508 6.895876
v -16.910131 143.018829 8.943992
v -32.362068 140.620148 -7.058424
v -29.943277 143.327744 -0.316325
v -30.536674 144.314865 -3.720378
v -4.759606 127.685944 13.129346
v -4.243597 134.033737 13.830463
v -4.828828 123.359718 13.400603
v -3.808881 149.904831 6.092847
v -8.318295 137.449570 13.627190
v -11.184190 137.701843 12.673973
v -12.053418 140.127975 11.621108
v -8.327567 140.481720 12.593256
v -3.987851 140.531433 12.856461
v -3.992364 143.937317 11.260546
v -8.453865 143.977020 10.800451
v -12.767902 143.810440 10.100361
v -3.081955 156.334610 3.154643
v -5.358128 157.149582 1.489625
v -7.962375 150.746582 5.007065
v -22.814337 134.630203 0.825626
v -24.674351 136.760742 2.513742
v -26.417328 139.091202 2.709719
v -18.578066 151.749237 2.729500
v -23.547485 149.921021 1.942673
v -29.568478 143.857925 -6.928208
v -24.266253 152.291504 -2.657674
v -19.007893 153.271683 -2.329303
v -23.227613 151.576813 -7.548894
v -18.665213 153.800995 -6.777445
v -13.896435 150.841461 -13.908237
v -20.139381 147.450165 -12.704086
v -20.608160 128.703903 -7.437840
v -23.858055 133.054611 -6.386511
v -25.652779 130.798721 -5.995053
v -10.333370 94.270554 7.668059
v -12.091456 90.324959 8.217093
v -4.790521 90.428017 8.760758
v -3.864217 84.854134 5.171619
v -2.356534 86.520378 7.176770
v -2.232795 83.520119 2.566498
v -1.633234 85.415627 5.449806
v -7.039188 87.350449 7.792871
v -5.238842 96.345268 9.817361
v -9.595286 98.105118 7.900548
v -12.808617 99.908752 5.626928
v -14.011030 96.339081 6.017673
v -16.106352 103.103958 -5.316024
v -16.324200 99.038055 -5.405163
v -15.806537 92.127510 6.457658
v -1.472070 81.722244 -2.161405
v -2.428291 79.713936 1.792086
v -1.882470 78.730560 -2.697133
v -4.186482 81.175430 5.310579
v -8.070232 83.223206 8.502667
v -13.676112 85.388718 8.822334
v -17.593954 86.661194 6.637355
v -17.152449 94.256645 -5.812958
v -18.347055 87.744331 -7.006763
v -4.717114 168.972946 9.058845
v -5.003398 168.254608 8.807017
v -4.365060 170.929092 9.359317
v -3.321343 163.617340 9.382892
v -6.174368 164.694992 5.464684
v -6.994958 167.106766 3.710866
v -6.914557 176.703140 4.052586
v -17.880487 61.177605 7.404283
v -16.021286 72.964081 9.209148
v -20.093582 74.151154 6.495744
v -21.006012 61.933002 5.314743
v -13.330998 59.974728 6.736875
v -10.560685 71.406052 8.511929
v -4.854111 69.537445 -3.611757
v -8.473919 59.757423 -4.096823
v -21.110735 63.030060 -4.661845
v -18.122705 62.188541 -7.821557
v -14.014548 61.075386 -9.009587
v -10.832040 70.795273 -11.270096
v -16.627377 72.618660 -10.311649
v -20.462633 74.221794 -6.147203
v -13.374697 83.216919 -11.017357
v -7.532567 80.582626 -10.795153
v -11.898696 65.553474 7.652056
v -6.709542 64.549789 -3.869330
v -12.440738 65.547813 -10.546742
v -20.985769 68.362991 -5.213072
v -20.614397 67.864120 5.953795
v -16.910967 66.856247 8.378587
v -15.343695 50.545002 3.928494
v -11.505841 51.325901 -4.909750
v -16.305416 52.977547 -8.391955
v -22.880219 53.970726 -4.431800
v -22.145628 52.369125 3.333527
v -19.728014 50.906860 5.936861
v -23.328331 40.668930 1.442240
v -26.005295 41.871239 -6.228796
v -23.968594 41.807037 -10.292269
v -19.282127 41.065639 -11.886625
v -12.528393 39.520077 -7.036588
v -17.554159 39.597370 1.631775
v -20.675522 40.039837 2.586178
v -21.593840 32.249916 1.619183
v -18.840229 31.750013 0.784328
v -15.698984 31.045130 -6.964870
v -20.912748 31.804230 -10.884316
v -26.119762 33.027435 -6.224549
v -24.031216 32.757233 0.616512
v -22.541180 24.870741 0.695382
v -24.444441 25.208117 -0.086449
v -25.917780 25.163597 -5.450498
v -24.540956 24.793146 -7.611008
v -22.361633 24.309603 -9.125324
v -18.859877 24.086075 -6.271262
v -20.561621 24.548040 -0.322184
v -23.331888 17.908569 0.423752
v -21.981522 17.662209 -0.693952
v -20.405327 17.423843 -5.857917
v -23.387545 17.528307 -7.736901
v -26.247089 17.924284 -4.350487
v -24.938684 18.112926 0.151906
v -14.966734 79.330482 9.257572
v -19.005257 80.520065 6.619380
v -19.563551 80.641129 -6.771583
v -15.162225 78.205467 -10.712568
v -9.013219 75.929764 -11.376119
v -2.894425 74.432838 -3.309262
v -9.234496 77.457520 8.930497
v -22.041780 4.989064 -8.840297
v -22.077534 8.106637 -8.294621
v -21.963020 11.153258 -7.786613
v -21.672783 14.208119 -7.607572
v -21.171419 17.338726 -7.722195
v -20.549501 20.608660 -7.990934
v -19.780256 23.999880 -8.391400
v -18.807392 27.515308 -8.962337
v -17.490194 31.227900 -9.703341
v -15.740773 35.295929 -10.672855
v -14.764727 40.142147 -10.434437
v -14.294621 44.657024 -9.412926
v -13.567275 52.141560 -6.888537
v -10.481087 60.302979 -7.167000
v -8.367908 64.787781 -7.722448
v -6.435320 69.679642 -7.934563
v -4.606768 74.590851 -7.834361
v -3.126446 78.846420 -7.668010
v -27.862398 1.930001 -6.215948
v -27.418468 4.376883 -5.941598
v -26.786907 7.579053 -5.691367
v -25.031023 17.704699 -6.418688
v -24.513613 32.489609 -9.405809
v -19.840803 53.611752 -6.880623
v -17.846407 67.095001 -9.349681
v -14.549408 95.538864 -10.280468
v -14.791937 90.697769 -11.980877
v -11.018745 86.454247 -13.249362
v -4.988279 84.509193 -12.251451
v -14.370234 99.896484 -9.753995
v -14.192221 103.841125 -9.544733
v -11.305668 100.781036 -13.923561
v -9.436914 102.272339 8.745263
v -8.608789 118.706917 10.013231
v -4.755115 118.407196 12.737954
v -5.153113 101.239540 10.465338
v -13.371504 107.211357 -8.952595
v -14.545617 116.971840 -10.029516
v -5.601655 107.910072 -13.959821
v -5.895699 117.885765 -13.436504
v -5.883771 104.754845 -15.071521
v -4.889215 88.616814 -15.919398
v -9.398828 89.018417 -15.408932
v -10.788470 92.512878 -15.395197
v -11.385691 96.760933 -14.497547
v -6.156960 97.259163 -16.995239
v -5.623129 93.070229 -17.093742
v -6.244591 101.219215 -16.248211
v -11.486768 120.844444 -14.059971
v -10.061791 107.636543 -12.032109
v -10.754793 104.508904 -13.045817
v -5.143631 106.552620 11.319833
v -9.062882 107.191040 8.942749
v -12.508039 108.231117 6.562328
v -15.475964 110.147820 -5.216544
v -13.622652 110.414635 -9.188502
v -9.910130 110.791344 -11.693871
v -5.456653 110.964294 -13.024355
v -2.201434 82.175591 -7.282993
v -24.931112 1.095089 5.130112
v -26.339214 -0.055436 10.120371
v -28.842682 -0.212881 1.844725
v -30.731966 -0.103639 6.890412
v -31.485010 -0.299118 9.233685
v -31.908558 -0.290338 10.789992
v -33.420933 0.209404 11.649862
v -32.116848 0.269888 16.140192
v -29.880342 0.322561 13.401166
v -28.172806 0.344120 15.063234
v -29.862120 0.329571 19.322931
v -30.002163 0.035754 1.063712
v -31.744965 -0.035837 6.427706
v -32.398899 -0.229175 9.059940
v -32.759220 -0.209367 11.426184
v -31.198530 -0.015357 15.195008
v -29.213200 0.086661 17.896873
v -27.264217 -0.398179 12.688120
v -25.895664 0.766295 4.305777
v -27.742865 0.376785 9.149817
v -28.742834 -0.236136 11.393942
v -24.016596 1.576916 5.908514
v -24.621788 -0.283385 11.182231
v -25.507359 -0.187526 14.112145
v -26.273220 0.249220 16.751377
v -23.245955 2.278889 6.584428
v -23.266901 0.645914 12.052101
v -22.243637 2.057340 -8.709003
v -20.305233 2.347972 -6.746761
v -21.476746 3.054918 0.774969
v -22.507101 2.795722 3.655093
v -24.894802 136.130234 -12.389219
v -26.461422 138.978058 -13.071491
v -13.490320 145.137192 -17.006760
v -13.047854 139.392868 -17.843245
v -33.505848 124.242874 -7.129701
v -30.317064 126.265434 -7.750418
v -27.484718 128.423676 -8.246068
v -18.758516 129.762238 -12.514804
v -23.808989 132.970398 -8.563601
v -24.050985 134.035446 -10.659949
v -18.102694 134.279175 -14.407403
v -18.833904 138.447937 -16.210163
v -19.239901 143.430847 -15.345925
v -25.392078 130.742599 -8.451064
v -27.397070 133.706207 -12.785763
v -29.331678 136.493698 -12.588175
v -34.305939 124.395836 -8.842419
v -31.158749 126.494125 -9.998987
v -28.124451 128.990829 -10.799281
v -25.851786 131.633560 -10.923168
v -12.965751 134.492981 -16.498735
v -12.921010 129.737335 -15.999692
v -6.793537 145.394485 -18.064791
v -6.746502 139.701538 -18.277880
v -6.728789 134.673172 -17.497435
v -6.744980 130.061264 -16.715466
v -28.093435 141.612946 -11.594001
v -31.361786 138.988251 -11.425275
v -33.939819 135.634109 -10.680503
v -36.040123 132.070511 -9.575450
v -38.468597 128.660873 -8.776104
v -43.297123 123.936935 -7.388671
v -46.495014 121.462967 -6.238102
v -54.789089 112.435616 0.356468
v -36.853245 129.305801 1.477821
v -34.433586 131.779053 2.010942
v -31.801062 134.363251 2.331243
v -29.077963 136.776627 2.406641
v -38.602531 131.042068 -1.633888
v -36.501522 134.059296 -1.637150
v -34.180138 137.111389 -1.557779
v -31.398870 139.827515 -1.489887
v -6.833852 151.025955 -16.454693
v -12.844804 152.173279 2.727936
v -14.727132 154.819077 -1.919387
v -15.197332 156.308105 -5.995277
v -10.746615 155.349396 -12.529898
v -5.791386 155.193954 -14.302131
v -19.868172 2.768739 -4.184624
v -20.365198 5.306535 -4.137098
v -20.490353 8.057509 -3.956397
v -20.250677 11.024025 -3.896742
v -20.336208 14.198725 -3.918295
v -20.037222 17.444595 -4.005599
v -19.488832 20.769775 -4.087252
v -18.630783 24.162947 -4.128401
v -17.330486 27.603447 -4.108247
v -15.611280 31.127527 -3.972474
v -13.929408 34.973244 -3.670318
v -12.934364 39.231838 -3.313224
v -12.886360 43.409935 -3.005343
v -11.374583 50.814690 -1.792652
v -8.526817 59.564384 -0.352013
v -6.731339 64.519333 0.147573
v -4.721048 69.601654 0.717004
v -2.987722 74.749435 1.302292
v -4.739625 75.756721 5.831193
v -6.268807 70.069374 5.365687
v -8.201040 64.698441 4.458688
v -9.940734 59.533085 3.467534
v -12.886491 50.649826 1.241060
v -14.369657 43.292355 -0.011328
v -14.513421 39.256962 -0.063074
v -15.339105 35.128582 -0.507178
v -16.532335 31.271273 -1.119803
v -17.942257 27.721754 -1.671780
v -19.113335 24.272602 -1.974085
v -20.026495 20.886080 -2.124058
v -20.700655 17.529200 -2.114322
v -21.069784 14.176323 -1.878848
v -21.023314 10.875748 -1.369305
v -20.954649 7.860851 -1.479469
v -20.848280 5.275462 -1.631499
v -20.556160 3.034692 -1.825480
v -47.342094 124.998558 1.280908
v -54.855495 114.648155 5.115842
v -44.634823 127.485008 0.196475
v -41.849804 125.212898 2.757106
v -51.804424 112.789116 6.570387
v -42.914749 121.271240 3.721646
v -40.488270 123.508392 2.412770
v -39.374287 121.883003 1.365170
v -41.729874 119.599411 2.707866
v -51.158791 111.935555 5.905918
v -37.562340 118.151894 -4.068759
v -38.283466 118.453506 -5.941397
v -39.416096 119.352142 -7.464228
v -52.191311 109.755478 0.475671
v -42.255474 116.716553 -6.412514
v -51.401405 109.620720 1.543054
v -41.064861 115.889854 -4.739108
v -3.481212 152.009384 3.852565
v -6.558719 152.230225 1.874846
v -9.640837 153.545227 -0.478121
v -11.577460 156.478287 -2.247910
v -6.897022 158.243011 -0.639483
v -7.626851 159.388931 -2.921333
v -6.342090 166.656830 5.744488
v -6.926606 164.452972 2.922306
v -6.444544 163.572861 1.594810
v -6.410614 162.160309 0.367638
v -6.655006 160.266724 -0.193238
v -7.562222 160.216064 -5.218827
v -12.053530 157.943130 -5.517686
v -8.592406 157.735428 -10.663119
v -3.619247 174.040726 -9.840923
v -3.301448 167.986710 -8.915247
v -4.958916 160.393188 -9.969911
v -5.033365 157.926331 -11.840148
v -4.189246 163.464554 8.489238
v -6.689562 165.700073 4.502949
v -7.447069 168.790298 3.168408
v -7.699922 170.729324 2.966461
v -7.639451 172.760971 3.065911
v -7.341980 174.759613 3.435305
v -6.021941 178.450699 4.726162
v -2.654687 180.870605 5.797719
v -5.532465 164.013535 6.445996
v -5.514115 162.657196 5.705772
v -4.506808 161.358902 4.824825
v -1.804954 175.820419 10.689593
v -4.499409 175.023026 9.607560
v -5.385326 174.217529 8.999885
v -6.006146 173.188660 8.470391
v -6.160867 172.029343 7.960142
v -6.169660 170.821182 7.695942
v -5.971100 168.548706 7.542142
v -5.741364 167.754700 7.624915
v -5.374361 167.157593 7.951931
v -3.069368 160.389252 8.472445
v -3.331262 161.511398 8.972116
v -3.038219 162.106369 9.409801
v -3.366950 164.466827 9.523129
v -3.488335 165.021835 9.515063
v -3.987010 165.190598 9.074224
v -5.115875 165.959885 7.829793
v -5.615873 166.561935 7.255785
v -6.027690 167.319809 6.794043
v -0.635448 166.575226 11.266462
v -0.769980 165.987640 11.037907
v -1.188305 164.564682 10.863197
v -1.251295 163.737579 10.749328
v -1.246625 162.821350 10.511934
v -1.687877 159.669601 8.156145
v -0.781011 167.927216 11.844829
v -1.447063 168.434006 10.609924
v -1.827337 172.121796 10.734158
v -3.401157 172.409851 10.537447
v -4.033463 172.285828 10.166265
v -4.403122 171.990738 9.795490
v -4.213067 170.362747 9.361563
v -3.940336 169.920242 9.471923
v -3.482169 169.653244 9.607891
v -1.844388 173.025787 11.152143
v -3.699083 173.126724 10.617208
v -4.483236 172.878799 10.165379
v -4.961345 172.389969 9.629185
v -4.992018 171.688492 9.178932
v -4.880730 170.902100 8.976403
v -4.718976 170.113907 9.033596
v -4.324576 169.512482 9.298349
v -3.741470 169.115997 9.555656
v -3.234341 182.995087 -3.054604
v -6.363101 180.204330 -2.790791
v -7.312928 178.502258 -3.346947
v -8.033429 176.199554 -3.978639
v -7.079431 176.489731 -6.071127
v -3.482224 177.233810 -9.010082
v -3.153261 179.717026 -7.466016
v -6.456074 178.769073 -5.277975
v -3.086786 181.563263 -5.495989
v -5.958763 180.049179 -4.437803
v -3.335069 154.293594 3.432567
v -5.775926 154.935822 1.262632
v -7.755086 156.079865 -0.879948
v -9.403996 157.955414 -2.624116
v -9.498285 158.867142 -5.352874
v -7.518740 159.199448 -9.473729
v -21.483339 138.350708 2.882880
v -23.909910 140.686874 4.579886
v -27.620741 146.954758 1.034273
v -28.460503 148.690567 -3.300379
v -27.221994 147.959259 -7.533123
v -24.536697 144.368164 -12.222140
v -23.164030 141.200699 -13.347665
v -21.889875 137.762527 -13.173955
v -20.951056 135.104202 -11.373622
v -20.811226 132.552963 -9.532336
v -21.118784 132.217850 -6.960546
v -20.650002 136.339844 0.491470
v -18.583761 56.364655 6.226893
v -20.918390 56.295654 4.290534
v -21.756363 58.262318 -4.347303
v -18.755829 57.743614 -6.852527
v -15.148558 56.867558 -8.227101
v -12.234816 56.128597 -6.744329
v -10.176021 55.370323 -4.411408
v -10.228472 54.988991 -1.062564
v -11.632799 54.755852 2.342390
v -14.941191 54.690845 5.588421
v -16.955627 47.344593 2.634728
v -14.189968 47.088543 0.277671
v -12.835766 47.249882 -2.547260
v -12.686349 47.672752 -5.406089
v -14.199736 48.437832 -7.933655
v -17.339109 49.355747 -9.180044
v -21.080059 49.892281 -7.655767
v -23.529100 49.927471 -4.447817
v -22.355721 48.369858 2.876980
v -20.028595 46.802574 3.740528
v -21.435125 51.592049 5.019293
v -19.253399 53.434196 6.095132
v -17.704203 50.564392 5.426952
v -20.011869 48.633118 5.028378
v -20.644758 53.766342 5.192083
v -17.476933 52.846275 5.963827
v -18.233652 48.666679 4.591977
v -21.700977 49.329720 4.593779
v -4.809614 112.691498 11.568158
v -8.468226 113.165779 9.054251
v -11.813507 113.416817 6.436327
v -15.609472 113.606628 -5.422698
v -13.975636 113.635155 -9.459043
v -10.237965 113.938622 -12.188616
v -5.591050 114.344955 -12.879910
v -50.823719 111.131454 4.976502
v -40.790802 117.933517 1.301057
v -38.147991 120.236931 0.137623
v -33.058460 124.604317 -1.111485
v -29.950506 126.418594 -0.868454
v -27.326981 128.763794 -0.855721
v -25.152395 131.241547 -1.117992
v -23.179079 134.468643 -2.466510
v -20.551495 135.096405 -2.324156
v -19.429821 132.368347 0.008032
v -17.864426 126.843170 2.356774
v -16.027813 122.248909 2.989536
v -14.301115 118.013123 2.812041
v -14.263302 113.491402 2.839571
v -14.888182 109.113258 3.055572
v -15.533460 104.965134 3.212838
v -15.289148 101.368683 2.764650
v -16.193050 97.567482 2.804306
v -17.826868 93.193535 2.798766
v -19.710119 87.511841 2.636236
v -21.109583 81.252289 2.576911
v -22.016161 74.755013 2.511110
v -22.248466 68.492661 2.312001
v -22.169592 62.732811 1.959612
v -22.659481 57.590050 1.604611
v -23.234768 53.196930 1.004205
v -23.185211 49.123882 0.250754
v -23.793114 45.227146 -0.380434
v -24.318291 41.162102 -0.806261
v -24.693089 37.084839 -1.179331
v -24.991508 33.066750 -1.436453
v -25.405798 29.152880 -1.481569
v -25.552109 25.357227 -1.564276
v -25.599941 21.699837 -1.435767
v -25.787363 18.111038 -1.089627
v -26.090012 14.611840 -0.419146
v -26.738197 11.308614 0.709374
v -27.821255 8.497965 2.287444
v -28.727411 7.020144 3.989169
v -30.451891 4.664171 8.773740
v -31.540197 3.838272 11.232974
v -32.492523 2.608841 13.199210
v -33.066639 1.242156 14.273955
v -32.749374 0.276645 14.355895
v -31.920391 0.002711 13.677807
v -30.782272 0.164481 12.249599
v -29.834661 -0.200677 10.418534
v -28.888863 0.371897 8.222026
v -26.833870 0.492427 3.440125
v -68.284210 97.488274 15.989637
v -68.105927 97.673157 16.507042
v -67.629997 97.644409 16.876549
v -67.107185 97.397415 16.874489
v -66.790665 97.133644 16.569120
v -66.731407 96.827454 15.893642
v -66.867851 96.746529 15.635397
v -67.108818 96.749550 15.450170
v -67.768684 96.925430 15.358639
v -68.135468 97.180351 15.565953
v -69.235130 98.592491 10.253599
v -69.611824 99.030495 10.611417
v -69.578644 99.210960 11.303602
v -69.333641 99.161476 11.988766
v -68.784866 98.744041 12.240253
v -68.398079 98.333946 12.097568
v -68.104210 97.870094 11.420623
v -68.124481 97.779587 11.063290
v -68.278664 97.821869 10.720748
v -68.842880 98.197701 10.193466
v -68.011765 98.174500 15.678960
v -67.840851 97.830513 15.220801
v -67.498245 97.558289 15.044476
v -66.871567 97.340851 15.208279
v -66.678024 97.355629 15.393495
v -66.561378 97.436348 15.641566
v -66.518265 97.739159 16.270367
v -66.802010 98.025505 16.543926
v -67.328316 98.311722 16.569466
v -67.788078 98.354683 16.191952
v -66.537354 99.001984 7.895391
v -67.266624 99.607704 8.169717
v -67.603416 100.035591 8.091082
v -67.955254 100.389320 7.768713
v -68.039940 100.531067 7.143171
v -67.697723 100.302483 6.606078
v -67.216125 99.943085 6.468946
v -66.879974 99.553833 6.467576
v -66.285721 98.934654 6.824227
v -66.257683 98.816460 7.439034
v -70.029221 97.636345 6.903459
v -70.052956 97.605751 7.391885
v -69.686638 97.308617 7.864507
v -69.304398 97.018768 7.939990
v -68.772675 96.654442 7.529992
v -68.664192 96.601593 7.200359
v -68.696358 96.674240 6.796204
v -69.069664 96.995132 6.284196
v -69.473694 97.284386 6.292903
v -69.814629 97.516197 6.506413
v -67.925568 97.711876 2.599372
v -68.040527 97.603630 2.985583
v -67.910538 97.425430 3.303309
v -67.650467 97.239998 3.466233
v -67.106018 97.050476 3.464605
v -66.894081 97.042030 3.308825
v -66.763420 97.090752 3.079868
v -66.854660 97.316765 2.488068
v -67.172760 97.517929 2.270812
v -67.602844 97.662903 2.320484
v -66.544670 98.696350 2.740111
v -66.217804 98.450310 2.906172
v -66.122864 98.147293 3.528776
v -66.264374 98.115410 3.794779
v -66.495567 98.170029 3.969174
v -67.034798 98.429466 4.038901
v -67.317177 98.642090 3.884391
v -67.476089 98.858444 3.539298
v -67.362923 98.982834 3.075914
v -66.976044 98.910553 2.749371
v -66.515381 99.998108 4.596302
v -66.254837 99.696182 4.756298
v -65.664619 99.323158 4.618649
v -65.431290 99.209366 4.333509
v -65.328972 99.234032 3.980639
v -65.444344 99.590004 3.318564
v -65.781593 99.916687 3.178818
v -66.214691 100.226326 3.194870
v -66.680840 100.429131 3.558075
v -66.794777 100.294067 4.156647
v -63.900368 104.572784 5.456231
v -63.537537 104.674797 4.912407
v -63.014263 104.422813 4.134856
v -62.440861 103.907051 3.353282
v -61.708046 103.044121 2.988491
v -61.136551 102.210861 3.465963
v -61.060608 101.731758 4.089789
v -61.024685 101.505524 4.693261
v -61.067684 101.376732 5.264799
v -61.173603 101.313591 5.681884
v -57.938034 106.425644 11.910458
v -56.626801 105.824860 11.531026
v -56.133892 104.822281 10.823273
v -56.256355 103.822929 10.012899
v -57.645531 102.491760 8.780288
v -53.835632 116.801735 2.579237
v -53.257561 116.933342 4.139334
v -51.019245 115.763191 6.012654
v -49.948570 114.717476 5.751585
v -49.268600 113.748856 4.935885
v -48.835022 112.816658 3.929837
v -48.778179 111.296303 1.479158
v -49.286964 110.960419 0.114285
v -50.207336 111.094368 -1.132474
v -51.393211 111.951347 -1.861201
v -52.411526 113.189842 -1.790406
v -53.140873 114.405563 -1.136369
v -53.986134 116.257172 1.033109
v -50.062637 121.246483 -1.688677
v -49.079414 118.981010 -4.623321
v -48.055099 117.464844 -5.409722
v -46.714809 115.871025 -5.683887
v -45.165161 114.460205 -4.840839
v -44.019665 113.984665 -3.150040
v -43.385357 114.150543 -1.277924
v -43.671558 116.117264 2.208570
v -44.368832 117.479439 3.655998
v -45.442135 118.983063 4.692946
v -46.984299 120.575272 5.069165
v -49.655373 122.235260 2.279198
v -50.178303 122.023125 0.202337
v -42.356033 128.899200 -5.044562
v -41.171631 126.600380 -8.209792
v -39.815956 124.376709 -10.034780
v -37.993717 122.795486 -9.152569
v -36.900528 122.066490 -8.014945
v -35.939743 121.368233 -6.579858
v -35.218281 121.139641 -4.901178
v -36.118599 122.871468 -1.165284
v -37.115993 124.267998 0.064183
v -38.166309 125.647079 1.070956
v -39.351151 127.054863 1.321614
v -41.521690 129.084381 -0.930810
v -42.094986 129.190262 -2.922673
v -52.064743 119.280510 1.397553
v -51.506752 119.438187 3.180487
v -49.123089 118.045540 5.434220
v -47.836002 116.775444 5.234217
v -46.958694 115.555534 4.259301
v -46.388542 114.448219 3.041682
v -46.262222 112.780998 0.086815
v -46.803879 112.427002 -1.493017
v -47.835262 112.631577 -2.999319
v -49.260555 113.733536 -3.837750
v -50.468933 115.224167 -3.664402
v -51.289589 116.605003 -2.859828
v -52.044815 118.612289 -0.274718
v -38.435089 125.750343 -10.259781
v -38.807838 123.367737 -9.839581
v -41.076286 123.161957 -9.286510
v -40.520248 125.557426 -9.140150
v -39.196140 126.693054 -9.441996
v -41.642792 124.257355 -8.621063
v -40.088329 122.356529 -9.265447
v -37.667931 124.696243 -10.093839
v -56.836987 112.530823 4.781128
v -57.053383 112.141762 3.458388
v -56.334103 110.708931 1.536020
v -55.595074 109.848122 1.146838
v -54.740826 109.067688 1.249018
v -53.897949 108.526985 1.840648
v -53.243244 108.395027 2.781964
v -52.760529 108.554832 3.837907
v -52.615524 109.599640 5.890668
v -52.849445 110.229378 6.806197
v -53.449589 110.976555 7.463148
v -54.384426 111.746773 7.717723
v -56.383839 112.740822 6.131036
v -58.411102 110.881790 5.812572
v -57.841141 111.121170 7.182100
v -55.689819 110.164604 8.669137
v -54.761482 109.401588 8.393566
v -54.202072 108.726631 7.686944
v -54.110390 108.207130 6.764911
v -54.405308 107.314919 4.844582
v -54.845455 107.170273 3.862504
v -55.413624 107.261887 2.955122
v -56.132420 107.722237 2.347294
v -56.961700 108.374153 2.113970
v -57.760185 109.137634 2.435118
v -58.732189 110.463554 4.454073
v -60.440231 104.480637 13.693153
v -60.877151 103.746628 13.937024
v -61.003780 103.104179 14.048674
v -61.045185 102.621452 14.116228
v -60.841618 102.138733 13.527781
v -60.629364 101.928963 13.119859
v -60.346985 101.670074 12.599771
v -60.121803 101.437721 11.818782
v -59.856880 101.447189 10.908077
v -59.368984 101.658501 10.036212
v -58.871384 101.947426 9.266238
v -58.428066 102.201508 8.692669
v -58.940495 105.626228 12.964729
v -58.095730 104.817749 14.003929
v -58.418259 105.177681 13.675665
v -59.040321 104.763008 13.845773
v -59.796543 105.101433 13.314230
v -59.695477 106.122009 11.779756
v -59.166290 107.065369 10.539368
v -58.572510 108.111237 9.688340
v -57.869724 109.417831 9.073673
v -56.838379 110.851730 8.270230
v -55.464149 112.483070 7.255835
v -53.878872 114.361969 6.209766
v -52.236576 116.553909 5.370056
v -50.476822 119.016411 4.659547
v -48.539330 121.757507 4.089728
v -46.137081 124.430489 3.204395
v -43.345051 126.734375 2.073246
v -40.517616 128.245712 0.550161
v -37.915276 130.494995 0.166840
v -35.644142 133.205231 0.377121
v -33.182693 136.039337 0.611288
v -30.518265 138.654266 0.872829
v -28.212099 141.372437 1.889311
v -26.258005 144.204819 4.064690
v -22.718861 146.530243 6.007309
v -17.949276 147.592804 6.677564
v -13.073074 148.170471 7.464540
v -8.380241 147.733658 8.393615
v -3.942059 147.263565 8.891066
v -28.773127 0.008559 -1.912471
v -23.102776 1.780015 3.135038
v -21.867186 1.663588 0.385601
v -20.516251 0.843357 -3.870597
v -21.275043 0.314217 -5.833873
v -22.805286 0.228548 -7.148709
v -24.742109 0.268726 -7.213167
v -26.992945 0.006610 -5.221385
v -20.956429 1.428394 -1.899511
v -22.442575 0.814036 -0.150173
v -23.793379 1.058056 2.491448
v -23.040508 0.180654 -1.012282
v -24.547684 0.519254 1.640912
v -23.848408 -0.336914 -2.125057
v -25.408596 0.126476 0.736052
v -27.466774 -0.316154 -1.028424
v -28.510244 6.511886 7.687752
v -29.557966 5.896784 6.258399
v -30.881117 4.012666 4.130658
v -31.536516 2.705344 3.492894
v -31.828093 1.185362 3.331988
v -30.916056 0.095801 3.798080
v -29.837534 -0.067922 4.428884
v -27.895535 0.631435 5.876205
v -26.863295 0.891325 6.748066
v -25.706745 0.882155 7.661698
v -24.480255 0.904192 8.586730
v -23.464962 1.455807 9.551191
v -23.066053 2.606775 10.066920
v -23.688526 4.205426 10.087505
v -24.918955 5.823102 9.821325
v -26.809301 6.517086 8.997402
v -69.602760 95.779053 6.439129
v -69.264168 96.218727 6.445132
v -68.826897 96.802963 6.499860
v -68.283173 97.363991 6.482332
v -67.755547 97.991615 6.538844
v -67.199867 98.606094 6.598734
v -66.574837 99.243439 6.542865
v -65.953857 99.865189 6.545064
v -65.353790 100.426674 5.983073
v -65.542397 100.030518 5.150433
v -65.966339 99.475594 4.771117
v -66.374519 98.902039 4.351651
v -66.758537 98.273521 4.058146
v -67.084045 97.692230 3.724666
v -67.368629 97.124557 3.511092
v -67.548660 96.682076 3.289937
v -67.591217 96.385162 3.054689
v -67.466866 96.279236 2.807160
v -67.223732 96.405991 2.648676
v -66.944183 96.711235 2.658924
v -66.714828 97.174896 2.802744
v -66.419952 97.697784 2.992257
v -66.045525 98.238197 3.204657
v -65.728745 98.819809 3.447579
v -65.294464 99.346222 3.621218
v -64.877243 99.861084 3.800339
v -64.475525 100.379463 3.980316
v -63.879864 100.704018 3.888005
v -70.181709 94.976212 7.011068
v -70.111092 95.211853 7.453869
v -69.848442 95.614334 7.638740
v -69.415062 96.158508 7.738552
v -68.989151 96.799370 7.790214
v -68.506485 97.417992 7.875034
v -68.008995 98.057907 7.932234
v -67.468109 98.667793 8.003975
v -66.922813 99.270920 8.123879
v -66.354691 99.864731 8.214607
v -66.095085 100.186928 8.972278
v -66.485359 99.839653 9.675344
v -67.169868 99.171982 9.885430
v -67.850342 98.590149 10.183279
v -68.513779 97.947044 10.412000
v -69.133377 97.223953 10.604001
v -69.755661 96.500694 10.874110
v -70.205055 95.700264 10.974668
v -70.584747 95.149269 11.238556
v -70.792168 94.827232 11.493884
v -70.791740 94.683022 11.742647
v -70.611534 94.750938 12.019083
v -70.244164 95.133583 12.196266
v -69.819237 95.774742 12.214513
v -69.408730 96.570580 12.047353
v -68.764084 97.291893 11.968657
v -68.196297 98.053215 11.775208
v -67.482674 98.706421 11.686674
v -66.765282 99.346352 11.603524
v -66.004402 100.021164 11.473827
v -65.320625 100.492462 12.072595
v -65.378723 100.152672 12.897814
v -65.745728 99.627342 13.323278
v -66.118095 99.118492 13.851713
v -66.497437 98.556564 14.285961
v -66.842941 97.977905 14.690688
v -67.154945 97.399109 15.067545
v -67.398720 96.795265 15.351470
v -67.573364 96.300461 15.679469
v -67.600777 95.980202 15.950680
v -67.435890 95.855301 16.206635
v -67.230507 96.053726 16.401337
v -66.968903 96.435410 16.379557
v -66.677399 96.938629 16.208820
v -66.495003 97.558495 15.929876
v -66.028282 98.075829 15.665359
v -65.616325 98.663116 15.346227
v -65.256363 99.262886 14.985343
v -64.738907 99.778572 14.706783
v -64.268669 100.312416 14.408690
v -63.815784 100.867462 14.095492
v -63.182896 101.289360 13.942180
v -62.489098 101.701309 13.814821
v -61.758850 102.100273 13.719012
v -60.970169 102.356262 13.846463
v -59.271664 102.034859 16.022631
v -59.323875 101.718315 16.638393
v -59.341499 101.410797 17.254122
v -59.256535 101.167343 17.839581
v -59.090569 100.986176 18.348251
v -58.892120 100.866753 18.727266
v -58.662369 100.787003 18.963989
v -58.421143 100.677643 18.986479
v -58.210182 100.600700 18.884554
v -58.103443 100.541237 18.574400
v -58.023876 100.521255 18.136951
v -57.987583 100.594955 17.573933
v -57.978905 100.789276 16.955648
v -58.010769 101.107216 16.339264
v -58.061623 101.444290 15.711921
v -58.147518 101.707962 15.030850
v -58.249409 101.987701 14.319247
v -58.332718 102.009628 13.495470
v -58.173538 101.942307 12.674881
v -57.845432 101.904427 11.854308
v -57.458210 102.094467 11.023766
v -57.085190 102.494614 10.180605
v -56.804298 103.058510 9.301384
v -56.573277 103.849449 8.368346
v -56.253204 105.167046 7.558595
v -55.544491 106.522705 6.704436
v -54.224804 107.762527 5.809052
v -52.599052 109.050430 4.885194
v -50.757080 110.443878 3.894310
v -48.665916 111.968567 2.773877
v -46.153793 113.501717 1.609071
v -43.323803 114.949524 0.550915
v -40.259220 116.497925 -0.588533
v -37.406677 118.805008 -1.804393
v -35.129303 121.560173 -2.948145
v -32.975624 124.429825 -3.500931
v -29.906782 126.330078 -3.412825
v -27.360212 128.461487 -3.472272
v -25.374023 130.853531 -3.591185
v -23.650875 133.668030 -4.481127
v -20.718977 134.578812 -5.842074
v -20.669025 131.646957 -4.017971
v -19.019030 125.369781 -2.390304
v -17.095518 121.414192 -1.823942
v -15.397566 117.520668 -1.581795
v -15.249567 113.506973 -1.259974
v -16.097025 109.771637 -1.005653
v -16.467268 106.044418 -0.967123
v -16.720280 102.378418 -0.962040
v -17.042280 98.549278 -1.031568
v -18.129938 93.913208 -1.250313
v -19.996910 87.936394 -1.991240
v -21.422873 81.412537 -2.087575
v -22.264933 74.883476 -1.917192
v -22.540003 68.705284 -1.648876
v -22.429115 63.147942 -1.381494
v -22.999573 58.233330 -1.431741
v -23.873337 53.774506 -1.596319
v -23.972408 49.642738 -1.944327
v -24.590309 45.679279 -2.473826
v -25.314796 41.558697 -2.930858
v -25.642551 37.339149 -3.277234
v -25.918514 33.201244 -3.413840
v -25.806829 29.210211 -3.431302
v -25.952784 25.354774 -3.317254
v -25.939955 21.661831 -3.062056
v -26.056473 18.021429 -2.598168
v -26.343571 14.404262 -1.898489
v -26.968292 10.983300 -0.819385
v -28.076822 7.910440 0.701539
v -29.175047 6.243099 2.712564
v -30.254335 5.042022 5.064627
v -31.249672 4.099840 7.675510
v -32.352936 3.447084 10.101496
v -33.359379 2.692520 12.020323
v -33.391190 1.209952 12.799828
v -33.118320 0.196990 13.043353
v -32.442200 -0.157750 12.598232
v -31.461582 -0.159906 11.427007
v -30.679119 -0.241004 9.677700
v -29.832901 0.121903 7.465624
v -28.849180 0.207931 5.110946
v -27.807316 0.142262 2.618736
v -26.377943 -0.190301 -0.156081
v -25.922802 -0.290730 -3.984877
v -24.898062 -0.336097 -3.104002
v -21.737455 0.009801 -2.946774
v -22.522690 -0.251070 -4.292143
v -23.600607 -0.223124 -5.429951
v -21.502230 0.629162 -1.867287
v -24.676119 -0.167361 -5.796068
v -60.247597 102.502258 14.178232
v -59.687943 102.474663 14.722553
v -59.369297 102.300339 15.365295
v -25.454613 1.643851 18.456959
v -24.157930 2.007321 15.713211
v -25.168203 0.561837 18.175951
v -24.126928 0.936978 15.254704
v -70.098602 95.246277 6.539324
v 0.000000 159.073257 5.936609
v -2.179354 159.951767 5.817289
v -3.906226 160.897736 6.202422
v -4.826353 162.301788 6.852802
v -4.908195 163.600830 7.437488
v -4.762818 164.657394 7.971369
v -4.554977 165.503799 8.455318
v -4.296813 166.203644 8.912256
v -3.718173 167.469009 9.614148
v -3.397483 168.145340 9.796899
v -3.035066 168.855255 9.811352
v -2.887705 169.503372 9.745156
v -2.782766 173.185486 11.052103
v -2.964473 174.255661 10.749476
v -3.342150 175.572250 10.232728
v -3.768125 177.056122 9.214081
v -4.144572 178.462250 7.469697
v -4.542638 179.794113 5.265672
v -4.977628 180.976486 2.700886
v -5.127808 181.599289 -0.108598
v -5.120513 181.625320 -2.802392
v -4.925400 180.765594 -4.940292
v -5.189872 179.163574 -6.469432
v -5.646420 176.849808 -7.762904
v -5.821433 173.801819 -8.211922
v -5.560063 170.719666 -7.929797
v -5.157010 167.876801 -7.345934
v -5.158350 165.159149 -7.105579
v -5.672663 162.740646 -7.268830
v -6.696140 160.580948 -7.512143
v -8.533919 158.892044 -7.639845
v -10.838511 157.902969 -8.440060
v -13.691362 155.990250 -9.606245
v -16.873579 152.520493 -10.252489
v -21.601299 149.805450 -10.835138
v -25.897665 146.539154 -10.484526
v -28.922667 142.953842 -9.581154
v -32.323898 140.278061 -9.556892
v -34.866119 136.902527 -8.996778
v -36.946739 133.396133 -8.171193
v -39.067371 130.151291 -7.277239
v -41.969292 127.874588 -6.926976
v -44.599667 125.355431 -6.113702
v -47.413528 122.865456 -4.921267
v -49.788662 120.274559 -3.355637
v -51.771351 117.722183 -1.687541
v -53.618793 115.414253 -0.170174
v -55.265099 113.329041 1.203443
v -56.947128 111.533936 2.268108
v -58.536041 109.906769 3.107782
v -59.714012 108.259377 3.947005
v -2.637154 172.349792 10.742172
v -3.982317 171.394440 9.697303
v -3.895024 170.941437 9.581223
v -1.935111 170.886185 10.042915
v -2.001341 171.370514 10.199441
v -3.700720 171.822342 10.024189
v -3.180814 171.868393 10.229669
v -4.037591 171.738190 9.840800
v -3.794229 170.494095 9.542287
v -3.347909 170.088699 9.635721
v -3.698433 170.166855 9.556890
v -2.126637 171.777466 10.408117
v -2.601110 171.841873 10.359787
v -1.935350 170.429108 9.947913
v -2.338159 170.028656 9.815991
v -2.853890 170.028198 9.723324
v -2.384581 170.469254 9.846268
v -2.428834 170.921829 9.936101
v -2.506458 171.383392 10.104742
v -3.359352 170.505295 9.658695
v -3.430272 170.945084 9.729598
v -3.537065 171.390274 9.859654
v -1.976633 170.091125 9.893779
v -1.754571 169.797668 10.037034
v -1.101660 169.095642 10.801070
v 0.000000 169.782913 11.641638
v -2.876230 170.487579 9.753968
v -2.935204 170.939621 9.839300
v -3.036594 171.396210 10.001406
v -0.713251 169.822250 11.137527
v 0.000000 169.994690 11.570967
v -1.458411 169.383240 10.331974
v -1.107063 169.991531 10.511224
v -0.938554 170.675034 10.529809
v -0.922035 171.399612 10.584753
v -1.140059 172.084122 10.940349
v -0.536392 170.561752 11.124054
v -0.471002 171.376663 10.970131
v -0.608008 172.165817 11.152184
v -0.851671 173.034027 11.319023
v -1.272516 172.701538 11.179789
v -0.705033 168.607819 11.849308
v -0.608631 169.103607 11.629147
v -1.118172 168.418228 11.303347
v -0.937772 168.872360 11.226061
v -5.504583 168.593063 8.297990
v -5.493596 167.998276 8.145173
v -5.170194 167.653595 8.477606
v -4.620492 167.230499 8.911585
v -4.001719 166.838181 9.302458
v -3.289307 166.460480 9.689371
v -2.494057 166.080093 10.018902
v -1.854571 165.590240 10.500982
v -0.985875 165.298950 10.983740
v 0.000000 165.244415 11.072214
v 66.539940 101.073997 11.680098
v 67.119438 101.452187 11.387268
v 67.628227 101.602974 10.827516
v 65.512688 99.803650 11.254533
v 66.308647 100.376495 11.644844
v 67.156319 100.878510 9.601243
v 65.648499 99.534851 10.542485
v 66.874771 100.197777 9.567538
v 65.854141 99.679062 9.827780
v 68.639297 97.108345 11.608242
v 68.685364 97.034576 11.200239
v 66.484581 99.010109 11.287594
v 67.046516 99.737152 11.764416
v 66.485634 98.823814 10.694480
v 66.743851 98.902199 10.166945
v 67.547493 99.561340 9.788140
v 67.893974 100.099678 9.869838
v 68.204002 100.569046 10.276127
v 68.269821 100.881355 10.977820
v 67.860519 100.654083 11.552284
v 67.388840 100.255638 11.796959
v 70.838577 97.210312 11.045493
v 68.878983 97.099159 10.872169
v 68.932426 99.849121 10.400900
v 70.186951 98.119911 10.843225
v 70.677040 97.366447 12.316746
v 70.968750 97.434731 11.663583
v 68.103050 99.523003 12.074970
v 70.098938 97.056717 12.572258
v 69.460648 97.918922 12.347724
v 69.037254 97.570450 12.241191
v 71.240479 95.437462 12.824268
v 71.610168 95.626091 12.381711
v 71.847359 94.700974 12.004856
v 72.148628 95.118378 11.989738
v 71.704117 94.900818 11.484295
v 71.948807 95.149948 11.618262
v 71.654808 95.542488 11.492228
v 71.467682 95.369232 11.158488
v 71.703957 94.822670 12.544071
v 72.010551 95.199280 12.475873
v 67.318909 98.461205 11.351966
v 67.726547 99.060249 11.949576
v 68.578522 99.360680 10.039322
v 67.542885 98.395042 10.451081
v 68.196899 98.903786 9.998884
v 67.330482 98.308167 10.856279
v 69.478302 97.451111 10.454665
v 69.970757 98.265938 12.124550
v 69.742706 95.630424 11.474681
v 69.931496 95.637482 11.187298
v 70.582016 95.846748 10.864446
v 71.294014 96.302750 11.176067
v 71.014076 96.069199 10.920990
v 70.154343 95.941772 12.566024
v 70.688400 96.200073 12.753624
v 69.691315 95.696259 11.831774
v 70.967804 95.205795 11.125847
v 71.196838 94.784264 11.459657
v 71.213066 94.545380 11.855572
v 71.008392 94.662338 12.338122
v 70.586845 95.205757 12.542116
v 70.347809 95.127457 11.374413
v 70.212219 95.111885 11.591136
v 70.139038 95.129066 11.857364
v 70.583702 94.891136 11.517396
v 70.527748 94.846275 11.674417
v 70.438736 94.842453 11.839501
v 71.720612 95.638344 11.965358
v 68.609123 99.974556 11.839227
v 68.985847 100.110802 11.146475
v 69.658447 96.758057 12.356444
v 69.297256 96.453888 11.707336
v 69.336197 96.396446 11.379569
v 69.516441 96.425407 11.105507
v 69.852898 97.769981 10.525908
v 70.479019 96.903488 10.716387
v 70.072624 96.647652 10.708873
v 71.461853 96.469162 11.743421
v 71.248154 96.472198 12.450696
v 67.378464 101.070953 7.824465
v 67.513977 101.221062 7.188019
v 65.779198 99.666107 8.116858
v 66.712044 100.198563 8.264306
v 66.500992 100.686546 6.434824
v 65.546509 99.426407 7.419191
v 66.231514 100.169258 6.434798
v 65.526680 99.735191 6.754833
v 68.243088 97.218422 7.652645
v 68.086563 97.115517 7.267331
v 67.582848 97.746086 7.321980
v 67.732964 97.837364 7.697815
v 66.960747 100.773087 8.221166
v 70.241104 96.826317 6.480789
v 67.595894 97.802216 6.888848
v 68.112778 97.184601 6.815990
v 68.049545 98.266426 6.389892
v 68.417053 98.583145 6.389902
v 68.930183 97.912224 6.365236
v 68.813942 98.889503 6.532111
v 69.315598 98.189293 6.543493
v 70.439087 96.881081 7.425255
v 68.293556 99.618851 6.555544
v 69.083611 98.987709 7.655252
v 68.709747 98.668648 7.966060
v 68.188820 99.351768 8.090965
v 70.154625 96.644318 7.822124
v 69.197937 97.982872 7.867579
v 68.831390 97.681816 7.955582
v 68.334625 98.336243 8.022820
v 71.057648 95.487862 7.415467
v 70.645004 96.236618 7.279204
v 70.809006 95.477478 6.358088
v 71.094368 95.265724 6.801867
v 70.994629 95.733398 6.811454
v 70.866402 95.724129 6.547162
v 70.433212 95.950386 6.241545
v 70.560638 96.049026 7.715437
v 70.530167 96.217300 6.538107
v 70.983818 95.787628 7.121303
v 67.192169 98.467148 7.753762
v 67.817177 98.985733 8.102892
v 67.846153 99.256302 6.407144
v 66.998138 98.395447 6.894686
v 67.486816 98.912216 6.424202
v 66.964211 98.280975 7.378605
v 68.594627 97.641045 6.335866
v 69.517632 98.258812 7.533383
v 69.562355 98.338646 6.990591
v 69.074814 95.980736 7.167898
v 69.108391 96.073814 6.683172
v 69.544495 96.377525 6.273523
v 69.884521 96.600777 6.248345
v 69.739815 96.360023 7.868674
v 69.175652 96.017441 7.504769
v 69.913109 95.793480 6.283096
v 70.436752 95.319870 6.380774
v 70.728439 94.969040 6.952144
v 70.473450 95.237854 7.556571
v 70.121712 95.750565 7.766644
v 69.502739 95.611305 6.663055
v 69.475952 95.506416 7.115775
v 69.573296 95.547836 7.396412
v 69.780113 95.315216 6.737004
v 69.812584 95.192955 7.087349
v 69.832451 95.268082 7.292508
v 70.617447 96.246132 6.904016
v 68.620514 99.768112 7.766096
v 69.145470 99.092171 7.026962
v 68.641655 99.855797 7.050858
v 70.442993 96.929558 6.909279
v 65.982452 100.693481 5.005435
v 66.306198 100.917244 4.470524
v 66.245064 101.028481 3.803622
v 65.133644 99.922691 5.095136
v 65.780067 100.266701 5.133241
v 65.397041 100.463646 3.423230
v 64.937904 99.683655 4.612799
v 65.065056 100.140228 3.515631
v 64.849518 99.717888 4.179580
v 66.850021 97.620926 3.655121
v 66.628227 97.583504 3.509156
v 66.673920 99.066856 4.398177
v 67.779144 97.169647 2.246755
v 67.714943 98.333321 2.815665
v 66.495987 97.617592 3.287377
v 66.873383 98.092850 2.479815
v 66.623550 99.605576 2.932209
v 67.311111 98.291237 2.478621
v 68.175545 97.139191 2.788168
v 66.999069 99.326836 4.250453
v 67.630997 97.989357 3.573456
v 67.360695 97.806480 3.708723
v 68.350929 96.579338 2.775092
v 67.797356 96.645355 1.977877
v 68.287819 96.360222 2.220044
v 68.201622 96.843147 2.326015
v 67.976357 96.868309 2.161411
v 67.460136 97.033142 2.095366
v 68.272560 96.823601 2.585010
v 66.129669 98.816429 4.208411
v 66.174759 99.313011 2.942619
v 65.812645 98.762543 3.745543
v 65.845451 99.031204 3.125594
v 65.926956 98.739159 4.013121
v 66.569496 97.877472 2.700775
v 67.803154 98.205902 3.253732
v 67.099503 96.640884 3.125196
v 66.980522 96.683647 2.929006
v 67.104996 96.830200 2.331620
v 67.850800 96.768738 3.243105
v 67.302185 96.658974 3.260808
v 67.409706 96.408333 2.321443
v 67.772362 96.166977 2.564426
v 67.934456 96.370148 2.964047
v 67.165382 96.462807 2.842838
v 67.282951 96.414940 2.959204
v 67.413277 96.455101 3.085012
v 67.200119 99.587868 3.860691
v 67.095581 99.735359 3.278952
v 68.169029 96.946754 3.070242
v 68.038376 97.156708 2.461694
v 67.541016 101.329575 10.118667
v 67.063103 102.375320 10.686839
v 66.995247 102.120560 10.041827
v 66.651573 102.239456 11.238192
v 66.588791 103.154053 10.550938
v 66.541451 102.903206 9.888488
v 66.196991 103.041542 11.157258
v 66.753670 101.838577 9.534101
v 65.640312 103.733025 11.074513
v 66.008041 103.927750 10.397751
v 66.084152 103.582855 9.670668
v 66.425949 102.619606 9.413894
v 67.105240 101.002563 6.646132
v 66.982658 101.881317 7.241408
v 66.659042 101.709076 6.734049
v 66.940002 101.817375 7.842478
v 66.594223 102.609894 7.262323
v 66.272964 102.406624 6.744313
v 66.520180 102.556099 7.884960
v 66.145775 101.505272 6.442487
v 66.101639 103.277229 7.971802
v 66.133682 103.360207 7.285030
v 65.886429 103.087227 6.709288
v 65.895920 102.197021 6.404333
v 65.803009 100.793999 3.487039
v 65.842743 101.595657 4.012623
v 65.404701 101.327362 3.705077
v 65.981903 101.571259 4.639693
v 65.458122 102.170143 4.173229
v 65.012360 101.898270 3.823308
v 65.690178 102.217079 4.774979
v 64.996704 100.995758 3.618851
v 65.417419 102.881943 4.917870
v 65.109596 102.831444 4.293619
v 64.590057 102.493530 3.887823
v 64.556358 101.511818 3.666890
v 56.616249 106.443878 10.662514
v 57.506252 103.025146 7.516484
v 56.142899 104.659912 9.210571
v 59.122265 101.441185 16.495842
v 59.408836 102.099060 16.826300
v 58.815197 101.252808 16.396048
v 57.393944 102.401382 17.003590
v 57.444229 102.943161 15.753821
v 57.335556 102.310928 15.457345
v 57.304142 102.515053 14.855487
v 57.419914 103.156975 15.172369
v 57.172066 103.650017 14.087287
v 57.316875 103.394333 14.629922
v 57.208530 102.692261 14.260756
v 57.037907 102.896690 13.657658
v 57.223019 101.502274 17.306181
v 57.407261 102.098877 17.597790
v 57.241753 101.224129 17.888683
v 57.573990 101.527458 18.551018
v 57.309902 101.014923 18.448202
v 57.706284 100.839249 19.481190
v 57.473068 100.882622 18.992712
v 58.444702 101.139740 16.348289
v 58.430111 102.827309 6.069769
v 59.556408 102.051025 7.148615
v 60.275307 101.714157 6.448751
v 59.649368 102.050911 5.637407
v 58.555466 103.253021 4.581206
v 59.582333 102.306053 4.607916
v 59.067486 103.734413 3.439652
v 60.095753 102.609818 3.587322
v 60.853851 103.711906 2.899955
v 60.008881 104.682343 2.998985
v 60.484482 102.016830 4.134771
v 60.379745 101.852798 4.709839
v 60.468700 101.658920 5.399081
v 60.830536 101.464401 5.967641
v 61.737972 101.403534 4.115521
v 62.426647 101.098312 4.189105
v 61.942551 101.816757 3.523747
v 62.428753 102.490250 3.155721
v 63.634258 101.551117 3.568423
v 63.073402 102.012199 3.393764
v 62.649574 101.455498 3.680144
v 63.283913 101.092247 3.821432
v 63.077568 100.755966 4.252304
v 63.036125 103.230827 3.470551
v 61.762161 104.679810 3.325995
v 60.887932 105.495033 3.447611
v 64.087440 102.058197 3.648350
v 63.579144 102.621185 3.592326
v 65.930550 101.555557 13.731586
v 65.681976 101.696671 14.392406
v 65.194168 102.366173 14.140450
v 65.480690 102.310776 13.490193
v 64.669365 102.050285 14.461299
v 65.182259 101.479355 14.767521
v 64.225403 101.630432 14.558198
v 64.741989 103.153801 14.059791
v 65.190224 103.160950 13.281699
v 64.057800 102.678078 14.324569
v 63.616734 102.147598 14.360843
v 64.275734 100.047127 13.991981
v 64.409851 100.676064 14.717875
v 63.800289 100.604149 13.711850
v 63.946167 101.199432 14.393257
v 65.495979 102.105270 12.830162
v 65.852829 101.156441 13.065835
v 58.958817 101.975891 15.096427
v 59.223122 102.111763 15.222847
v 59.531189 102.336327 14.532005
v 59.247948 102.230400 14.350726
v 60.097176 102.330505 13.921466
v 59.805779 102.182037 13.596221
v 58.816151 102.113106 14.214785
v 58.605133 101.829437 15.020967
v 59.279037 102.014748 13.179615
v 57.569344 102.079727 13.854220
v 57.389076 102.195518 13.162318
v 60.801064 101.750732 8.003946
v 61.154377 101.445488 7.009250
v 58.800682 102.215225 8.021046
v 56.738811 104.666229 6.606225
v 55.979855 105.731644 8.435555
v 57.364075 104.530014 5.514230
v 57.790237 104.727493 4.399943
v 56.263767 105.958359 4.798423
v 56.704372 106.027184 3.841294
v 55.775173 106.082947 5.761922
v 55.312656 106.983253 7.591490
v 58.122894 107.025368 2.882716
v 57.348721 106.398354 3.113811
v 58.920761 107.685623 3.185030
v 59.128674 105.777542 3.139144
v 58.309330 105.098480 3.498602
v 59.946007 106.449028 3.505937
v 61.983032 102.982857 13.972800
v 62.852608 102.632607 14.254382
v 59.405163 102.550194 15.529724
v 59.708572 102.697739 14.885453
v 60.285324 102.731674 14.372381
v 59.272625 102.920204 15.700137
v 59.525898 103.063667 15.003849
v 58.816185 103.339157 15.843499
v 59.033741 103.580544 15.055276
v 57.658451 104.291855 14.374894
v 57.856098 104.042984 14.893582
v 58.498981 101.490097 15.703710
v 58.849083 101.620750 15.771588
v 59.171215 102.735359 16.373669
v 57.362320 102.695335 16.372704
v 57.323360 102.078102 16.075163
v 59.320751 102.340073 16.185675
v 62.611965 102.067764 14.135387
v 60.168396 103.119240 14.421812
v 58.641560 102.475937 17.763819
v 59.058842 101.690620 18.751120
v 58.886806 101.432442 19.186800
v 59.110722 101.129166 17.106712
v 59.032906 100.917427 17.693274
v 59.378819 101.519035 18.037201
v 59.422924 101.809700 17.449009
v 63.264774 103.299065 14.120712
v 64.034782 103.913628 13.770273
v 64.763519 103.998741 12.980938
v 58.005875 103.476891 15.949156
v 57.946499 103.256905 16.628668
v 58.031414 103.758949 15.381317
v 57.979919 102.463661 17.779381
v 57.781906 107.004700 10.881996
v 62.412430 101.441338 13.407306
v 62.356907 101.240952 12.915323
v 63.863899 100.417625 13.218601
v 63.131718 101.023666 13.535478
v 63.125404 100.798515 13.043303
v 64.461922 99.903191 13.491572
v 65.690804 100.498405 12.920523
v 64.853539 100.028030 12.925481
v 66.082909 97.908966 15.326621
v 66.234383 97.801086 15.009718
v 65.846436 98.357033 14.633515
v 65.670242 98.461906 14.981095
v 64.768097 99.522812 14.312298
v 64.864166 100.119202 15.035366
v 64.952499 99.375786 13.856297
v 65.317612 99.417145 13.478675
v 66.086853 99.976219 13.374759
v 66.344810 100.466118 13.578831
v 66.427719 100.871109 14.113737
v 66.174751 101.077835 14.723724
v 65.661530 100.914764 15.143165
v 65.184532 100.536842 15.211002
v 67.452438 99.028259 15.846553
v 66.143845 98.376099 14.368979
v 66.524574 97.835411 14.771764
v 66.831619 98.794083 14.300076
v 67.153442 99.130257 14.476571
v 67.261086 99.489563 14.922928
v 66.881783 100.210243 14.556709
v 66.566376 99.623802 15.907351
v 66.077103 99.289154 15.856663
v 65.624084 99.920258 15.557307
v 66.471436 98.654076 16.192005
v 66.143600 98.345322 15.996450
v 65.762894 98.955803 15.658756
v 64.000954 100.250229 12.626641
v 62.336731 101.112770 12.311479
v 63.172047 100.630585 12.448712
v 61.361240 101.417351 12.328773
v 61.259071 101.287163 11.550732
v 62.384689 101.081734 11.601773
v 63.058811 100.849716 8.065618
v 62.999454 100.706360 7.325353
v 62.970066 100.541069 4.774855
v 64.114189 103.117012 3.982383
v 58.471821 100.646156 18.791998
v 58.554111 100.620163 18.509680
v 58.338707 100.568291 18.502317
v 58.348736 100.604111 18.745651
v 58.162228 100.942406 19.535355
v 58.546162 101.204247 19.500355
v 58.729656 100.724434 17.592142
v 58.791695 100.929031 17.004910
v 58.415024 100.822121 16.952845
v 58.378056 100.634636 17.554441
v 58.353443 100.563553 18.090618
v 58.630817 100.631882 18.117357
v 55.246563 107.458565 8.480731
v 56.074680 105.548264 10.015265
v 55.899723 106.394455 9.245555
v 56.419666 107.144691 9.837772
v 59.666683 108.127777 8.824700
v 60.498466 107.020157 9.705926
v 61.912029 106.512550 7.370952
v 61.422192 106.801064 8.543841
v 60.413628 107.836792 7.703219
v 60.966572 107.407249 6.668270
v 60.091217 108.467979 5.439714
v 59.604286 109.215622 6.781049
v 56.683182 108.856247 9.397476
v 58.946495 109.541946 8.078577
v 55.763199 108.173660 9.105843
v 61.401085 106.963326 6.113435
v 62.098141 106.345009 6.370183
v 61.958332 106.239479 5.346153
v 61.061192 107.124008 5.308288
v 61.518383 105.960869 4.348834
v 60.564556 106.920563 4.294469
v 57.364540 107.802673 10.053405
v 62.226635 100.995628 6.516786
v 62.990231 100.596962 6.626912
v 62.140617 101.174294 7.211569
v 61.449543 101.229164 6.329433
v 62.937187 100.460129 5.366386
v 62.315392 100.858444 5.328867
v 62.969463 100.502121 5.979760
v 62.337742 100.917015 4.756313
v 61.669846 101.197273 4.704147
v 61.632420 101.114304 5.801756
v 61.654968 101.103577 5.278523
v 62.297588 100.899712 5.906127
v 67.755234 96.230591 17.385717
v 67.436714 96.779488 17.186651
v 68.582100 96.104126 16.304392
v 68.472466 95.733330 17.150681
v 68.344429 96.517624 16.898663
v 68.486221 96.490929 16.572601
v 68.443054 96.876106 16.359529
v 67.894669 96.982193 17.009844
v 68.412743 96.570938 15.940271
v 68.063400 96.589508 17.083958
v 57.945850 102.865494 17.248131
v 57.243896 101.792427 16.689608
v 65.300430 99.060287 14.633168
v 65.353508 99.559303 15.312817
v 66.774414 99.784393 14.049950
v 65.766136 98.955139 13.971766
v 66.478394 99.396385 13.851382
v 65.459915 98.936966 14.279498
v 67.175964 98.187729 14.708796
v 67.645096 98.820091 15.291639
v 66.943184 98.952133 16.226336
v 67.923050 96.366730 15.701214
v 67.971092 95.922028 16.022039
v 67.680641 95.614609 16.470058
v 67.349159 96.034149 16.776346
v 67.078094 96.551689 16.749422
v 67.307289 96.313812 15.739113
v 67.103867 96.313629 15.873898
v 66.995392 96.382637 16.094915
v 67.422485 96.074852 15.935671
v 67.295158 96.029556 16.062296
v 67.192001 96.115425 16.199915
v 68.184807 97.007210 16.671873
v 59.143326 101.960365 18.216307
v 59.148987 102.234055 17.645956
v 59.179333 102.511154 17.033697
v 58.673294 102.819641 17.200508
v 58.744804 103.141350 16.560862
v 62.162735 103.795692 13.664179
v 61.832787 102.412994 14.045993
v 61.652733 101.862251 13.352071
v 61.515450 101.640015 12.896999
v 58.022697 102.066292 18.209112
v 58.607853 102.195213 18.296997
v 58.580395 101.989655 18.796404
v 58.021576 101.813828 18.676577
v 57.491131 101.789726 18.118654
v 58.453110 101.818687 19.338303
v 57.926598 101.753204 19.138172
v 58.272842 101.625603 19.675409
v 57.927547 101.426796 19.745741
v 57.471146 101.293243 19.538740
v 57.467403 101.419472 19.025444
v 58.632542 100.731895 18.804394
v 58.320621 100.749199 19.258167
v 58.669464 100.922638 19.203611
v 58.755604 100.744789 18.582277
v 58.959457 101.080986 18.961439
v 58.904350 100.808739 18.207718
v 59.219246 101.280891 18.554420
v 57.816147 100.600319 18.744070
v 58.033810 100.638863 19.090908
v 57.665821 100.631599 18.248581
v 57.537449 100.757736 17.679375
v 57.492264 100.983246 17.057888
v 57.590542 101.593277 15.819585
v 57.514332 101.267281 16.425478
v 57.611416 101.826469 15.177888
v 57.633411 101.988869 14.521358
v 57.524685 104.596901 13.913818
v 63.215286 104.413300 13.206287
v 64.117172 104.482033 12.388360
v 63.104908 100.864510 8.821877
v 63.584385 103.754463 4.053564
v 62.385521 105.172356 4.290414
v 66.122940 102.051613 11.597499
v 65.602661 102.027283 12.131738
v 65.505379 100.748154 12.102500
v 65.577728 101.230446 12.131987
v 64.982811 100.151863 12.042389
v 65.797722 102.856415 11.568786
v 65.282043 102.941002 12.645017
v 65.440384 102.828278 12.057281
v 66.668510 101.685806 8.348033
v 66.506050 101.704323 8.927569
v 66.402863 102.461235 8.401277
v 66.364571 102.505119 8.927381
v 65.655602 102.130669 5.335886
v 65.633163 102.123611 5.902610
v 65.660210 101.464523 5.909791
v 65.789658 101.465439 5.223441
v 65.582649 100.881111 5.961119
v 65.501732 100.605888 5.986353
v 65.073753 100.117096 5.974648
v 64.429214 99.881355 5.991562
v 64.556137 99.775787 6.688624
v 64.335724 100.039993 4.762308
v 64.369118 100.179756 4.332778
v 64.374550 99.961609 5.319808
v 64.658707 100.636124 3.686118
v 64.162018 101.093880 3.653198
v 64.343948 104.393242 11.599484
v 65.306236 104.033836 8.729198
v 65.485352 103.883369 8.142406
v 65.444199 103.961525 7.371978
v 64.674110 103.501320 4.479950
v 65.030617 103.550133 5.251736
v 63.607399 100.044144 5.358891
v 63.624390 100.172760 4.767803
v 63.708122 100.395195 4.278010
v 63.643784 100.090363 6.015830
v 63.712276 100.093056 6.692330
v 64.635468 99.726181 7.426635
v 64.151482 100.139832 11.908000
v 64.405159 99.958176 11.172645
v 64.563080 99.785690 10.422681
v 64.698456 99.736969 9.662242
v 64.713165 99.751640 8.160028
v 64.692986 99.790894 8.905595
v 63.754536 100.121536 7.400633
v 63.810844 100.212883 8.126279
v 63.281857 100.538994 11.751530
v 63.449165 100.431053 11.011071
v 62.503662 101.014809 10.812126
v 63.045349 100.793655 9.479785
v 63.760738 100.213257 9.568229
v 63.828743 100.250572 8.854932
v 62.803692 100.859779 10.097715
v 63.625893 100.284393 10.281988
v 59.084961 101.726372 12.245390
v 58.774323 101.640549 11.358267
v 57.095284 102.376617 12.437966
v 58.384674 101.819382 10.492689
v 57.985394 102.128914 9.663491
v 56.438652 103.194595 10.860872
v 56.744236 102.708298 11.677277
v 56.270096 104.167839 11.634523
v 56.509346 103.611115 12.383141
v 56.785873 103.180084 13.042920
v 56.628036 105.136208 12.351464
v 56.820141 104.478745 12.998914
v 57.010582 103.988487 13.544329
v 57.661346 105.857391 12.893722
v 57.487942 105.122917 13.508728
v 65.625526 99.805779 8.945626
v 66.466980 100.967590 8.967587
v 65.000862 103.625999 12.415659
v 65.164543 103.483047 11.932929
v 65.405922 103.497711 11.492682
v 66.093384 103.262894 9.258351
v 66.092079 103.127289 8.852731
v 66.081596 103.101913 8.434180
v 65.683945 102.807526 6.336021
v 65.533562 102.717567 5.903357
v 65.496391 102.732765 5.433899
v 63.334850 101.673904 14.226946
v 64.858269 104.272713 10.989626
v 65.209503 104.391640 10.213728
v 65.421928 104.141853 9.376985
v 65.064430 103.708336 5.944026
v 65.310272 103.698380 6.590842
v 61.615189 106.097321 10.819391
v 63.005882 105.578644 6.621299
v 63.099380 105.538658 7.880471
v 63.857948 104.967216 6.690703
v 63.962032 104.960892 7.515650
v 62.674747 105.740196 9.338953
v 63.331638 105.223930 10.180896
v 62.830494 105.395630 10.979753
v 62.954659 105.324158 5.438775
v 63.621441 104.888832 11.282232
v 64.042953 104.782112 10.606130
v 64.139481 104.151588 4.641838
v 64.585999 104.364197 6.678713
v 64.688797 104.456398 7.429320
v 65.034859 103.923264 11.424054
v 64.817459 103.974823 11.777661
v 64.676788 104.060097 12.175406
v 65.470406 103.252136 6.275625
v 65.341194 103.191818 5.536732
v 65.367683 103.225845 5.916780
v 65.769691 103.683731 9.130413
v 65.741730 103.608131 8.780713
v 65.774422 103.534004 8.454671
v 63.257572 104.975258 12.000355
v 62.689148 105.323677 11.650741
v 61.892845 105.454590 11.935974
v 66.331383 100.534721 8.967771
v 63.776138 104.794014 5.939630
v 64.438095 104.245827 5.994641
v 64.389992 104.163300 5.371441
v 64.187096 104.794693 8.010942
v 63.909004 104.997169 8.435179
v 64.728775 104.418213 8.052718
v 64.616722 104.534439 8.625877
v 64.557655 104.676262 9.299039
v 64.412468 104.765656 9.989046
v 63.829254 105.055298 9.802208
v 63.753391 105.145988 9.222249
v 59.707073 101.872025 8.714522
v 60.410210 101.572624 9.564245
v 60.738148 105.400146 12.593834
v 58.402420 104.567039 14.276877
v 59.886524 103.662346 14.362505
v 61.382607 101.624664 9.068254
v 61.195641 101.316307 10.511805
v 61.994503 101.326469 9.780030
v 66.161003 100.346458 15.591682
v 67.080978 99.716003 15.486047
v 66.680489 100.438316 15.132866
v 67.497139 98.483170 14.879770
v 59.522274 104.249046 14.125225
v 61.466438 104.662827 13.166863
v 62.466648 104.885338 12.582068
v 58.736080 104.138000 14.611245
v 62.126869 101.416618 8.017200
v 62.334854 101.394867 8.848453
v 62.481682 101.212952 9.391732
v 64.729500 101.093811 14.858095
v 59.122692 101.790825 15.873644
v 70.256180 98.333931 11.474040
v 28.445684 4.291657 14.796997
v 27.487078 5.168006 11.596245
v 29.299522 5.096311 10.125490
v 30.395411 4.157735 12.805001
v 27.923368 7.752344 5.440343
v 26.114452 7.915378 6.645027
v 31.696793 2.703403 15.260859
v 29.338825 3.406848 17.844307
v 25.981224 3.885418 15.687147
v 26.965891 2.966601 18.452875
v 30.055716 2.062316 19.690992
v 27.558174 2.168165 20.520178
v 32.361603 1.515244 16.298365
v 33.583961 2.416098 11.046137
v 33.860855 1.361460 11.434526
v 32.938984 2.832303 9.360869
v 33.420837 1.741520 9.076520
v 31.961746 3.335111 6.834427
v 32.819466 2.221928 6.201236
v 29.493288 5.047929 1.382146
v 30.073416 3.164843 0.714399
v 28.203136 7.039371 -1.661051
v 28.927349 3.817866 -2.185609
v 27.123686 9.060649 3.635339
v 25.564386 9.142181 4.498500
v 25.910398 11.547735 1.679038
v 27.263914 10.851309 -2.756434
v 24.558296 11.385200 1.995595
v 26.096745 10.921985 -5.801293
v 24.497402 7.893382 -8.132247
v 24.233994 11.070117 -7.500340
v 24.672773 4.845170 -8.735731
v 20.993444 11.095358 -5.913340
v 20.822548 8.080228 -6.288104
v 20.505615 5.211403 -6.675256
v 22.044796 7.336080 1.163570
v 22.820414 6.210952 4.117714
v 22.353214 4.327560 3.975721
v 23.029785 10.277302 0.920742
v 23.804461 8.177373 4.247491
v 24.363750 6.829024 7.076627
v 23.352491 5.131273 7.182921
v 23.896950 14.539299 0.734868
v 25.254391 14.722911 0.594961
v 26.453323 14.363064 -3.628748
v 25.439901 14.281973 -6.009301
v 23.804897 14.269552 -7.366185
v 20.824560 14.219176 -5.794067
v 22.603411 14.155823 -0.376141
v 21.509607 4.988788 1.089422
v 22.857668 3.441596 7.040538
v 25.301916 5.055800 12.681922
v 27.619680 -0.026128 18.872478
v 23.179863 2.011015 12.848869
v 27.284506 0.740772 20.445469
v 25.605469 2.536411 18.511953
v 24.774670 2.760793 15.838090
v 23.915201 3.510252 12.970124
v 32.883911 0.667242 6.065428
v 30.597298 1.485101 0.604485
v 33.340183 0.382230 9.002166
v 29.459827 1.678138 -2.415731
v 24.758806 2.036879 -8.761103
v 24.235851 28.927483 0.215305
v 22.098900 28.499582 1.065015
v 20.230988 43.699032 2.836641
v 22.687813 44.552654 1.799974
v 17.299374 43.494102 1.669446
v 24.656130 21.606760 -0.090878
v 22.920490 21.347094 0.515784
v 25.978729 21.495909 -4.971549
v 26.039276 28.980301 -5.898229
v 24.920031 46.158798 -5.497208
v 24.743958 21.200096 -6.955512
v 22.919563 20.853678 -8.405060
v 19.760946 20.711929 -6.031443
v 21.303862 21.092659 -0.627544
v 19.726145 28.081493 0.144183
v 17.530245 27.513130 -6.584775
v 12.491157 43.828720 -6.257052
v 21.696547 27.923433 -9.944880
v 24.462240 28.518831 -8.455209
v 18.300068 45.510269 -10.470644
v 22.615519 46.343170 -9.256289
v 23.797331 36.706188 1.054786
v 26.341703 37.322388 -6.455016
v 24.533785 36.900822 -10.297711
v 20.150230 36.179333 -11.903521
v 13.635518 34.954205 -7.342928
v 18.088161 35.624748 1.335320
v 21.166758 36.140022 2.178958
v 6.803741 174.228470 5.531698
v 5.471584 172.725250 9.235254
v 5.551465 171.856415 8.707323
v 7.082916 172.512100 5.139424
v 7.203533 170.799072 4.934446
v 5.438427 170.836502 8.385716
v 6.732214 167.806824 5.261878
v 8.392257 170.417343 -1.626400
v 7.032886 165.431564 -0.011972
v 8.538965 173.207443 -1.887090
v 5.600657 162.272888 3.264358
v 5.881446 165.767517 6.406977
v 5.354404 169.697708 8.501609
v 4.123149 168.499435 9.435654
v 1.521497 170.256104 10.128498
v 1.511956 171.427704 10.378502
v 4.446412 171.504150 9.508800
v 2.584230 167.861084 10.131437
v 0.681964 167.204178 11.516582
v 6.115767 169.605621 7.616086
v 4.400225 167.845810 9.237406
v 6.380711 168.279709 6.522981
v 6.774529 170.829758 6.531742
v 6.636467 172.266205 6.761686
v 6.454177 173.698471 7.218474
v 2.055803 177.567902 9.762298
v 8.217993 175.828995 -1.533731
v 2.992091 182.216965 3.025893
v 7.802442 175.270248 1.058840
v 1.558517 174.173111 11.180791
v 2.353631 179.251801 8.060658
v 3.189082 183.034195 0.036599
v 6.352216 163.342560 4.420575
v 7.157626 166.242294 1.793507
v 8.186998 170.570221 0.751529
v 8.113593 172.968246 0.731160
v 7.272358 173.566086 -6.381109
v 6.909018 170.576645 -6.090662
v 3.424251 170.829742 -9.493134
v 6.241791 164.845840 -5.128097
v 3.438383 165.366943 -8.862210
v 6.665227 162.360367 -5.104896
v 3.915847 162.919006 -9.179832
v 6.692664 169.444199 6.476799
v 7.105797 169.184265 5.001086
v 7.750431 168.302765 1.127821
v 7.777284 167.844315 -1.001724
v 6.404434 167.704163 -5.564379
v 7.600631 178.101120 -0.930058
v 7.308331 177.431076 1.618801
v 6.357205 175.865128 6.144473
v 5.888382 175.030792 7.820913
v 4.929446 173.495605 9.767859
v 4.060524 174.000656 10.279757
v 4.992470 176.157059 8.486784
v 5.444226 177.282608 6.779852
v 6.477017 179.419327 2.244091
v 6.570204 179.999237 -0.401675
v 5.342030 165.102386 7.163032
v 4.093216 162.180557 8.195896
v 2.495719 161.181381 9.610220
v 2.327096 162.839188 9.979383
v 2.911761 167.121902 9.948071
v 4.129998 164.435242 8.804170
v 2.354703 163.755615 10.126577
v 2.379176 164.765488 10.205876
v 1.386892 166.238052 10.640761
v 1.079449 166.606949 10.933756
v 1.442872 170.812576 10.212739
v 1.863392 167.667084 10.628901
v 1.348793 167.723267 11.328146
v 1.870229 166.828186 10.230566
v 1.251331 167.066605 11.011385
v 2.135147 168.774643 10.173467
v 2.226618 169.511002 9.914329
v 4.876197 166.642975 8.420622
v 3.667832 165.819168 9.396954
v 3.024144 165.423004 9.815940
v 3.246614 162.713898 9.278517
v 2.329188 162.006104 9.866906
v 3.505800 160.624496 7.429874
v 2.635383 160.381454 9.264685
v 1.281503 161.850769 10.317192
v 1.452748 160.805313 10.148194
v 1.609801 159.813049 9.445999
v 1.857544 159.829834 7.044539
v 2.685489 160.114578 4.125003
v 8.646007 173.401184 -4.345488
v 8.179983 170.349640 -4.038406
v 7.512234 167.465561 -3.273946
v 7.130581 164.227310 -2.175092
v 7.169915 161.581406 -2.610905
v 4.588045 161.093506 2.135594
v 4.848637 159.123810 1.591537
v 2.669877 158.263916 3.227788
v 3.939988 137.282761 14.019075
v 4.503648 131.162811 12.496000
v 9.256544 131.779480 11.657895
v 9.602042 128.000977 10.826022
v 14.193302 133.173843 9.793398
v 15.215024 128.956512 7.346005
v 18.080412 137.020569 6.757952
v 17.432386 133.930756 3.227722
v 8.882092 134.421066 13.363452
v 12.751819 135.894684 11.973950
v 15.322063 138.892212 10.272842
v 28.316404 130.143326 1.417878
v 34.857750 137.671249 -4.131542
v 39.099495 131.238022 -3.547148
v 34.040771 125.751831 0.926007
v 35.043049 137.545364 -6.831449
v 39.313686 130.985657 -5.529640
v 36.985672 127.652779 -10.100494
v 32.133942 133.498871 -11.844320
v 35.906914 125.416649 -10.094648
v 30.096054 130.868500 -12.656609
v 27.636728 128.627045 -5.855393
v 33.081299 124.217613 -5.371834
v 31.076408 127.779068 1.321762
v 30.186298 126.519844 -5.606894
v 33.019268 128.148773 -11.338126
v 34.652340 130.417160 -10.662788
v 37.271603 134.200943 -6.237978
v 37.016171 134.361664 -3.913755
v 47.912575 123.990013 -3.142707
v 47.976082 124.816246 -0.999251
v 45.403355 119.784363 -6.994328
v 43.866680 118.201279 -7.297889
v 45.310570 127.409584 -2.083428
v 45.362984 126.658089 -4.383316
v 42.738888 121.984497 -8.186099
v 40.732700 120.867577 -8.427042
v 55.441742 114.018898 2.352527
v 55.367165 114.513107 3.704313
v 9.384724 123.422997 10.950499
v 13.774527 123.245552 7.845645
v 19.610527 124.502144 -7.137565
v 17.867353 120.544220 -6.458862
v 17.299828 124.625603 -12.120943
v 15.728366 120.525688 -11.003198
v 12.299676 125.048607 -15.228627
v 6.529232 125.590591 -16.079937
v 6.108751 121.479340 -14.889257
v 12.788924 103.498383 6.233933
v 12.320593 118.473572 7.179188
v 15.464694 106.684525 -5.167607
v 16.422285 117.029320 -5.806271
v 10.757514 117.239044 -12.938385
v 44.409187 123.028305 4.171627
v 52.759876 113.710556 6.853663
v 50.901108 109.863022 2.737552
v 40.351376 115.764854 -2.711601
v 54.102898 111.420197 -0.159497
v 53.181454 110.433472 -0.146038
v 25.733624 132.607010 1.221350
v 27.292717 134.649643 2.472346
v 29.980240 132.198090 2.591992
v 32.713764 129.765793 2.336070
v 35.465527 127.548096 1.848855
v 32.140472 140.589432 -4.185384
v 20.664234 141.658508 6.895876
v 16.910131 143.018829 8.943992
v 32.362068 140.620148 -7.058424
v 29.943277 143.327744 -0.316325
v 30.536674 144.314865 -3.720378
v 4.759606 127.685944 13.129346
v 4.243597 134.033737 13.830463
v 4.828828 123.359718 13.400603
v 3.808881 149.904831 6.092847
v 8.318295 137.449570 13.627190
v 11.184190 137.701843 12.673973
v 12.053418 140.127975 11.621108
v 8.327567 140.481720 12.593256
v 3.987851 140.531433 12.856461
v 3.992364 143.937317 11.260546
v 8.453865 143.977020 10.800451
v 12.767902 143.810440 10.100361
v 3.081955 156.334610 3.154643
v 5.358128 157.149582 1.489625
v 7.962375 150.746582 5.007065
v 22.814337 134.630203 0.825626
v 24.674351 136.760742 2.513742
v 26.417328 139.091202 2.709719
v 18.578066 151.749237 2.729500
v 23.547485 149.921021 1.942673
v 29.568478 143.857925 -6.928208
v 24.266253 152.291504 -2.657674
v 19.007893 153.271683 -2.329303
v 23.227613 151.576813 -7.548894
v 18.665213 153.800995 -6.777445
v 13.896435 150.841461 -13.908237
v 20.139381 147.450165 -12.704086
v 20.608160 128.703903 -7.437840
v 23.858055 133.054611 -6.386511
v 25.652779 130.798721 -5.995053
v 10.333370 94.270554 7.668059
v 12.091456 90.324959 8.217093
v 4.790521 90.428017 8.760758
v 3.864217 84.854134 5.171619
v 2.356534 86.520378 7.176770
v 2.232795 83.520119 2.566498
v 1.633234 85.415627 5.449806
v 7.039188 87.350449 7.792871
v 5.238842 96.345268 9.817361
v 9.595286 98.105118 7.900548
v 12.808617 99.908752 5.626928
v 14.011030 96.339081 6.017673
v 16.106352 103.103958 -5.316024
v 16.324200 99.038055 -5.405163
v 15.806537 92.127510 6.457658
v 1.472070 81.722244 -2.161405
v 2.428291 79.713936 1.792086
v 1.882470 78.730560 -2.697133
v 4.186482 81.175430 5.310579
v 8.070232 83.223206 8.502667
v 13.676112 85.388718 8.822334
v 17.593954 86.661194 6.637355
v 17.152449 94.256645 -5.812958
v 18.347055 87.744331 -7.006763
v 4.717114 168.972946 9.058845
v 5.003398 168.254608 8.807017
v 4.365060 170.929092 9.359317
v 3.321343 163.617340 9.382892
v 6.174368 164.694992 5.464684
v 6.994958 167.106766 3.710866
v 6.914557 176.703140 4.052586
v 17.880487 61.177605 7.404283
v 16.021286 72.964081 9.209148
v 20.093582 74.151154 6.495744
v 21.006012 61.933002 5.314743
v 13.330998 59.974728 6.736875
v 10.560685 71.406052 8.511929
v 4.854111 69.537445 -3.611757
v 8.473919 59.757423 -4.096823
v 21.110735 63.030060 -4.661845
v 18.122705 62.188541 -7.821557
v 14.014548 61.075386 -9.009587
v 10.832040 70.795273 -11.270096
v 16.627377 72.618660 -10.311649
v 20.462633 74.221794 -6.147203
v 13.374697 83.216919 -11.017357
v 7.532567 80.582626 -10.795153
v 11.898696 65.553474 7.652056
v 6.709542 64.549789 -3.869330
v 12.440738 65.547813 -10.546742
v 20.985769 68.362991 -5.213072
v 20.614397 67.864120 5.953795
v 16.910967 66.856247 8.378587
v 15.343695 50.545002 3.928494
v 11.505841 51.325901 -4.909750
v 16.305416 52.977547 -8.391955
v 22.880219 53.970726 -4.431800
v 22.145628 52.369125 3.333527
v 19.728014 50.906860 5.936861
v 23.328331 40.668930 1.442240
v 26.005295 41.871239 -6.228796
v 23.968594 41.807037 -10.292269
v 19.282127 41.065639 -11.886625
v 12.528393 39.520077 -7.036588
v 17.554159 39.597370 1.631775
v 20.675522 40.039837 2.586178
v 21.593840 32.249916 1.619183
v 18.840229 31.750013 0.784328
v 15.698984 31.045130 -6.964870
v 20.912748 31.804230 -10.884316
v 26.119762 33.027435 -6.224549
v 24.031216 32.757233 0.616512
v 22.541180 24.870741 0.695382
v 24.444441 25.208117 -0.086449
v 25.917780 25.163597 -5.450498
v 24.540956 24.793146 -7.611008
v 22.361633 24.309603 -9.125324
v 18.859877 24.086075 -6.271262
v 20.561621 24.548040 -0.322184
v 23.331888 17.908569 0.423752
v 21.981522 17.662209 -0.693952
v 20.405327 17.423843 -5.857917
v 23.387545 17.528307 -7.736901
v 26.247089 17.924284 -4.350487
v 24.938684 18.112926 0.151906
v 14.966734 79.330482 9.257572
v 19.005257 80.520065 6.619380
v 19.563551 80.641129 -6.771583
v 15.162225 78.205467 -10.712568
v 9.013219 75.929764 -11.376119
v 2.894425 74.432838 -3.309262
v 9.234496 77.457520 8.930497
v 22.041780 4.989064 -8.840297
v 22.077534 8.106637 -8.294621
v 21.963020 11.153258 -7.786613
v 21.672783 14.208119 -7.607572
v 21.171419 17.338726 -7.722195
v 20.549501 20.608660 -7.990934
v 19.780256 23.999880 -8.391400
v 18.807392 27.515308 -8.962337
v 17.490194 31.227900 -9.703341
v 15.740773 35.295929 -10.672855
v 14.764727 40.142147 -10.434437
v 14.294621 44.657024 -9.412926
v 13.567275 52.141560 -6.888537
v 10.481087 60.302979 -7.167000
v 8.367908 64.787781 -7.722448
v 6.435320 69.679642 -7.934563
v 4.606768 74.590851 -7.834361
v 3.126446 78.846420 -7.668010
v 27.862398 1.930001 -6.215948
v 27.418468 4.376883 -5.941598
v 26.786907 7.579053 -5.691367
v 25.031023 17.704699 -6.418688
v 24.513613 32.489609 -9.405809
v 19.840803 53.611752 -6.880623
v 17.846407 67.095001 -9.349681
v 14.549408 95.538864 -10.280468
v 14.791937 90.697769 -11.980877
v 11.018745 86.454247 -13.249362
v 4.988279 84.509193 -12.251451
v 14.370234 99.896484 -9.753995
v 14.192221 103.841125 -9.544733
v 11.305668 100.781036 -13.923561
v 9.436914 102.272339 8.745263
v 8.608789 118.706917 10.013231
v 4.755115 118.407196 12.737954
v 5.153113 101.239540 10.465338
v 13.371504 107.211357 -8.952595
v 14.545617 116.971840 -10.029516
v 5.601655 107.910072 -13.959821
v 5.895699 117.885765 -13.436504
v 5.883771 104.754845 -15.071521
v 4.889215 88.616814 -15.919398
v 9.398828 89.018417 -15.408932
v 10.788470 92.512878 -15.395197
v 11.385691 96.760933 -14.497547
v 6.156960 97.259163 -16.995239
v 5.623129 93.070229 -17.093742
v 6.244591 101.219215 -16.248211
v 11.486768 120.844444 -14.059971
v 10.061791 107.636543 -12.032109
v 10.754793 104.508904 -13.045817
v 5.143631 106.552620 11.319833
v 9.062882 107.191040 8.942749
v 12.508039 108.231117 6.562328
v 15.475964 110.147820 -5.216544
v 13.622652 110.414635 -9.188502
v 9.910130 110.791344 -11.693871
v 5.456653 110.964294 -13.024355
v 2.201434 82.175591 -7.282993
v 24.931112 1.095089 5.130112
v 26.339214 -0.055436 10.120371
v 28.842682 -0.212881 1.844725
v 30.731966 -0.103639 6.890412
v 31.485010 -0.299118 9.233685
v 31.908558 -0.290338 10.789992
v 33.420933 0.209404 11.649862
v 32.116848 0.269888 16.140192
v 29.880342 0.322561 13.401166
v 28.172806 0.344120 15.063234
v 29.862120 0.329571 19.322931
v 30.002163 0.035754 1.063712
v 31.744965 -0.035837 6.427706
v 32.398899 -0.229175 9.059940
v 32.759220 -0.209367 11.426184
v 31.198530 -0.015357 15.195008
v 29.213200 0.086661 17.896873
v 27.264217 -0.398179 12.688120
v 25.895664 0.766295 4.305777
v 27.742865 0.376785 9.149817
v 28.742834 -0.236136 11.393942
v 24.016596 1.576916 5.908514
v 24.621788 -0.283385 11.182231
v 25.507359 -0.187526 14.112145
v 26.273220 0.249220 16.751377
v 23.245955 2.278889 6.584428
v 23.266901 0.645914 12.052101
v 22.243637 2.057340 -8.709003
v 20.305233 2.347972 -6.746761
v 21.476746 3.054918 0.774969
v 22.507101 2.795722 3.655093
v 24.894802 136.130234 -12.389219
v 26.461422 138.978058 -13.071491
v 13.490320 145.137192 -17.006760
v 13.047854 139.392868 -17.843245
v 33.505848 124.242874 -7.129701
v 30.317064 126.265434 -7.750418
v 27.484718 128.423676 -8.246068
v 18.758516 129.762238 -12.514804
v 23.808989 132.970398 -8.563601
v 24.050985 134.035446 -10.659949
v 18.102694 134.279175 -14.407403
v 18.833904 138.447937 -16.210163
v 19.239901 143.430847 -15.345925
v 25.392078 130.742599 -8.451064
v 27.397070 133.706207 -12.785763
v 29.331678 136.493698 -12.588175
v 34.305939 124.395836 -8.842419
v 31.158749 126.494125 -9.998987
v 28.124451 128.990829 -10.799281
v 25.851786 131.633560 -10.923168
v 12.965751 134.492981 -16.498735
v 12.921010 129.737335 -15.999692
v 6.793537 145.394485 -18.064791
v 6.746502 139.701538 -18.277880
v 6.728789 134.673172 -17.497435
v 6.744980 130.061264 -16.715466
v 28.093435 141.612946 -11.594001
v 31.361786 138.988251 -11.425275
v 33.939819 135.634109 -10.680503
v 36.040123 132.070511 -9.575450
v 38.468597 128.660873 -8.776104
v 43.297123 123.936935 -7.388671
v 46.495014 121.462967 -6.238102
v 54.789089 112.435616 0.356468
v 36.853245 129.305801 1.477821
v 34.433586 131.779053 2.010942
v 31.801062 134.363251 2.331243
v 29.077963 136.776627 2.406641
v 38.602531 131.042068 -1.633888
v 36.501522 134.059296 -1.637150
v 34.180138 137.111389 -1.557779
v 31.398870 139.827515 -1.489887
v 6.833852 151.025955 -16.454693
v 12.844804 152.173279 2.727936
v 14.727132 154.819077 -1.919387
v 15.197332 156.308105 -5.995277
v 10.746615 155.349396 -12.529898
v 5.791386 155.193954 -14.302131
v 19.868172 2.768739 -4.184624
v 20.365198 5.306535 -4.137098
v 20.490353 8.057509 -3.956397
v 20.250677 11.024025 -3.896742
v 20.336208 14.198725 -3.918295
v 20.037222 17.444595 -4.005599
v 19.488832 20.769775 -4.087252
v 18.630783 24.162947 -4.128401
v 17.330486 27.603447 -4.108247
v 15.611280 31.127527 -3.972474
v 13.929408 34.973244 -3.670318
v 12.934364 39.231838 -3.313224
v 12.886360 43.409935 -3.005343
v 11.374583 50.814690 -1.792652
v 8.526817 59.564384 -0.352013
v 6.731339 64.519333 0.147573
v 4.721048 69.601654 0.717004
v 2.987722 74.749435 1.302292
v 4.739625 75.756721 5.831193
v 6.268807 70.069374 5.365687
v 8.201040 64.698441 4.458688
v 9.940734 59.533085 3.467534
v 12.886491 50.649826 1.241060
v 14.369657 43.292355 -0.011328
v 14.513421 39.256962 -0.063074
v 15.339105 35.128582 -0.507178
v 16.532335 31.271273 -1.119803
v 17.942257 27.721754 -1.671780
v 19.113335 24.272602 -1.974085
v 20.026495 20.886080 -2.124058
v 20.700655 17.529200 -2.114322
v 21.069784 14.176323 -1.878848
v 21.023314 10.875748 -1.369305
v 20.954649 7.860851 -1.479469
v 20.848280 5.275462 -1.631499
v 20.556160 3.034692 -1.825480
v 47.342094 124.998558 1.280908
v 54.855495 114.648155 5.115842
v 44.634823 127.485008 0.196475
v 41.849804 125.212898 2.757106
v 51.804424 112.789116 6.570387
v 42.914749 121.271240 3.721646
v 40.488270 123.508392 2.412770
v 39.374287 121.883003 1.365170
v 41.729874 119.599411 2.707866
v 51.158791 111.935555 5.905918
v 37.562340 118.151894 -4.068759
v 38.283466 118.453506 -5.941397
v 39.416096 119.352142 -7.464228
v 52.191311 109.755478 0.475671
v 42.255474 116.716553 -6.412514
v 51.401405 109.620720 1.543054
v 41.064861 115.889854 -4.739108
v 3.481212 152.009384 3.852565
v 6.558719 152.230225 1.874846
v 9.640837 153.545227 -0.478121
v 11.577460 156.478287 -2.247910
v 6.897022 158.243011 -0.639483
v 7.626851 159.388931 -2.921333
v 6.342090 166.656830 5.744488
v 6.926606 164.452972 2.922306
v 6.444544 163.572861 1.594810
v 6.410614 162.160309 0.367638
v 6.655006 160.266724 -0.193238
v 7.562222 160.216064 -5.218827
v 12.053530 157.943130 -5.517686
v 8.592406 157.735428 -10.663119
v 3.619247 174.040726 -9.840923
v 3.301448 167.986710 -8.915247
v 4.958916 160.393188 -9.969911
v 5.033365 157.926331 -11.840148
v 4.189246 163.464554 8.489238
v 6.689562 165.700073 4.502949
v 7.447069 168.790298 3.168408
v 7.699922 170.729324 2.966461
v 7.639451 172.760971 3.065911
v 7.341980 174.759613 3.435305
v 6.021941 178.450699 4.726162
v 2.654687 180.870605 5.797719
v 5.532465 164.013535 6.445996
v 5.514115 162.657196 5.705772
v 4.506808 161.358902 4.824825
v 1.804954 175.820419 10.689593
v 4.499409 175.023026 9.607560
v 5.385326 174.217529 8.999885
v 6.006146 173.188660 8.470391
v 6.160867 172.029343 7.960142
v 6.169660 170.821182 7.695942
v 5.971100 168.548706 7.542142
v 5.741364 167.754700 7.624915
v 5.374361 167.157593 7.951931
v 3.069368 160.389252 8.472445
v 3.331262 161.511398 8.972116
v 3.038219 162.106369 9.409801
v 3.366950 164.466827 9.523129
v 3.488335 165.021835 9.515063
v 3.987010 165.190598 9.074224
v 5.115875 165.959885 7.829793
v 5.615873 166.561935 7.255785
v 6.027690 167.319809 6.794043
v 0.635448 166.575226 11.266462
v 0.769980 165.987640 11.037907
v 1.188305 164.564682 10.863197
v 1.251295 163.737579 10.749328
v 1.246625 162.821350 10.511934
v 1.687877 159.669601 8.156145
v 0.781011 167.927216 11.844829
v 1.447063 168.434006 10.609924
v 1.827337 172.121796 10.734158
v 3.401157 172.409851 10.537447
v 4.033463 172.285828 10.166265
v 4.403122 171.990738 9.795490
v 4.213067 170.362747 9.361563
v 3.940336 169.920242 9.471923
v 3.482169 169.653244 9.607891
v 1.844388 173.025787 11.152143
v 3.699083 173.126724 10.617208
v 4.483236 172.878799 10.165379
v 4.961345 172.389969 9.629185
v 4.992018 171.688492 9.178932
v 4.880730 170.902100 8.976403
v 4.718976 170.113907 9.033596
v 4.324576 169.512482 9.298349
v 3.741470 169.115997 9.555656
v 3.234341 182.995087 -3.054604
v 6.363101 180.204330 -2.790791
v 7.312928 178.502258 -3.346947
v 8.033429 176.199554 -3.978639
v 7.079431 176.489731 -6.071127
v 3.482224 177.233810 -9.010082
v 3.153261 179.717026 -7.466016
v 6.456074 178.769073 -5.277975
v 3.086786 181.563263 -5.495989
v 5.958763 180.049179 -4.437803
v 3.335069 154.293594 3.432567
v 5.775926 154.935822 1.262632
v 7.755086 156.079865 -0.879948
v 9.403996 157.955414 -2.624116
v 9.498285 158.867142 -5.352874
v 7.518740 159.199448 -9.473729
v 21.483339 138.350708 2.882880
v 23.909910 140.686874 4.579886
v 27.620741 146.954758 1.034273
v 28.460503 148.690567 -3.300379
v 27.221994 147.959259 -7.533123
v 24.536697 144.368164 -12.222140
v 23.164030 141.200699 -13.347665
v 21.889875 137.762527 -13.173955
v 20.951056 135.104202 -11.373622
v 20.811226 132.552963 -9.532336
v 21.118784 132.217850 -6.960546
v 20.650002 136.339844 0.491470
v 18.583761 56.364655 6.226893
v 20.918390 56.295654 4.290534
v 21.756363 58.262318 -4.347303
v 18.755829 57.743614 -6.852527
v 15.148558 56.867558 -8.227101
v 12.234816 56.128597 -6.744329
v 10.176021 55.370323 -4.411408
v 10.228472 54.988991 -1.062564
v 11.632799 54.755852 2.342390
v 14.941191 54.690845 5.588421
v 16.955627 47.344593 2.634728
v 14.189968 47.088543 0.277671
v 12.835766 47.249882 -2.547260
v 12.686349 47.672752 -5.406089
v 14.199736 48.437832 -7.933655
v 17.339109 49.355747 -9.180044
v 21.080059 49.892281 -7.655767
v 23.529100 49.927471 -4.447817
v 22.355721 48.369858 2.876980
v 20.028595 46.802574 3.740528
v 21.435125 51.592049 5.019293
v 19.253399 53.434196 6.095132
v 17.704203 50.564392 5.426952
v 20.011869 48.633118 5.028378
v 20.644758 53.766342 5.192083
v 17.476933 52.846275 5.963827
v 18.233652 48.666679 4.591977
v 21.700977 49.329720 4.593779
v 4.809614 112.691498 11.568158
v 8.468226 113.165779 9.054251
v 11.813507 113.416817 6.436327
v 15.609472 113.606628 -5.422698
v 13.975636 113.635155 -9.459043
v 10.237965 113.938622 -12.188616
v 5.591050 114.344955 -12.879910
v 50.823719 111.131454 4.976502
v 40.790802 117.933517 1.301057
v 38.147991 120.236931 0.137623
v 33.058460 124.604317 -1.111485
v 29.950506 126.418594 -0.868454
v 27.326981 128.763794 -0.855721
v 25.152395 131.241547 -1.117992
v 23.179079 134.468643 -2.466510
v 20.551495 135.096405 -2.324156
v 19.429821 132.368347 0.008032
v 17.864426 126.843170 2.356774
v 16.027813 122.248909 2.989536
v 14.301115 118.013123 2.812041
v 14.263302 113.491402 2.839571
v 14.888182 109.113258 3.055572
v 15.533460 104.965134 3.212838
v 15.289148 101.368683 2.764650
v 16.193050 97.567482 2.804306
v 17.826868 93.193535 2.798766
v 19.710119 87.511841 2.636236
v 21.109583 81.252289 2.576911
v 22.016161 74.755013 2.511110
v 22.248466 68.492661 2.312001
v 22.169592 62.732811 1.959612
v 22.659481 57.590050 1.604611
v 23.234768 53.196930 1.004205
v 23.185211 49.123882 0.250754
v 23.793114 45.227146 -0.380434
v 24.318291 41.162102 -0.806261
v 24.693089 37.084839 -1.179331
v 24.991508 33.066750 -1.436453
v 25.405798 29.152880 -1.481569
v 25.552109 25.357227 -1.564276
v 25.599941 21.699837 -1.435767
v 25.787363 18.111038 -1.089627
v 26.090012 14.611840 -0.419146
v 26.738197 11.308614 0.709374
v 27.821255 8.497965 2.287444
v 28.727411 7.020144 3.989169
v 30.451891 4.664171 8.773740
v 31.540197 3.838272 11.232974
v 32.492523 2.608841 13.199210
v 33.066639 1.242156 14.273955
v 32.749374 0.276645 14.355895
v 31.920391 0.002711 13.677807
v 30.782272 0.164481 12.249599
v 29.834661 -0.200677 10.418534
v 28.888863 0.371897 8.222026
v 26.833870 0.492427 3.440125
v 68.284210 97.488274 15.989637
v 68.105927 97.673157 16.507042
v 67.629997 97.644409 16.876549
v 67.107185 97.397415 16.874489
v 66.790665 97.133644 16.569120
v 66.731407 96.827454 15.893642
v 66.867851 96.746529 15.635397
v 67.108818 96.749550 15.450170
v 67.768684 96.925430 15.358639
v 68.135468 97.180351 15.565953
v 69.235130 98.592491 10.253599
v 69.611824 99.030495 10.611417
v 69.578644 99.210960 11.303602
v 69.333641 99.161476 11.988766
v 68.784866 98.744041 12.240253
v 68.398079 98.333946 12.097568
v 68.104210 97.870094 11.420623
v 68.124481 97.779587 11.063290
v 68.278664 97.821869 10.720748
v 68.842880 98.197701 10.193466
v 68.011765 98.174500 15.678960
v 67.840851 97.830513 15.220801
v 67.498245 97.558289 15.044476
v 66.871567 97.340851 15.208279
v 66.678024 97.355629 15.393495
v 66.561378 97.436348 15.641566
v 66.518265 97.739159 16.270367
v 66.802010 98.025505 16.543926
v 67.328316 98.311722 16.569466
v 67.788078 98.354683 16.191952
v 66.537354 99.001984 7.895391
v 67.266624 99.607704 8.169717
v 67.603416 100.035591 8.091082
v 67.955254 100.389320 7.768713
v 68.039940 100.531067 7.143171
v 67.697723 100.302483 6.606078
v 67.216125 99.943085 6.468946
v 66.879974 99.553833 6.467576
v 66.285721 98.934654 6.824227
v 66.257683 98.816460 7.439034
v 70.029221 97.636345 6.903459
v 70.052956 97.605751 7.391885
v 69.686638 97.308617 7.864507
v 69.304398 97.018768 7.939990
v 68.772675 96.654442 7.529992
v 68.664192 96.601593 7.200359
v 68.696358 96.674240 6.796204
v 69.069664 96.995132 6.284196
v 69.473694 97.284386 6.292903
v 69.814629 97.516197 6.506413
v 67.925568 97.711876 2.599372
v 68.040527 97.603630 2.985583
v 67.910538 97.425430 3.303309
v 67.650467 97.239998 3.466233
v 67.106018 97.050476 3.464605
v 66.894081 97.042030 3.308825
v 66.763420 97.090752 3.079868
v 66.854660 97.316765 2.488068
v 67.172760 97.517929 2.270812
v 67.602844 97.662903 2.320484
v 66.544670 98.696350 2.740111
v 66.217804 98.450310 2.906172
v 66.122864 98.147293 3.528776
v 66.264374 98.115410 3.794779
v 66.495567 98.170029 3.969174
v 67.034798 98.429466 4.038901
v 67.317177 98.642090 3.884391
v 67.476089 98.858444 3.539298
v 67.362923 98.982834 3.075914
v 66.976044 98.910553 2.749371
v 66.515381 99.998108 4.596302
v 66.254837 99.696182 4.756298
v 65.664619 99.323158 4.618649
v 65.431290 99.209366 4.333509
v 65.328972 99.234032 3.980639
v 65.444344 99.590004 3.318564
v 65.781593 99.916687 3.178818
v 66.214691 100.226326 3.194870
v 66.680840 100.429131 3.558075
v 66.794777 100.294067 4.156647
v 63.900368 104.572784 5.456231
v 63.537537 104.674797 4.912407
v 63.014263 104.422813 4.134856
v 62.440861 103.907051 3.353282
v 61.708046 103.044121 2.988491
v 61.136551 102.210861 3.465963
v 61.060608 101.731758 4.089789
v 61.024685 101.505524 4.693261
v 61.067684 101.376732 5.264799
v 61.173603 101.313591 5.681884
v 57.938034 106.425644 11.910458
v 56.626801 105.824860 11.531026
v 56.133892 104.822281 10.823273
v 56.256355 103.822929 10.012899
v 57.645531 102.491760 8.780288
v 53.835632 116.801735 2.579237
v 53.257561 116.933342 4.139334
v 51.019245 115.763191 6.012654
v 49.948570 114.717476 5.751585
v 49.268600 113.748856 4.935885
v 48.835022 112.816658 3.929837
v 48.778179 111.296303 1.479158
v 49.286964 110.960419 0.114285
v 50.207336 111.094368 -1.132474
v 51.393211 111.951347 -1.861201
v 52.411526 113.189842 -1.790406
v 53.140873 114.405563 -1.136369
v 53.986134 116.257172 1.033109
v 50.062637 121.246483 -1.688677
v 49.079414 118.981010 -4.623321
v 48.055099 117.464844 -5.409722
v 46.714809 115.871025 -5.683887
v 45.165161 114.460205 -4.840839
v 44.019665 113.984665 -3.150040
v 43.385357 114.150543 -1.277924
v 43.671558 116.117264 2.208570
v 44.368832 117.479439 3.655998
v 45.442135 118.983063 4.692946
v 46.984299 120.575272 5.069165
v 49.655373 122.235260 2.279198
v 50.178303 122.023125 0.202337
v 42.356033 128.899200 -5.044562
v 41.171631 126.600380 -8.209792
v 39.815956 124.376709 -10.034780
v 37.993717 122.795486 -9.152569
v 36.900528 122.066490 -8.014945
v 35.939743 121.368233 -6.579858
v 35.218281 121.139641 -4.901178
v 36.118599 122.871468 -1.165284
v 37.115993 124.267998 0.064183
v 38.166309 125.647079 1.070956
v 39.351151 127.054863 1.321614
v 41.521690 129.084381 -0.930810
v 42.094986 129.190262 -2.922673
v 52.064743 119.280510 1.397553
v 51.506752 119.438187 3.180487
v 49.123089 118.045540 5.434220
v 47.836002 116.775444 5.234217
v 46.958694 115.555534 4.259301
v 46.388542 114.448219 3.041682
v 46.262222 112.780998 0.086815
v 46.803879 112.427002 -1.493017
v 47.835262 112.631577 -2.999319
v 49.260555 113.733536 -3.837750
v 50.468933 115.224167 -3.664402
v 51.289589 116.605003 -2.859828
v 52.044815 118.612289 -0.274718
v 38.435089 125.750343 -10.259781
v 38.807838 123.367737 -9.839581
v 41.076286 123.161957 -9.286510
v 40.520248 125.557426 -9.140150
v 39.196140 126.693054 -9.441996
v 41.642792 124.257355 -8.621063
v 40.088329 122.356529 -9.265447
v 37.667931 124.696243 -10.093839
v 56.836987 112.530823 4.781128
v 57.053383 112.141762 3.458388
v 56.334103 110.708931 1.536020
v 55.595074 109.848122 1.146838
v 54.740826 109.067688 1.249018
v 53.897949 108.526985 1.840648
v 53.243244 108.395027 2.781964
v 52.760529 108.554832 3.837907
v 52.615524 109.599640 5.890668
v 52.849445 110.229378 6.806197
v 53.449589 110.976555 7.463148
v 54.384426 111.746773 7.717723
v 56.383839 112.740822 6.131036
v 58.411102 110.881790 5.812572
v 57.841141 111.121170 7.182100
v 55.689819 110.164604 8.669137
v 54.761482 109.401588 8.393566
v 54.202072 108.726631 7.686944
v 54.110390 108.207130 6.764911
v 54.405308 107.314919 4.844582
v 54.845455 107.170273 3.862504
v 55.413624 107.261887 2.955122
v 56.132420 107.722237 2.347294
v 56.961700 108.374153 2.113970
v 57.760185 109.137634 2.435118
v 58.732189 110.463554 4.454073
v 60.440231 104.480637 13.693153
v 60.877151 103.746628 13.937024
v 61.003780 103.104179 14.048674
v 61.045185 102.621452 14.116228
v 60.841618 102.138733 13.527781
v 60.629364 101.928963 13.119859
v 60.346985 101.670074 12.599771
v 60.121803 101.437721 11.818782
v 59.856880 101.447189 10.908077
v 59.368984 101.658501 10.036212
v 58.871384 101.947426 9.266238
v 58.428066 102.201508 8.692669
v 58.940495 105.626228 12.964729
v 58.095730 104.817749 14.003929
v 58.418259 105.177681 13.675665
v 59.040321 104.763008 13.845773
v 59.796543 105.101433 13.314230
v 59.695477 106.122009 11.779756
v 59.166290 107.065369 10.539368
v 58.572510 108.111237 9.688340
v 57.869724 109.417831 9.073673
v 56.838379 110.851730 8.270230
v 55.464149 112.483070 7.255835
v 53.878872 114.361969 6.209766
v 52.236576 116.553909 5.370056
v 50.476822 119.016411 4.659547
v 48.539330 121.757507 4.089728
v 46.137081 124.430489 3.204395
v 43.345051 126.734375 2.073246
v 40.517616 128.245712 0.550161
v 37.915276 130.494995 0.166840
v 35.644142 133.205231 0.377121
v 33.182693 136.039337 0.611288
v 30.518265 138.654266 0.872829
v 28.212099 141.372437 1.889311
v 26.258005 144.204819 4.064690
v 22.718861 146.530243 6.007309
v 17.949276 147.592804 6.677564
v 13.073074 148.170471 7.464540
v 8.380241 147.733658 8.393615
v 3.942059 147.263565 8.891066
v 28.773127 0.008559 -1.912471
v 23.102776 1.780015 3.135038
v 21.867186 1.663588 0.385601
v 20.516251 0.843357 -3.870597
v 21.275043 0.314217 -5.833873
v 22.805286 0.228548 -7.148709
v 24.742109 0.268726 -7.213167
v 26.992945 0.006610 -5.221385
v 20.956429 1.428394 -1.899511
v 22.442575 0.814036 -0.150173
v 23.793379 1.058056 2.491448
v 23.040508 0.180654 -1.012282
v 24.547684 0.519254 1.640912
v 23.848408 -0.336914 -2.125057
v 25.408596 0.126476 0.736052
v 27.466774 -0.316154 -1.028424
v 28.510244 6.511886 7.687752
v 29.557966 5.896784 6.258399
v 30.881117 4.012666 4.130658
v 31.536516 2.705344 3.492894
v 31.828093 1.185362 3.331988
v 30.916056 0.095801 3.798080
v 29.837534 -0.067922 4.428884
v 27.895535 0.631435 5.876205
v 26.863295 0.891325 6.748066
v 25.706745 0.882155 7.661698
v 24.480255 0.904192 8.586730
v 23.464962 1.455807 9.551191
v 23.066053 2.606775 10.066920
v 23.688526 4.205426 10.087505
v 24.918955 5.823102 9.821325
v 26.809301 6.517086 8.997402
v 69.602760 95.779053 6.439129
v 69.264168 96.218727 6.445132
v 68.826897 96.802963 6.499860
v 68.283173 97.363991 6.482332
v 67.755547 97.991615 6.538844
v 67.199867 98.606094 6.598734
v 66.574837 99.243439 6.542865
v 65.953857 99.865189 6.545064
v 65.353790 100.426674 5.983073
v 65.542397 100.030518 5.150433
v 65.966339 99.475594 4.771117
v 66.374519 98.902039 4.351651
v 66.758537 98.273521 4.058146
v 67.084045 97.692230 3.724666
v 67.368629 97.124557 3.511092
v 67.548660 96.682076 3.289937
v 67.591217 96.385162 3.054689
v 67.466866 96.279236 2.807160
v 67.223732 96.405991 2.648676
v 66.944183 96.711235 2.658924
v 66.714828 97.174896 2.802744
v 66.419952 97.697784 2.992257
v 66.045525 98.238197 3.204657
v 65.728745 98.819809 3.447579
v 65.294464 99.346222 3.621218
v 64.877243 99.861084 3.800339
v 64.475525 100.379463 3.980316
v 63.879864 100.704018 3.888005
v 70.181709 94.976212 7.011068
v 70.111092 95.211853 7.453869
v 69.848442 95.614334 7.638740
v 69.415062 96.158508 7.738552
v 68.989151 96.799370 7.790214
v 68.506485 97.417992 7.875034
v 68.008995 98.057907 7.932234
v 67.468109 98.667793 8.003975
v 66.922813 99.270920 8.123879
v 66.354691 99.864731 8.214607
v 66.095085 100.186928 8.972278
v 66.485359 99.839653 9.675344
v 67.169868 99.171982 9.885430
v 67.850342 98.590149 10.183279
v 68.513779 97.947044 10.412000
v 69.133377 97.223953 10.604001
v 69.755661 96.500694 10.874110
v 70.205055 95.700264 10.974668
v 70.584747 95.149269 11.238556
v 70.792168 94.827232 11.493884
v 70.791740 94.683022 11.742647
v 70.611534 94.750938 12.019083
v 70.244164 95.133583 12.196266
v 69.819237 95.774742 12.214513
v 69.408730 96.570580 12.047353
v 68.764084 97.291893 11.968657
v 68.196297 98.053215 11.775208
v 67.482674 98.706421 11.686674
v 66.765282 99.346352 11.603524
v 66.004402 100.021164 11.473827
v 65.320625 100.492462 12.072595
v 65.378723 100.152672 12.897814
v 65.745728 99.627342 13.323278
v 66.118095 99.118492 13.851713
v 66.497437 98.556564 14.285961
v 66.842941 97.977905 14.690688
v 67.154945 97.399109 15.067545
v 67.398720 96.795265 15.351470
v 67.573364 96.300461 15.679469
v 67.600777 95.980202 15.950680
v 67.435890 95.855301 16.206635
v 67.230507 96.053726 16.401337
v 66.968903 96.435410 16.379557
v 66.677399 96.938629 16.208820
v 66.495003 97.558495 15.929876
v 66.028282 98.075829 15.665359
v 65.616325 98.663116 15.346227
v 65.256363 99.262886 14.985343
v 64.738907 99.778572 14.706783
v 64.268669 100.312416 14.408690
v 63.815784 100.867462 14.095492
v 63.182896 101.289360 13.942180
v 62.489098 101.701309 13.814821
v 61.758850 102.100273 13.719012
v 60.970169 102.356262 13.846463
v 59.271664 102.034859 16.022631
v 59.323875 101.718315 16.638393
v 59.341499 101.410797 17.254122
v 59.256535 101.167343 17.839581
v 59.090569 100.986176 18.348251
v 58.892120 100.866753 18.727266
v 58.662369 100.787003 18.963989
v 58.421143 100.677643 18.986479
v 58.210182 100.600700 18.884554
v 58.103443 100.541237 18.574400
v 58.023876 100.521255 18.136951
v 57.987583 100.594955 17.573933
v 57.978905 100.789276 16.955648
v 58.010769 101.107216 16.339264
v 58.061623 101.444290 15.711921
v 58.147518 101.707962 15.030850
v 58.249409 101.987701 14.319247
v 58.332718 102.009628 13.495470
v 58.173538 101.942307 12.674881
v 57.845432 101.904427 11.854308
v 57.458210 102.094467 11.023766
v 57.085190 102.494614 10.180605
v 56.804298 103.058510 9.301384
v 56.573277 103.849449 8.368346
v 56.253204 105.167046 7.558595
v 55.544491 106.522705 6.704436
v 54.224804 107.762527 5.809052
v 52.599052 109.050430 4.885194
v 50.757080 110.443878 3.894310
v 48.665916 111.968567 2.773877
v 46.153793 113.501717 1.609071
v 43.323803 114.949524 0.550915
v 40.259220 116.497925 -0.588533
v 37.406677 118.805008 -1.804393
v 35.129303 121.560173 -2.948145
v 32.975624 124.429825 -3.500931
v 29.906782 126.330078 -3.412825
v 27.360212 128.461487 -3.472272
v 25.374023 130.853531 -3.591185
v 23.650875 133.668030 -4.481127
v 20.718977 134.578812 -5.842074
v 20.669025 131.646957 -4.017971
v 19.019030 125.369781 -2.390304
v 17.095518 121.414192 -1.823942
v 15.397566 117.520668 -1.581795
v 15.249567 113.506973 -1.259974
v 16.097025 109.771637 -1.005653
v 16.467268 106.044418 -0.967123
v 16.720280 102.378418 -0.962040
v 17.042280 98.549278 -1.031568
v 18.129938 93.913208 -1.250313
v 19.996910 87.936394 -1.991240
v 21.422873 81.412537 -2.087575
v 22.264933 74.883476 -1.917192
v 22.540003 68.705284 -1.648876
v 22.429115 63.147942 -1.381494
v 22.999573 58.233330 -1.431741
v 23.873337 53.774506 -1.596319
v 23.972408 49.642738 -1.944327
v 24.590309 45.679279 -2.473826
v 25.314796 41.558697 -2.930858
v 25.642551 37.339149 -3.277234
v 25.918514 33.201244 -3.413840
v 25.806829 29.210211 -3.431302
v 25.952784 25.354774 -3.317254
v 25.939955 21.661831 -3.062056
v 26.056473 18.021429 -2.598168
v 26.343571 14.404262 -1.898489
v 26.968292 10.983300 -0.819385
v 28.076822 7.910440 0.701539
v 29.175047 6.243099 2.712564
v 30.254335 5.042022 5.064627
v 31.249672 4.099840 7.675510
v 32.352936 3.447084 10.101496
v 33.359379 2.692520 12.020323
v 33.391190 1.209952 12.799828
v 33.118320 0.196990 13.043353
v 32.442200 -0.157750 12.598232
v 31.461582 -0.159906 11.427007
v 30.679119 -0.241004 9.677700
v 29.832901 0.121903 7.465624
v 28.849180 0.207931 5.110946
v 27.807316 0.142262 2.618736
v 26.377943 -0.190301 -0.156081
v 25.922802 -0.290730 -3.984877
v 24.898062 -0.336097 -3.104002
v 21.737455 0.009801 -2.946774
v 22.522690 -0.251070 -4.292143
v 23.600607 -0.223124 -5.429951
v 21.502230 0.629162 -1.867287
v 24.676119 -0.167361 -5.796068
v 60.247597 102.502258 14.178232
v 59.687943 102.474663 14.722553
v 59.369297 102.300339 15.365295
v 25.454613 1.643851 18.456959
v 24.157930 2.007321 15.713211
v 25.168203 0.561837 18.175951
v 24.126928 0.936978 15.254704
v 70.098602 95.246277 6.539324
v 2.179354 159.951767 5.817289
v 3.906226 160.897736 6.202422
v 4.826353 162.301788 6.852802
v 4.908195 163.600830 7.437488
v 4.762818 164.657394 7.971369
v 4.554977 165.503799 8.455318
v 4.296813 166.203644 8.912256
v 3.718173 167.469009 9.614148
v 3.397483 168.145340 9.796899
v 3.035066 168.855255 9.811352
v 2.887705 169.503372 9.745156
v 2.782766 173.185486 11.052103
v 2.964473 174.255661 10.749476
v 3.342150 175.572250 10.232728
v 3.768125 177.056122 9.214081
v 4.144572 178.462250 7.469697
v 4.542638 179.794113 5.265672
v 4.977628 180.976486 2.700886
v 5.127808 181.599289 -0.108598
v 5.120513 181.625320 -2.802392
v 4.925400 180.765594 -4.940292
v 5.189872 179.163574 -6.469432
v 5.646420 176.849808 -7.762904
v 5.821433 173.801819 -8.211922
v 5.560063 170.719666 -7.929797
v 5.157010 167.876801 -7.345934
v 5.158350 165.159149 -7.105579
v 5.672663 162.740646 -7.268830
v 6.696140 160.580948 -7.512143
v 8.533919 158.892044 -7.639845
v 10.838511 157.902969 -8.440060
v 13.691362 155.990250 -9.606245
v 16.873579 152.520493 -10.252489
v 21.601299 149.805450 -10.835138
v 25.897665 146.539154 -10.484526
v 28.922667 142.953842 -9.581154
v 32.323898 140.278061 -9.556892
v 34.866119 136.902527 -8.996778
v 36.946739 133.396133 -8.171193
v 39.067371 130.151291 -7.277239
v 41.969292 127.874588 -6.926976
v 44.599667 125.355431 -6.113702
v 47.413528 122.865456 -4.921267
v 49.788662 120.274559 -3.355637
v 51.771351 117.722183 -1.687541
v 53.618793 115.414253 -0.170174
v 55.265099 113.329041 1.203443
v 56.947128 111.533936 2.268108
v 58.536041 109.906769 3.107782
v 59.714012 108.259377 3.947005
v 2.637154 172.349792 10.742172
v 3.982317 171.394440 9.697303
v 3.895024 170.941437 9.581223
v 1.935111 170.886185 10.042915
v 2.001341 171.370514 10.199441
v 3.700720 171.822342 10.024189
v 3.180814 171.868393 10.229669
v 4.037591 171.738190 9.840800
v 3.794229 170.494095 9.542287
v 3.347909 170.088699 9.635721
v 3.698433 170.166855 9.556890
v 2.126637 171.777466 10.408117
v 2.601110 171.841873 10.359787
v 1.935350 170.429108 9.947913
v 2.338159 170.028656 9.815991
v 2.853890 170.028198 9.723324
v 2.384581 170.469254 9.846268
v 2.428834 170.921829 9.936101
v 2.506458 171.383392 10.104742
v 3.359352 170.505295 9.658695
v 3.430272 170.945084 9.729598
v 3.537065 171.390274 9.859654
v 1.976633 170.091125 9.893779
v 1.754571 169.797668 10.037034
v 1.101660 169.095642 10.801070
v 2.876230 170.487579 9.753968
v 2.935204 170.939621 9.839300
v 3.036594 171.396210 10.001406
v 0.713251 169.822250 11.137527
v 1.458411 169.383240 10.331974
v 1.107063 169.991531 10.511224
v 0.938554 170.675034 10.529809
v 0.922035 171.399612 10.584753
v 1.140059 172.084122 10.940349
v 0.536392 170.561752 11.124054
v 0.471002 171.376663 10.970131
v 0.608008 172.165817 11.152184
v 0.851671 173.034027 11.319023
v 1.272516 172.701538 11.179789
v 0.705033 168.607819 11.849308
v 0.608631 169.103607 11.629147
v 1.118172 168.418228 11.303347
v 0.937772 168.872360 11.226061
v 5.504583 168.593063 8.297990
v 5.493596 167.998276 8.145173
v 5.170194 167.653595 8.477606
v 4.620492 167.230499 8.911585
v 4.001719 166.838181 9.302458
v 3.289307 166.460480 9.689371
v 2.494057 166.080093 10.018902
v 1.854571 165.590240 10.500982
v 0.985875 165.298950 10.983740
vt 0.198653 0.662805
vt 0.200758 0.662262
vt 0.202567 0.666822
vt 0.200026 0.667301
vt 0.197284 0.667537
vt 0.196251 0.663422
vt 0.193717 0.663792
vt 0.194680 0.668095
vt 0.277563 0.618059
vt 0.275629 0.622155
vt 0.275213 0.621811
vt 0.276654 0.617480
vt 0.192239 0.668832
vt 0.191491 0.664129
vt 0.278493 0.624537
vt 0.275855 0.623915
vt 0.278593 0.619037
vt 0.280114 0.619668
vt 0.283482 0.624809
vt 0.282635 0.624465
vt 0.283225 0.619908
vt 0.284584 0.620084
vt 0.280983 0.625668
vt 0.281690 0.620004
vt 0.281375 0.610091
vt 0.282513 0.610542
vt 0.281394 0.615202
vt 0.279993 0.614633
vt 0.187797 0.646111
vt 0.189660 0.645813
vt 0.190607 0.650369
vt 0.188620 0.650573
vt 0.283695 0.610904
vt 0.282719 0.615517
vt 0.284040 0.615608
vt 0.284969 0.611215
vt 0.286406 0.611550
vt 0.285445 0.615869
vt 0.187570 0.655206
vt 0.189503 0.655171
vt 0.190475 0.659649
vt 0.188528 0.659662
vt 0.192691 0.659445
vt 0.191714 0.654953
vt 0.193984 0.654582
vt 0.195109 0.659027
vt 0.196238 0.653961
vt 0.197504 0.658422
vt 0.193880 0.644766
vt 0.196029 0.644094
vt 0.197232 0.648568
vt 0.195117 0.649328
vt 0.198485 0.653170
vt 0.199624 0.657664
vt 0.278844 0.608776
vt 0.280174 0.609497
vt 0.278902 0.613872
vt 0.277683 0.613152
vt 0.190899 0.636324
vt 0.191426 0.635140
vt 0.193253 0.637059
vt 0.191573 0.637846
vt 0.188010 0.635776
vt 0.189730 0.634952
vt 0.189897 0.636326
vt 0.189008 0.636628
vt 0.188727 0.638422
vt 0.187226 0.638444
vt 0.189364 0.663967
vt 0.201447 0.656865
vt 0.202463 0.661296
vt 0.284709 0.606659
vt 0.283593 0.606315
vt 0.284503 0.602383
vt 0.285549 0.602616
vt 0.287157 0.607136
vt 0.285854 0.606924
vt 0.286633 0.602812
vt 0.287820 0.602997
vt 0.282368 0.601333
vt 0.281270 0.605267
vt 0.279996 0.604500
vt 0.281199 0.600487
vt 0.282424 0.605865
vt 0.283450 0.601988
vt 0.185019 0.638941
vt 0.185636 0.634036
vt 0.188856 0.631692
vt 0.193181 0.631834
vt 0.195709 0.636179
vt 0.287282 0.594489
vt 0.286430 0.593581
vt 0.286573 0.591469
vt 0.288544 0.593309
vt 0.285317 0.593726
vt 0.284572 0.591478
vt 0.285907 0.596413
vt 0.285090 0.596135
vt 0.285631 0.594761
vt 0.286228 0.594852
vt 0.287572 0.596404
vt 0.288967 0.596009
vt 0.284220 0.595264
vt 0.283121 0.593732
vt 0.286770 0.595137
vt 0.286695 0.596565
vt 0.190295 0.638216
vt 0.188664 0.641971
vt 0.187120 0.642088
vt 0.185312 0.642457
vt 0.287344 0.599235
vt 0.288656 0.599362
vt 0.286296 0.599133
vt 0.285300 0.598965
vt 0.284263 0.598623
vt 0.283182 0.597822
vt 0.281801 0.596670
vt 0.194930 0.640122
vt 0.197183 0.639500
vt 0.192815 0.640930
vt 0.197801 0.643556
vt 0.191731 0.645400
vt 0.190599 0.641526
vt 0.186202 0.646369
vt 0.186851 0.650673
vt 0.200264 0.652322
vt 0.199071 0.647828
vt 0.190428 0.668733
vt 0.203931 0.665736
vt 0.288792 0.625560
vt 0.286545 0.627617
vt 0.286491 0.626947
vt 0.288429 0.624932
vt 0.288140 0.631656
vt 0.286201 0.629636
vt 0.289233 0.626708
vt 0.290109 0.627943
vt 0.292322 0.629636
vt 0.291504 0.633162
vt 0.290020 0.633796
vt 0.291299 0.629050
vt 0.294306 0.617335
vt 0.295060 0.618127
vt 0.293557 0.621285
vt 0.292840 0.620466
vt 0.175565 0.659433
vt 0.174086 0.656021
vt 0.175497 0.655541
vt 0.177210 0.658860
vt 0.172585 0.656394
vt 0.173910 0.659914
vt 0.295895 0.618946
vt 0.294384 0.622079
vt 0.296697 0.619627
vt 0.295199 0.622833
vt 0.175675 0.663412
vt 0.174242 0.663786
vt 0.172383 0.660274
vt 0.177187 0.662957
vt 0.176873 0.654877
vt 0.178810 0.658113
vt 0.178924 0.666436
vt 0.177332 0.666981
vt 0.293685 0.626105
vt 0.292839 0.625517
vt 0.291932 0.624574
vt 0.291134 0.623654
vt 0.178922 0.662303
vt 0.180617 0.661542
vt 0.182098 0.660721
vt 0.183948 0.664070
vt 0.182335 0.664938
vt 0.178703 0.653787
vt 0.180276 0.657228
vt 0.181522 0.656376
vt 0.183328 0.659900
vt 0.292961 0.615713
vt 0.293642 0.616547
vt 0.292132 0.619674
vt 0.291434 0.618896
vt 0.290549 0.622787
vt 0.289884 0.621981
vt 0.173101 0.647836
vt 0.173452 0.646687
vt 0.175425 0.648242
vt 0.174301 0.649425
vt 0.170512 0.647747
vt 0.171846 0.646527
vt 0.172241 0.647919
vt 0.171440 0.648260
vt 0.171959 0.650327
vt 0.170492 0.649800
vt 0.175925 0.667320
vt 0.179022 0.670721
vt 0.177612 0.670874
vt 0.180594 0.669993
vt 0.180592 0.665762
vt 0.182411 0.669171
vt 0.184136 0.668277
vt 0.185698 0.667497
vt 0.185190 0.663298
vt 0.186917 0.666522
vt 0.297282 0.615954
vt 0.296425 0.615111
vt 0.298048 0.616582
vt 0.295021 0.613521
vt 0.294276 0.612532
vt 0.295726 0.614352
vt 0.168615 0.650504
vt 0.168925 0.647335
vt 0.171592 0.644696
vt 0.174681 0.644825
vt 0.176723 0.646777
vt 0.299546 0.607542
vt 0.300466 0.609018
vt 0.299654 0.609642
vt 0.299025 0.608741
vt 0.298482 0.607190
vt 0.298424 0.605556
vt 0.300168 0.605812
vt 0.298496 0.610191
vt 0.297950 0.609537
vt 0.298581 0.608450
vt 0.299412 0.611132
vt 0.300055 0.611760
vt 0.297476 0.608306
vt 0.297010 0.607150
vt 0.173164 0.649934
vt 0.172756 0.652909
vt 0.171085 0.653192
vt 0.169542 0.653472
vt 0.299269 0.613786
vt 0.298585 0.613253
vt 0.297616 0.612293
vt 0.296968 0.611557
vt 0.296342 0.610701
vt 0.295673 0.609625
vt 0.177041 0.650701
vt 0.178405 0.649610
vt 0.175664 0.651765
vt 0.174240 0.652469
vt 0.170912 0.656782
vt 0.180072 0.652870
vt 0.180473 0.674975
vt 0.178832 0.674382
vt 0.173311 0.679632
vt 0.175239 0.678249
vt 0.177692 0.680136
vt 0.175432 0.681977
vt 0.173251 0.683982
vt 0.171525 0.681297
vt 0.171461 0.685800
vt 0.169766 0.683000
vt 0.294219 0.640042
vt 0.294642 0.638355
vt 0.296955 0.637910
vt 0.297339 0.639086
vt 0.169914 0.687329
vt 0.168335 0.684640
vt 0.295671 0.641947
vt 0.298048 0.640269
vt 0.299772 0.642613
vt 0.297815 0.644711
vt 0.296777 0.643451
vt 0.298886 0.641396
vt 0.303460 0.633659
vt 0.303959 0.634657
vt 0.302166 0.636415
vt 0.301636 0.635450
vt 0.163143 0.669379
vt 0.165030 0.671985
vt 0.163689 0.673406
vt 0.162010 0.670374
vt 0.160655 0.671459
vt 0.162304 0.674657
vt 0.304485 0.635569
vt 0.302735 0.637391
vt 0.305162 0.636654
vt 0.303414 0.638497
vt 0.164389 0.677993
vt 0.163064 0.679261
vt 0.160933 0.675871
vt 0.165776 0.676598
vt 0.164020 0.668156
vt 0.166168 0.670719
vt 0.167228 0.675153
vt 0.168576 0.673734
vt 0.164763 0.666885
vt 0.167151 0.669452
vt 0.169752 0.672472
vt 0.301139 0.634466
vt 0.302993 0.632744
vt 0.160288 0.664954
vt 0.161012 0.666089
vt 0.160534 0.666682
vt 0.159661 0.666409
vt 0.161497 0.665531
vt 0.161452 0.664329
vt 0.162824 0.665027
vt 0.162525 0.666407
vt 0.160966 0.668120
vt 0.159796 0.668510
vt 0.305579 0.633020
vt 0.306075 0.633940
vt 0.306703 0.634877
vt 0.304709 0.631101
vt 0.305148 0.632099
vt 0.157635 0.665826
vt 0.158200 0.669064
vt 0.158947 0.662884
vt 0.161409 0.661771
vt 0.163325 0.663366
vt 0.308596 0.631714
vt 0.307892 0.633280
vt 0.307210 0.632620
vt 0.307881 0.631724
vt 0.306793 0.631869
vt 0.307673 0.631093
vt 0.306115 0.630038
vt 0.307540 0.629737
vt 0.307272 0.630514
vt 0.306386 0.631030
vt 0.308440 0.630424
vt 0.161713 0.667249
vt 0.159079 0.672550
vt 0.168004 0.668376
vt 0.170750 0.671313
vt 0.165397 0.665579
vt 0.168680 0.688648
vt 0.167022 0.686368
vt 0.176554 0.677197
vt 0.178706 0.678351
vt 0.201518 0.674717
vt 0.198959 0.675319
vt 0.198198 0.671538
vt 0.200715 0.670966
vt 0.196471 0.675765
vt 0.195699 0.671933
vt 0.194433 0.675915
vt 0.193510 0.672394
vt 0.189046 0.678393
vt 0.187025 0.679596
vt 0.185595 0.676105
vt 0.187472 0.674992
vt 0.184968 0.680760
vt 0.183711 0.677220
vt 0.183254 0.681800
vt 0.182094 0.678556
vt 0.178282 0.687018
vt 0.176241 0.689245
vt 0.174781 0.686571
vt 0.176831 0.684455
vt 0.174175 0.691343
vt 0.172854 0.688533
vt 0.172069 0.693137
vt 0.171141 0.690170
vt 0.221745 0.707452
vt 0.225862 0.711127
vt 0.224097 0.715894
vt 0.219451 0.713099
vt 0.229258 0.713647
vt 0.227987 0.718163
vt 0.263245 0.664240
vt 0.265233 0.668767
vt 0.261209 0.671595
vt 0.259530 0.667315
vt 0.262221 0.644199
vt 0.264502 0.647285
vt 0.261097 0.650269
vt 0.258763 0.647152
vt 0.257768 0.637705
vt 0.258754 0.639367
vt 0.255484 0.641333
vt 0.255031 0.639560
vt 0.242194 0.687573
vt 0.240220 0.689470
vt 0.238439 0.687109
vt 0.240598 0.685307
vt 0.238129 0.691352
vt 0.239765 0.693228
vt 0.237900 0.695202
vt 0.236238 0.693503
vt 0.233901 0.691206
vt 0.236160 0.689124
vt 0.234515 0.695766
vt 0.232948 0.698166
vt 0.230872 0.696377
vt 0.232272 0.693714
vt 0.236190 0.697352
vt 0.234597 0.699685
vt 0.245785 0.687947
vt 0.244109 0.685868
vt 0.245824 0.684268
vt 0.247702 0.686276
vt 0.247192 0.682839
vt 0.249104 0.684281
vt 0.248780 0.680185
vt 0.249877 0.679722
vt 0.250013 0.681904
vt 0.248275 0.681475
vt 0.260058 0.641608
vt 0.255839 0.644287
vt 0.275875 0.665209
vt 0.275071 0.657769
vt 0.278662 0.656497
vt 0.279670 0.660907
vt 0.280239 0.668810
vt 0.282287 0.663838
vt 0.285865 0.665513
vt 0.284196 0.671107
vt 0.290024 0.669294
vt 0.288389 0.673905
vt 0.291703 0.664900
vt 0.288465 0.662353
vt 0.290160 0.659182
vt 0.292928 0.660901
vt 0.286710 0.659866
vt 0.288173 0.657248
vt 0.283681 0.660510
vt 0.285348 0.661909
vt 0.282053 0.658275
vt 0.281237 0.655451
vt 0.289628 0.654480
vt 0.291444 0.656133
vt 0.293706 0.657475
vt 0.294074 0.654971
vt 0.292642 0.653296
vt 0.291125 0.651659
vt 0.172835 0.719153
vt 0.171879 0.713851
vt 0.176869 0.711214
vt 0.178091 0.716384
vt 0.175598 0.706966
vt 0.171088 0.709106
vt 0.170696 0.704833
vt 0.174604 0.703099
vt 0.170584 0.701239
vt 0.173754 0.699628
vt 0.170653 0.698657
vt 0.172989 0.696521
vt 0.216690 0.673499
vt 0.213649 0.673836
vt 0.213583 0.669907
vt 0.216240 0.669581
vt 0.210615 0.673913
vt 0.210915 0.669897
vt 0.218609 0.669093
vt 0.219219 0.672804
vt 0.216236 0.661800
vt 0.218448 0.661606
vt 0.218464 0.665328
vt 0.216178 0.665662
vt 0.213700 0.665840
vt 0.213837 0.661901
vt 0.211531 0.661707
vt 0.211127 0.665814
vt 0.262865 0.617888
vt 0.262617 0.621414
vt 0.261141 0.621407
vt 0.261308 0.617816
vt 0.208620 0.665609
vt 0.209421 0.661465
vt 0.248742 0.640727
vt 0.249020 0.639448
vt 0.251853 0.640121
vt 0.251827 0.641566
vt 0.251309 0.643520
vt 0.248097 0.642164
vt 0.232208 0.715882
vt 0.231187 0.720298
vt 0.237470 0.698471
vt 0.235818 0.700618
vt 0.269836 0.665388
vt 0.270992 0.658585
vt 0.266407 0.674859
vt 0.262738 0.675785
vt 0.275035 0.673944
vt 0.270527 0.673864
vt 0.279114 0.675485
vt 0.286094 0.678274
vt 0.282731 0.676967
vt 0.179524 0.722327
vt 0.175021 0.724214
vt 0.249002 0.637140
vt 0.251185 0.638186
vt 0.251614 0.639056
vt 0.249094 0.638340
vt 0.253981 0.637768
vt 0.254526 0.638456
vt 0.256117 0.635719
vt 0.256923 0.636569
vt 0.233339 0.684103
vt 0.234317 0.686462
vt 0.230859 0.688267
vt 0.230256 0.685194
vt 0.245668 0.640705
vt 0.246347 0.639491
vt 0.246899 0.638399
vt 0.236910 0.684615
vt 0.235837 0.682442
vt 0.241715 0.691380
vt 0.244183 0.638048
vt 0.244791 0.636983
vt 0.243501 0.639135
vt 0.248134 0.636499
vt 0.247409 0.637394
vt 0.245394 0.635948
vt 0.246147 0.634808
vt 0.260120 0.630914
vt 0.258784 0.633907
vt 0.257622 0.633029
vt 0.258689 0.630089
vt 0.244177 0.676803
vt 0.246112 0.676355
vt 0.246609 0.678499
vt 0.244900 0.679053
vt 0.243335 0.634413
vt 0.241386 0.633171
vt 0.241803 0.631817
vt 0.243970 0.633042
vt 0.218499 0.682727
vt 0.213803 0.682575
vt 0.213772 0.678039
vt 0.217304 0.677615
vt 0.261557 0.631852
vt 0.263174 0.633003
vt 0.261301 0.636465
vt 0.259940 0.635010
vt 0.262751 0.628539
vt 0.264547 0.629372
vt 0.266150 0.621831
vt 0.264223 0.621588
vt 0.264359 0.617922
vt 0.265987 0.617980
vt 0.270645 0.620791
vt 0.269872 0.620980
vt 0.269000 0.617563
vt 0.270225 0.617361
vt 0.268683 0.622249
vt 0.267606 0.617886
vt 0.264323 0.606884
vt 0.265483 0.606792
vt 0.265651 0.610342
vt 0.264402 0.610416
vt 0.266875 0.610175
vt 0.266665 0.606613
vt 0.269304 0.609679
vt 0.268099 0.609944
vt 0.267774 0.606357
vt 0.268950 0.606049
vt 0.210178 0.649768
vt 0.210013 0.653476
vt 0.208371 0.653038
vt 0.208570 0.649357
vt 0.211954 0.653850
vt 0.212069 0.650159
vt 0.216309 0.647093
vt 0.214246 0.647096
vt 0.214145 0.644172
vt 0.216148 0.644146
vt 0.211883 0.657727
vt 0.209741 0.657325
vt 0.268450 0.613715
vt 0.269788 0.613404
vt 0.267196 0.613990
vt 0.265785 0.614126
vt 0.264442 0.614184
vt 0.214207 0.650427
vt 0.214087 0.654099
vt 0.216468 0.650491
vt 0.216396 0.654139
vt 0.218508 0.654057
vt 0.218501 0.657826
vt 0.216226 0.657953
vt 0.218540 0.650347
vt 0.220445 0.650146
vt 0.220323 0.653842
vt 0.261690 0.606771
vt 0.263107 0.606870
vt 0.263107 0.610449
vt 0.261728 0.610404
vt 0.263115 0.614179
vt 0.261723 0.614146
vt 0.265113 0.634423
vt 0.266667 0.630398
vt 0.262987 0.638307
vt 0.265282 0.640488
vt 0.267437 0.635978
vt 0.221155 0.679694
vt 0.220108 0.676400
vt 0.279710 0.641751
vt 0.282002 0.643501
vt 0.280251 0.647477
vt 0.277592 0.645887
vt 0.288004 0.652822
vt 0.289591 0.650016
vt 0.175420 0.694370
vt 0.176757 0.697440
vt 0.209583 0.681999
vt 0.210297 0.677889
vt 0.236899 0.632570
vt 0.237728 0.633236
vt 0.237201 0.633779
vt 0.236624 0.633055
vt 0.249430 0.677856
vt 0.248304 0.679076
vt 0.247588 0.678515
vt 0.247909 0.676879
vt 0.240427 0.635265
vt 0.242199 0.636581
vt 0.241564 0.637601
vt 0.239799 0.636159
vt 0.238313 0.634841
vt 0.238860 0.634135
vt 0.266508 0.661247
vt 0.268300 0.658318
vt 0.229997 0.724672
vt 0.226811 0.723132
vt 0.270736 0.653367
vt 0.274988 0.650989
vt 0.222485 0.685667
vt 0.223410 0.682719
vt 0.226554 0.684631
vt 0.226408 0.687424
vt 0.222796 0.721457
vt 0.206407 0.716619
vt 0.207816 0.707659
vt 0.214121 0.709953
vt 0.212440 0.717971
vt 0.195912 0.706961
vt 0.201482 0.706758
vt 0.200384 0.715755
vt 0.194982 0.714844
vt 0.191762 0.713112
vt 0.191522 0.708086
vt 0.187345 0.710542
vt 0.188809 0.716645
vt 0.184204 0.719972
vt 0.182878 0.713480
vt 0.217971 0.719785
vt 0.284190 0.645105
vt 0.282642 0.648663
vt 0.281527 0.652157
vt 0.278821 0.651789
vt 0.287933 0.648358
vt 0.286399 0.651249
vt 0.284660 0.649847
vt 0.286172 0.646694
vt 0.286558 0.655531
vt 0.285129 0.658036
vt 0.283726 0.656282
vt 0.282799 0.654812
vt 0.283487 0.652703
vt 0.285017 0.653949
vt 0.214950 0.640581
vt 0.215728 0.639495
vt 0.217277 0.641040
vt 0.215522 0.641768
vt 0.212021 0.639342
vt 0.214010 0.639077
vt 0.214002 0.640451
vt 0.213001 0.640383
vt 0.212708 0.641509
vt 0.211084 0.640575
vt 0.242560 0.683683
vt 0.243733 0.689641
vt 0.208042 0.656784
vt 0.207740 0.660710
vt 0.213969 0.657931
vt 0.220229 0.657631
vt 0.220505 0.661333
vt 0.266382 0.603155
vt 0.265394 0.603330
vt 0.265306 0.600296
vt 0.266308 0.600132
vt 0.267535 0.602906
vt 0.267337 0.599821
vt 0.268676 0.599355
vt 0.268849 0.602590
vt 0.208899 0.639506
vt 0.209732 0.637343
vt 0.213989 0.636558
vt 0.216854 0.637362
vt 0.220230 0.640351
vt 0.266212 0.595937
vt 0.265123 0.595660
vt 0.264886 0.594118
vt 0.267106 0.594542
vt 0.264086 0.596310
vt 0.263056 0.595340
vt 0.265260 0.598121
vt 0.264408 0.598202
vt 0.264585 0.596879
vt 0.265205 0.596637
vt 0.266923 0.597356
vt 0.268113 0.596608
vt 0.263446 0.597945
vt 0.262086 0.597393
vt 0.265831 0.596658
vt 0.266067 0.597906
vt 0.214063 0.641951
vt 0.210396 0.643107
vt 0.212265 0.643807
vt 0.212265 0.646777
vt 0.210217 0.646277
vt 0.208514 0.642389
vt 0.208515 0.645781
vt 0.264308 0.600414
vt 0.264337 0.603420
vt 0.263175 0.600359
vt 0.263166 0.603440
vt 0.261782 0.603340
vt 0.261703 0.600164
vt 0.218289 0.643715
vt 0.220556 0.643308
vt 0.220432 0.646613
vt 0.218516 0.646871
vt 0.243202 0.680135
vt 0.242172 0.677846
vt 0.240162 0.679246
vt 0.241242 0.681407
vt 0.235093 0.680651
vt 0.237025 0.678918
vt 0.238030 0.680802
vt 0.239138 0.677055
vt 0.241315 0.675666
vt 0.239187 0.682958
vt 0.229325 0.691867
vt 0.228433 0.694902
vt 0.244354 0.682345
vt 0.245908 0.681145
vt 0.247075 0.680221
vt 0.248127 0.674501
vt 0.250565 0.676157
vt 0.237108 0.631447
vt 0.236439 0.632003
vt 0.235998 0.631009
vt 0.236740 0.630415
vt 0.245871 0.674247
vt 0.243379 0.674683
vt 0.238152 0.631641
vt 0.237944 0.630394
vt 0.239554 0.632235
vt 0.239640 0.630910
vt 0.237325 0.632078
vt 0.238099 0.632480
vt 0.252505 0.679435
vt 0.252228 0.683214
vt 0.235802 0.633056
vt 0.236398 0.634167
vt 0.235055 0.634442
vt 0.234404 0.633087
vt 0.239348 0.633184
vt 0.251138 0.686158
vt 0.237481 0.635478
vt 0.236369 0.636080
vt 0.249649 0.688329
vt 0.239003 0.637009
vt 0.237895 0.638003
vt 0.247382 0.689962
vt 0.240788 0.638664
vt 0.239827 0.639972
vt 0.240963 0.634256
vt 0.242789 0.635531
vt 0.243014 0.693108
vt 0.245082 0.691594
vt 0.242733 0.640342
vt 0.244766 0.642010
vt 0.243725 0.643433
vt 0.241826 0.641821
vt 0.241131 0.694748
vt 0.246985 0.643669
vt 0.245542 0.645247
vt 0.249590 0.645419
vt 0.247373 0.647236
vt 0.239335 0.696483
vt 0.252736 0.647256
vt 0.249391 0.649594
vt 0.229493 0.698741
vt 0.227989 0.697169
vt 0.275565 0.643231
vt 0.277523 0.639846
vt 0.178135 0.700743
vt 0.179629 0.704279
vt 0.181494 0.708167
vt 0.205988 0.666061
vt 0.205882 0.667338
vt 0.272397 0.622952
vt 0.272526 0.622493
vt 0.203683 0.674065
vt 0.203130 0.670504
vt 0.208249 0.673721
vt 0.208412 0.669872
vt 0.205857 0.670274
vt 0.205962 0.673803
vt 0.190784 0.677277
vt 0.189351 0.674051
vt 0.191358 0.673325
vt 0.192647 0.676513
vt 0.178727 0.682544
vt 0.179958 0.685036
vt 0.181621 0.683330
vt 0.180558 0.680569
vt 0.179945 0.678237
vt 0.179779 0.677269
vt 0.292386 0.636286
vt 0.291533 0.637639
vt 0.170054 0.694354
vt 0.169591 0.691488
vt 0.289746 0.645344
vt 0.291377 0.647114
vt 0.292852 0.648733
vt 0.287875 0.643521
vt 0.285996 0.641521
vt 0.294350 0.650223
vt 0.207438 0.664103
vt 0.283922 0.639646
vt 0.281694 0.637860
vt 0.269150 0.631608
vt 0.271887 0.632666
vt 0.270172 0.637405
vt 0.275498 0.638337
vt 0.277143 0.634623
vt 0.279429 0.636151
vt 0.273091 0.637803
vt 0.274628 0.633540
vt 0.255531 0.649724
vt 0.252136 0.652222
vt 0.257921 0.652614
vt 0.254897 0.654079
vt 0.259797 0.656151
vt 0.261478 0.660140
vt 0.258011 0.662852
vt 0.256470 0.658147
vt 0.231765 0.705517
vt 0.233437 0.706822
vt 0.232832 0.711354
vt 0.230505 0.709386
vt 0.234315 0.703127
vt 0.233124 0.702310
vt 0.229754 0.703537
vt 0.227901 0.707017
vt 0.231400 0.700708
vt 0.227645 0.700931
vt 0.225890 0.697922
vt 0.224936 0.703653
vt 0.265547 0.625697
vt 0.263631 0.625135
vt 0.267917 0.626384
vt 0.271897 0.624275
vt 0.270665 0.627605
vt 0.273680 0.628262
vt 0.276465 0.629191
vt 0.279076 0.630407
vt 0.283195 0.628748
vt 0.281386 0.632249
vt 0.283826 0.633776
vt 0.285995 0.635694
vt 0.288038 0.637878
vt 0.289814 0.640290
vt 0.291739 0.642409
vt 0.293378 0.644296
vt 0.294715 0.645851
vt 0.295985 0.647147
vt 0.182155 0.673744
vt 0.184074 0.672613
vt 0.186007 0.671652
vt 0.187905 0.670851
vt 0.190503 0.670919
vt 0.208054 0.677101
vt 0.206116 0.677032
vt 0.204223 0.677310
vt 0.202410 0.678334
vt 0.199715 0.679191
vt 0.196931 0.679379
vt 0.195065 0.679140
vt 0.193487 0.679482
vt 0.192020 0.680241
vt 0.190616 0.681739
vt 0.188408 0.683228
vt 0.186089 0.684291
vt 0.184263 0.684746
vt 0.182724 0.685895
vt 0.181275 0.687382
vt 0.179897 0.689576
vt 0.177826 0.692006
vt 0.261987 0.624815
vt 0.261204 0.627844
vt 0.259736 0.627155
vt 0.260406 0.624559
vt 0.200468 0.683035
vt 0.203614 0.682239
vt 0.197179 0.683440
vt 0.192468 0.685108
vt 0.189889 0.687011
vt 0.186859 0.688355
vt 0.179560 0.694863
vt 0.182142 0.691970
vt 0.216940 0.701828
vt 0.190909 0.701955
vt 0.195629 0.698650
vt 0.189815 0.696946
vt 0.192794 0.694739
vt 0.209259 0.698120
vt 0.201872 0.697271
vt 0.203641 0.691557
vt 0.207381 0.691731
vt 0.181189 0.698062
vt 0.182944 0.701170
vt 0.186028 0.704025
vt 0.206872 0.687103
vt 0.203807 0.687030
vt 0.188524 0.692654
vt 0.191278 0.690927
vt 0.206569 0.682839
vt 0.204703 0.679807
vt 0.206280 0.679866
vt 0.207879 0.679734
vt 0.184957 0.687100
vt 0.182416 0.689170
vt 0.183728 0.688210
vt 0.184728 0.690698
vt 0.195457 0.681601
vt 0.194885 0.684910
vt 0.194165 0.682160
vt 0.192901 0.682494
vt 0.221963 0.689908
vt 0.225825 0.690895
vt 0.209938 0.686729
vt 0.209902 0.690267
vt 0.212479 0.692514
vt 0.190174 0.670026
vt 0.284085 0.627178
vt 0.284547 0.626916
vt 0.188696 0.669665
vt 0.184707 0.698387
vt 0.183667 0.695657
vt 0.185976 0.694364
vt 0.186845 0.698420
vt 0.194238 0.692395
vt 0.196291 0.692984
vt 0.193458 0.689374
vt 0.195752 0.688838
vt 0.198372 0.687910
vt 0.201064 0.687101
vt 0.201428 0.690272
vt 0.199504 0.692113
vt 0.264654 0.657542
vt 0.262993 0.653824
vt 0.266171 0.651248
vt 0.267487 0.655120
vt 0.269596 0.648557
vt 0.273018 0.646279
vt 0.268338 0.643231
vt 0.272181 0.642107
vt 0.274361 0.641195
vt 0.220549 0.664934
vt 0.225498 0.694515
vt 0.217803 0.688582
vt 0.213517 0.687530
vt 0.217234 0.694343
vt 0.229942 0.729901
vt 0.226302 0.729494
vt 0.222006 0.728708
vt 0.217105 0.727471
vt 0.211373 0.726609
vt 0.205129 0.725943
vt 0.198736 0.725469
vt 0.191849 0.724203
vt 0.185504 0.727930
vt 0.176072 0.731096
vt 0.180338 0.730073
vt 0.284436 0.683367
vt 0.282030 0.683781
vt 0.278601 0.682962
vt 0.274901 0.682299
vt 0.270992 0.681988
vt 0.267184 0.681585
vt 0.263762 0.681382
vt 0.221342 0.672172
vt 0.220562 0.668540
vt 0.222515 0.675465
vt 0.222952 0.677398
vt 0.223985 0.680709
vt 0.226523 0.682962
vt 0.230007 0.683568
vt 0.232824 0.682623
vt 0.192810 0.649939
vt 0.362749 0.067638
vt 0.363247 0.084598
vt 0.352413 0.088896
vt 0.351038 0.073862
vt 0.363363 0.099922
vt 0.353304 0.103518
vt 0.347963 0.058982
vt 0.362515 0.053069
vt 0.372706 0.051734
vt 0.375024 0.065522
vt 0.361723 0.043683
vt 0.370977 0.043001
vt 0.345636 0.051045
vt 0.340249 0.066784
vt 0.336768 0.057674
vt 0.342993 0.078847
vt 0.325876 0.082795
vt 0.328303 0.070988
vt 0.332078 0.074893
vt 0.331777 0.083640
vt 0.331412 0.096885
vt 0.324311 0.096999
vt 0.344161 0.092609
vt 0.344914 0.106936
vt 0.330999 0.110615
vt 0.324095 0.110469
vt 0.321493 0.134727
vt 0.323236 0.123260
vt 0.331433 0.124377
vt 0.332740 0.139196
vt 0.347202 0.130135
vt 0.345122 0.119420
vt 0.353034 0.116399
vt 0.354215 0.127679
vt 0.363311 0.114138
vt 0.362749 0.126598
vt 0.351880 0.143609
vt 0.357134 0.142579
vt 0.363229 0.142656
vt 0.326810 0.152816
vt 0.341378 0.150736
vt 0.335509 0.159511
vt 0.317380 0.147800
vt 0.332220 0.166709
vt 0.322990 0.162703
vt 0.314178 0.159516
vt 0.319474 0.176760
vt 0.321115 0.169868
vt 0.329883 0.173433
vt 0.328004 0.179488
vt 0.311047 0.174504
vt 0.312319 0.166850
vt 0.390264 0.156499
vt 0.382000 0.161471
vt 0.377532 0.154128
vt 0.386454 0.148709
vt 0.394809 0.145046
vt 0.398631 0.152722
vt 0.372329 0.127271
vt 0.373396 0.112023
vt 0.382821 0.110027
vt 0.382097 0.125191
vt 0.372033 0.144398
vt 0.365928 0.156877
vt 0.361415 0.154405
vt 0.357840 0.153977
vt 0.354505 0.154714
vt 0.343370 0.166114
vt 0.347666 0.160081
vt 0.340586 0.171548
vt 0.336463 0.182780
vt 0.338220 0.177263
vt 0.373999 0.167168
vt 0.370174 0.161761
vt 0.391694 0.135562
vt 0.382968 0.138526
vt 0.390337 0.123660
vt 0.391241 0.109296
vt 0.374873 0.081728
vt 0.374005 0.096845
vt 0.378387 0.051817
vt 0.381286 0.049392
vt 0.382932 0.063824
vt 0.384879 0.079389
vt 0.387944 0.063390
vt 0.393306 0.078449
vt 0.384267 0.094628
vt 0.393036 0.093515
vt 0.317569 0.109435
vt 0.317107 0.095948
vt 0.319189 0.081128
vt 0.314400 0.132041
vt 0.316918 0.121226
vt 0.309982 0.144697
vt 0.306220 0.156615
vt 0.248968 0.311655
vt 0.236022 0.312437
vt 0.235882 0.294621
vt 0.248468 0.293298
vt 0.263837 0.310438
vt 0.262557 0.291412
vt 0.241187 0.235686
vt 0.244262 0.255108
vt 0.233154 0.257161
vt 0.231030 0.237756
vt 0.228501 0.218509
vt 0.237484 0.216560
vt 0.223551 0.258425
vt 0.222150 0.239266
vt 0.225595 0.312768
vt 0.225487 0.295308
vt 0.220405 0.219896
vt 0.191586 0.241705
vt 0.191125 0.223917
vt 0.203267 0.222464
vt 0.203460 0.241092
vt 0.179980 0.242016
vt 0.180601 0.225108
vt 0.160022 0.225468
vt 0.169645 0.225523
vt 0.168305 0.241650
vt 0.158416 0.240971
vt 0.263070 0.230356
vt 0.257646 0.211774
vt 0.268515 0.208974
vt 0.274137 0.226997
vt 0.247118 0.214078
vt 0.252175 0.233111
vt 0.256438 0.252544
vt 0.280433 0.245766
vt 0.268502 0.249501
vt 0.279601 0.308848
vt 0.277524 0.288928
vt 0.292739 0.285704
vt 0.296470 0.306926
vt 0.166090 0.258033
vt 0.155651 0.256666
vt 0.191332 0.259572
vt 0.178610 0.259092
vt 0.203847 0.259602
vt 0.146763 0.288715
vt 0.159884 0.290913
vt 0.156738 0.307442
vt 0.142243 0.306064
vt 0.189577 0.294029
vt 0.204037 0.295130
vt 0.203612 0.311846
vt 0.188541 0.310380
vt 0.174217 0.292588
vt 0.172570 0.308973
vt 0.235723 0.329869
vt 0.225040 0.329939
vt 0.202863 0.328346
vt 0.187454 0.326771
vt 0.171253 0.325350
vt 0.155274 0.324412
vt 0.140486 0.324252
vt 0.280314 0.328755
vt 0.297525 0.328485
vt 0.264050 0.329117
vt 0.248887 0.329551
vt 0.481597 0.820814
vt 0.481414 0.805130
vt 0.500000 0.803988
vt 0.500000 0.819274
vt 0.486765 0.910956
vt 0.489022 0.908207
vt 0.491409 0.909416
vt 0.489656 0.912577
vt 0.481874 0.905617
vt 0.485117 0.904085
vt 0.486850 0.906421
vt 0.484078 0.908642
vt 0.483888 0.901373
vt 0.480283 0.902131
vt 0.469966 0.891513
vt 0.468838 0.898133
vt 0.461907 0.898279
vt 0.463605 0.889303
vt 0.465795 0.914497
vt 0.462886 0.906706
vt 0.469583 0.904704
vt 0.472108 0.910702
vt 0.478630 0.883500
vt 0.473522 0.886148
vt 0.469361 0.882501
vt 0.476401 0.878786
vt 0.483356 0.895862
vt 0.483312 0.898492
vt 0.479706 0.898445
vt 0.480135 0.895025
vt 0.498930 0.898487
vt 0.500000 0.898381
vt 0.500000 0.899970
vt 0.498986 0.900004
vt 0.491337 0.895611
vt 0.490030 0.896635
vt 0.489140 0.895340
vt 0.490575 0.894435
vt 0.488564 0.900456
vt 0.489214 0.902347
vt 0.487487 0.903031
vt 0.486575 0.900822
vt 0.488899 0.904836
vt 0.490302 0.903728
vt 0.492633 0.907015
vt 0.490644 0.906180
vt 0.491763 0.904683
vt 0.493460 0.905162
vt 0.475842 0.915614
vt 0.470599 0.920709
vt 0.484781 0.921620
vt 0.482071 0.927640
vt 0.476320 0.925149
vt 0.480251 0.919254
vt 0.500000 0.901546
vt 0.498893 0.901507
vt 0.496128 0.914017
vt 0.496860 0.910372
vt 0.500000 0.910337
vt 0.500000 0.913968
vt 0.495140 0.918592
vt 0.500000 0.918858
vt 0.500000 0.924630
vt 0.493615 0.924156
vt 0.500000 0.931235
vt 0.491384 0.930357
vt 0.500000 0.907262
vt 0.497263 0.907447
vt 0.497568 0.904864
vt 0.500000 0.904945
vt 0.481109 0.887314
vt 0.478066 0.889773
vt 0.475862 0.893570
vt 0.474853 0.898286
vt 0.475479 0.903259
vt 0.477438 0.907846
vt 0.480320 0.911677
vt 0.483798 0.914604
vt 0.487456 0.916608
vt 0.459666 0.918257
vt 0.455732 0.909415
vt 0.420228 0.928516
vt 0.432624 0.921781
vt 0.439108 0.932068
vt 0.427795 0.940504
vt 0.446800 0.926590
vt 0.441305 0.916963
vt 0.448451 0.913067
vt 0.453191 0.922242
vt 0.453684 0.899124
vt 0.454448 0.885957
vt 0.441950 0.891104
vt 0.444649 0.902733
vt 0.436736 0.906462
vt 0.432926 0.895293
vt 0.427595 0.910996
vt 0.414712 0.917462
vt 0.409357 0.907388
vt 0.423100 0.900205
vt 0.429441 0.884443
vt 0.439295 0.880237
vt 0.403645 0.898194
vt 0.419271 0.889281
vt 0.486099 0.898418
vt 0.488507 0.898234
vt 0.495337 0.905258
vt 0.494806 0.907402
vt 0.494006 0.910107
vt 0.492770 0.913560
vt 0.491135 0.917883
vt 0.489033 0.923134
vt 0.486528 0.929197
vt 0.497642 0.885266
vt 0.497636 0.883558
vt 0.500000 0.883540
vt 0.500000 0.885348
vt 0.492090 0.893628
vt 0.492874 0.894840
vt 0.488604 0.892078
vt 0.490240 0.891176
vt 0.491235 0.892438
vt 0.489751 0.893269
vt 0.495239 0.886741
vt 0.497648 0.886921
vt 0.497743 0.888390
vt 0.495105 0.888591
vt 0.498112 0.889708
vt 0.496182 0.890141
vt 0.497035 0.891350
vt 0.498484 0.890962
vt 0.498816 0.892070
vt 0.497792 0.892032
vt 0.498538 0.897263
vt 0.500001 0.897344
vt 0.500000 0.886960
vt 0.500000 0.888340
vt 0.500000 0.889644
vt 0.500000 0.890889
vt 0.500000 0.892119
vt 0.500000 0.893403
vt 0.498846 0.893181
vt 0.497748 0.893999
vt 0.496236 0.893902
vt 0.495809 0.892340
vt 0.497567 0.892855
vt 0.498885 0.894324
vt 0.500000 0.894714
vt 0.500000 0.895294
vt 0.498992 0.895220
vt 0.494561 0.894247
vt 0.493787 0.892918
vt 0.496767 0.895268
vt 0.495364 0.895862
vt 0.488201 0.887822
vt 0.489188 0.889699
vt 0.487266 0.890592
vt 0.485791 0.888605
vt 0.494601 0.890994
vt 0.493531 0.889737
vt 0.492881 0.891689
vt 0.491932 0.890446
vt 0.492457 0.888924
vt 0.491046 0.889169
vt 0.490566 0.887605
vt 0.492755 0.887868
vt 0.493125 0.884480
vt 0.492846 0.886214
vt 0.490268 0.885546
vt 0.490525 0.882815
vt 0.493174 0.882119
vt 0.493862 0.883448
vt 0.497471 0.881798
vt 0.500000 0.881530
vt 0.486915 0.882083
vt 0.487328 0.885350
vt 0.484313 0.885903
vt 0.483202 0.882225
vt 0.483233 0.877087
vt 0.488023 0.877706
vt 0.491275 0.878879
vt 0.493656 0.879781
vt 0.497106 0.879847
vt 0.500000 0.879303
vt 0.495499 0.883551
vt 0.495361 0.885051
vt 0.495298 0.882037
vt 0.495149 0.880548
vt 0.500000 0.873702
vt 0.500000 0.876675
vt 0.496190 0.877630
vt 0.494583 0.875517
vt 0.499998 0.866590
vt 0.500001 0.869914
vt 0.491733 0.873088
vt 0.485999 0.869913
vt 0.451004 0.874821
vt 0.464825 0.876834
vt 0.474865 0.872325
vt 0.461883 0.869088
vt 0.472686 0.864753
vt 0.484837 0.862040
vt 0.500001 0.861852
vt 0.461865 0.807421
vt 0.462335 0.825023
vt 0.478025 0.736586
vt 0.479638 0.749515
vt 0.459720 0.751795
vt 0.455261 0.739755
vt 0.430649 0.747000
vt 0.419661 0.727602
vt 0.451712 0.723390
vt 0.394959 0.747940
vt 0.407856 0.765371
vt 0.442427 0.758440
vt 0.429960 0.771677
vt 0.238188 0.884582
vt 0.235114 0.871188
vt 0.244879 0.868679
vt 0.248010 0.881278
vt 0.186731 0.876776
vt 0.196170 0.876850
vt 0.196432 0.892639
vt 0.186117 0.892499
vt 0.177882 0.891643
vt 0.178407 0.875979
vt 0.148234 0.885147
vt 0.150892 0.870898
vt 0.161153 0.873297
vt 0.159366 0.888225
vt 0.254408 0.866046
vt 0.257387 0.878050
vt 0.121803 0.876400
vt 0.125672 0.865215
vt 0.132902 0.867402
vt 0.129413 0.879472
vt 0.251024 0.853575
vt 0.241835 0.855815
vt 0.136964 0.853887
vt 0.130403 0.852411
vt 0.152712 0.855331
vt 0.161576 0.859159
vt 0.179065 0.859775
vt 0.187331 0.860552
vt 0.196142 0.860739
vt 0.232421 0.857567
vt 0.195404 0.817033
vt 0.195581 0.830604
vt 0.187189 0.830982
vt 0.187640 0.817405
vt 0.179226 0.831368
vt 0.180350 0.817617
vt 0.164108 0.829352
vt 0.156227 0.831000
vt 0.158816 0.816539
vt 0.166134 0.816754
vt 0.196100 0.844948
vt 0.187541 0.845102
vt 0.179273 0.845004
vt 0.161191 0.843573
vt 0.156550 0.842975
vt 0.157731 0.837194
vt 0.162018 0.837231
vt 0.189021 0.790533
vt 0.195954 0.790247
vt 0.195594 0.803729
vt 0.188377 0.804073
vt 0.426802 0.702634
vt 0.452628 0.703547
vt 0.393248 0.716437
vt 0.401449 0.695898
vt 0.608787 0.340539
vt 0.585096 0.344333
vt 0.578156 0.329821
vt 0.598946 0.326840
vt 0.554820 0.331577
vt 0.558791 0.346053
vt 0.531714 0.347114
vt 0.500000 0.347582
vt 0.500000 0.333916
vt 0.529516 0.333004
vt 0.450470 0.630568
vt 0.429358 0.633672
vt 0.427908 0.613100
vt 0.448902 0.609117
vt 0.408397 0.635978
vt 0.408206 0.618158
vt 0.568734 0.292419
vt 0.548768 0.293640
vt 0.549238 0.281679
vt 0.569112 0.280575
vt 0.500000 0.281905
vt 0.526498 0.282155
vt 0.526369 0.293940
vt 0.500000 0.293657
vt 0.203268 0.789885
vt 0.210597 0.789479
vt 0.210874 0.802700
vt 0.203185 0.803246
vt 0.226865 0.801848
vt 0.218642 0.802189
vt 0.217980 0.789101
vt 0.225364 0.788726
vt 0.181550 0.804197
vt 0.182589 0.790676
vt 0.168000 0.803533
vt 0.160866 0.802972
vt 0.162651 0.789308
vt 0.169665 0.790047
vt 0.146135 0.800229
vt 0.139180 0.798411
vt 0.141963 0.785038
vt 0.148523 0.786778
vt 0.205792 0.876325
vt 0.207109 0.891840
vt 0.204963 0.860478
vt 0.251582 0.893482
vt 0.242130 0.897847
vt 0.209095 0.907616
vt 0.197085 0.908557
vt 0.401782 0.788730
vt 0.423362 0.790013
vt 0.185744 0.907893
vt 0.477304 0.721489
vt 0.500000 0.721187
vt 0.500000 0.736499
vt 0.477172 0.703300
vt 0.500000 0.702912
vt 0.480854 0.761813
vt 0.500000 0.750170
vt 0.500000 0.761637
vt 0.462854 0.763043
vt 0.450407 0.764835
vt 0.446261 0.774946
vt 0.462809 0.775001
vt 0.481135 0.774680
vt 0.500000 0.774138
vt 0.481273 0.789109
vt 0.461989 0.790062
vt 0.500000 0.788529
vt 0.443016 0.790644
vt 0.483547 0.853761
vt 0.500000 0.853024
vt 0.470687 0.856933
vt 0.247678 0.910763
vt 0.257943 0.906496
vt 0.263923 0.915355
vt 0.255033 0.922529
vt 0.237175 0.915658
vt 0.243684 0.928009
vt 0.197897 0.924733
vt 0.184684 0.924088
vt 0.215780 0.940468
vt 0.198087 0.942972
vt 0.212000 0.923458
vt 0.394238 0.857303
vt 0.396305 0.834228
vt 0.419048 0.834400
vt 0.417489 0.855777
vt 0.179564 0.940960
vt 0.624824 0.430797
vt 0.634763 0.437007
vt 0.615005 0.454198
vt 0.602402 0.442907
vt 0.589535 0.434905
vt 0.615313 0.424232
vt 0.377114 0.740438
vt 0.265728 0.901418
vt 0.272756 0.912867
vt 0.260080 0.889154
vt 0.470077 0.559276
vt 0.452878 0.545541
vt 0.465799 0.531412
vt 0.482274 0.542026
vt 0.472070 0.519617
vt 0.485667 0.533529
vt 0.500000 0.522367
vt 0.500000 0.538480
vt 0.500000 0.547692
vt 0.500000 0.561227
vt 0.441387 0.573640
vt 0.431479 0.556319
vt 0.500000 0.583440
vt 0.470955 0.584600
vt 0.445865 0.590577
vt 0.421745 0.580449
vt 0.425695 0.597065
vt 0.406875 0.602573
vt 0.403924 0.585531
vt 0.414857 0.561534
vt 0.500000 0.512386
vt 0.474462 0.510686
vt 0.268917 0.509445
vt 0.274966 0.497165
vt 0.291346 0.497318
vt 0.287156 0.507564
vt 0.256973 0.510068
vt 0.260563 0.497873
vt 0.240446 0.512094
vt 0.242578 0.497998
vt 0.220591 0.513770
vt 0.223352 0.497009
vt 0.206076 0.513387
vt 0.208974 0.495396
vt 0.192104 0.512242
vt 0.194928 0.493684
vt 0.398425 0.566396
vt 0.487740 0.896142
vt 0.245939 0.479611
vt 0.227388 0.478206
vt 0.231591 0.458959
vt 0.249403 0.460431
vt 0.256294 0.399412
vt 0.240447 0.401255
vt 0.241875 0.389666
vt 0.248960 0.389648
vt 0.235186 0.439526
vt 0.252630 0.440829
vt 0.212443 0.476457
vt 0.216312 0.457240
vt 0.220376 0.437702
vt 0.229230 0.396965
vt 0.235589 0.388669
vt 0.267109 0.461522
vt 0.269731 0.442100
vt 0.286048 0.443113
vt 0.283713 0.462506
vt 0.289340 0.404022
vt 0.274434 0.402354
vt 0.276939 0.384198
vt 0.291510 0.385691
vt 0.215730 0.397559
vt 0.218325 0.380401
vt 0.228788 0.380624
vt 0.191175 0.394435
vt 0.175877 0.391145
vt 0.180359 0.374558
vt 0.195915 0.377406
vt 0.160806 0.387324
vt 0.164874 0.371776
vt 0.142541 0.367900
vt 0.152623 0.369582
vt 0.148845 0.384131
vt 0.138873 0.380791
vt 0.123908 0.406711
vt 0.135424 0.412168
vt 0.127720 0.426024
vt 0.115223 0.420288
vt 0.149543 0.417868
vt 0.166126 0.424357
vt 0.159613 0.440790
vt 0.142832 0.433095
vt 0.182217 0.430219
vt 0.176077 0.448043
vt 0.202892 0.455145
vt 0.207285 0.435878
vt 0.198667 0.474559
vt 0.170015 0.467123
vt 0.152904 0.457249
vt 0.135196 0.447496
vt 0.119802 0.439467
vt 0.106685 0.433579
vt 0.287536 0.423419
vt 0.272186 0.422247
vt 0.142960 0.398334
vt 0.132240 0.393566
vt 0.170970 0.407815
vt 0.155989 0.402955
vt 0.186503 0.412222
vt 0.224478 0.417794
vt 0.211485 0.416516
vt 0.237910 0.419773
vt 0.254873 0.420581
vt 0.278221 0.366418
vt 0.293484 0.367767
vt 0.143594 0.355040
vt 0.154582 0.355234
vt 0.167856 0.356772
vt 0.183930 0.358687
vt 0.200375 0.361215
vt 0.221091 0.364031
vt 0.233153 0.365194
vt 0.246041 0.362098
vt 0.244578 0.371448
vt 0.237635 0.371980
vt 0.261780 0.382487
vt 0.250924 0.380956
vt 0.251516 0.372672
vt 0.261070 0.366136
vt 0.223359 0.347248
vt 0.234671 0.347538
vt 0.201748 0.344725
vt 0.185727 0.343047
vt 0.169770 0.341398
vt 0.154959 0.340524
vt 0.141582 0.340793
vt 0.279743 0.347921
vt 0.296082 0.348913
vt 0.248008 0.346837
vt 0.263354 0.347540
vt 0.246742 0.274430
vt 0.260076 0.272064
vt 0.286942 0.265329
vt 0.273615 0.269099
vt 0.163239 0.274455
vt 0.151680 0.272484
vt 0.190479 0.277092
vt 0.176552 0.276003
vt 0.204023 0.277658
vt 0.224901 0.277160
vt 0.235013 0.276213
vt 0.241108 0.195605
vt 0.232438 0.198685
vt 0.263806 0.191817
vt 0.252402 0.194044
vt 0.170093 0.210246
vt 0.160665 0.210283
vt 0.190256 0.206722
vt 0.180220 0.208918
vt 0.202759 0.204112
vt 0.218836 0.201239
vt 0.225528 0.200441
vt 0.145340 0.472586
vt 0.164554 0.488887
vt 0.127593 0.461026
vt 0.280114 0.480820
vt 0.263923 0.480307
vt 0.112910 0.450933
vt 0.099236 0.444429
vt 0.164332 0.510009
vt 0.148008 0.512620
vt 0.145045 0.496967
vt 0.134911 0.482519
vt 0.118436 0.473226
vt 0.580214 0.240289
vt 0.594910 0.235852
vt 0.590233 0.252401
vt 0.574433 0.254777
vt 0.589003 0.266475
vt 0.571140 0.268149
vt 0.552663 0.256875
vt 0.550616 0.269727
vt 0.500000 0.627009
vt 0.473766 0.629018
vt 0.472655 0.605788
vt 0.500000 0.603900
vt 0.500000 0.681006
vt 0.476729 0.682079
vt 0.453405 0.682341
vt 0.429899 0.680550
vt 0.405819 0.675865
vt 0.585445 0.290854
vt 0.585381 0.278867
vt 0.551687 0.318264
vt 0.573046 0.316639
vt 0.590787 0.314673
vt 0.500000 0.320011
vt 0.528408 0.319593
vt 0.500000 0.270636
vt 0.527158 0.270388
vt 0.525388 0.219222
vt 0.527343 0.232843
vt 0.500000 0.233894
vt 0.500000 0.221035
vt 0.500000 0.208208
vt 0.526235 0.202112
vt 0.560281 0.208846
vt 0.547762 0.219520
vt 0.581583 0.223533
vt 0.553020 0.230509
vt 0.554624 0.243920
vt 0.500000 0.258839
vt 0.528432 0.258089
vt 0.528527 0.245506
vt 0.500000 0.246396
vt 0.500000 0.653174
vt 0.475233 0.656269
vt 0.452159 0.657194
vt 0.430124 0.657074
vt 0.407696 0.655455
vt 0.586198 0.302827
vt 0.570133 0.304324
vt 0.549578 0.305733
vt 0.527018 0.306562
vt 0.500000 0.306359
vt 0.107133 0.459300
vt 0.093956 0.451694
vt 0.475401 0.501847
vt 0.500000 0.506511
vt 0.500000 0.201906
vt 0.510501 0.194035
vt 0.443972 0.077906
vt 0.444435 0.090189
vt 0.436321 0.089450
vt 0.433408 0.077904
vt 0.486401 0.090699
vt 0.478488 0.091797
vt 0.479528 0.078471
vt 0.487660 0.076530
vt 0.460682 0.079351
vt 0.458961 0.091705
vt 0.452034 0.090971
vt 0.453074 0.078614
vt 0.478811 0.065914
vt 0.485167 0.063241
vt 0.477077 0.055324
vt 0.481045 0.052205
vt 0.323015 0.067170
vt 0.472557 0.043079
vt 0.468891 0.048339
vt 0.462312 0.044148
vt 0.465885 0.037604
vt 0.333419 0.052856
vt 0.341952 0.045736
vt 0.446566 0.038839
vt 0.447598 0.031052
vt 0.359065 0.036704
vt 0.471861 0.092201
vt 0.473172 0.079448
vt 0.473535 0.067730
vt 0.473412 0.060248
vt 0.457896 0.055087
vt 0.464679 0.057295
vt 0.445781 0.053158
vt 0.436159 0.039564
vt 0.431044 0.033831
vt 0.373360 0.037730
vt 0.433118 0.064574
vt 0.444805 0.065416
vt 0.462524 0.067451
vt 0.454906 0.066524
vt 0.428233 0.089195
vt 0.422785 0.079555
vt 0.422120 0.064029
vt 0.432131 0.051882
vt 0.422972 0.049135
vt 0.401603 0.080722
vt 0.399724 0.095300
vt 0.304130 0.164039
vt 0.302657 0.172300
vt 0.402051 0.142722
vt 0.406269 0.149322
vt 0.396701 0.123318
vt 0.398629 0.134291
vt 0.397234 0.110389
vt 0.153470 0.915899
vt 0.142087 0.910506
vt 0.145509 0.898130
vt 0.156673 0.902637
vt 0.565301 0.391138
vt 0.596668 0.389161
vt 0.600680 0.403962
vt 0.567888 0.408004
vt 0.534281 0.408508
vt 0.533920 0.391639
vt 0.144071 0.854815
vt 0.141080 0.869089
vt 0.137832 0.882379
vt 0.594827 0.360912
vt 0.563046 0.361151
vt 0.614419 0.355084
vt 0.114714 0.897661
vt 0.123302 0.900971
vt 0.120302 0.912148
vt 0.113595 0.908841
vt 0.132080 0.905311
vt 0.128402 0.916209
vt 0.148783 0.929288
vt 0.137752 0.922208
vt 0.126270 0.890253
vt 0.118130 0.886524
vt 0.134991 0.894107
vt 0.593737 0.375584
vt 0.565102 0.375972
vt 0.500000 0.408604
vt 0.500000 0.391189
vt 0.500000 0.375874
vt 0.533565 0.376177
vt 0.533120 0.361539
vt 0.500000 0.361525
vt 0.176750 0.906752
vt 0.174567 0.922305
vt 0.607658 0.417380
vt 0.570845 0.426667
vt 0.168381 0.905366
vt 0.165686 0.920038
vt 0.169784 0.890426
vt 0.170247 0.874608
vt 0.170362 0.857818
vt 0.166697 0.838029
vt 0.166614 0.844344
vt 0.173214 0.817612
vt 0.171190 0.832168
vt 0.176267 0.790532
vt 0.174818 0.804042
vt 0.171160 0.938631
vt 0.162801 0.936315
vt 0.225582 0.920469
vt 0.231083 0.935050
vt 0.398520 0.811591
vt 0.420250 0.811427
vt 0.225138 0.873382
vt 0.223065 0.858968
vt 0.227978 0.887645
vt 0.231888 0.901667
vt 0.213967 0.859899
vt 0.215352 0.875134
vt 0.217438 0.890292
vt 0.220749 0.905536
vt 0.534220 0.425875
vt 0.500000 0.426679
vt 0.441587 0.810649
vt 0.441636 0.833854
vt 0.435897 0.853421
vt 0.592075 0.460958
vt 0.583179 0.452181
vt 0.570660 0.445936
vt 0.500000 0.441049
vt 0.529381 0.440567
vt 0.553871 0.441520
vt 0.410850 0.156229
vt 0.402573 0.159872
vt 0.394016 0.163089
vt 0.385497 0.167173
vt 0.377273 0.172132
vt 0.278415 0.205871
vt 0.273873 0.189062
vt 0.284400 0.223184
vt 0.291692 0.241237
vt 0.299895 0.260299
vt 0.308267 0.281026
vt 0.315457 0.304084
vt 0.316515 0.328930
vt 0.312408 0.351088
vt 0.305195 0.387158
vt 0.307264 0.369743
vt 0.303147 0.405186
vt 0.302038 0.423980
vt 0.300946 0.443476
vt 0.299157 0.463092
vt 0.296198 0.481981
vt 0.203456 0.816554
vt 0.203899 0.830133
vt 0.204771 0.844592
vt 0.212471 0.829602
vt 0.213445 0.844107
vt 0.211423 0.815949
vt 0.243055 0.800625
vt 0.234873 0.801343
vt 0.232656 0.788242
vt 0.239757 0.787544
vt 0.228272 0.815158
vt 0.229286 0.828792
vt 0.220769 0.829133
vt 0.219839 0.815504
vt 0.230417 0.843289
vt 0.221896 0.843723
vt 0.238906 0.842605
vt 0.237973 0.828494
vt 0.236799 0.814789
vt 0.246888 0.842023
vt 0.247177 0.828465
vt 0.245906 0.814208
vt 0.142357 0.826801
vt 0.139982 0.839956
vt 0.133499 0.838691
vt 0.135888 0.825082
vt 0.149067 0.828628
vt 0.146452 0.841560
vt 0.152501 0.842488
vt 0.153269 0.801736
vt 0.155385 0.788218
vt 0.137335 0.811691
vt 0.144228 0.813536
vt 0.151226 0.815242
vt 0.483029 0.844681
vt 0.468190 0.848560
vt 0.465569 0.838340
vt 0.482085 0.834208
vt 0.451389 0.844856
vt 0.441903 0.851511
vt 0.456696 0.852850
vt 0.447823 0.855919
vt 0.459501 0.860770
vt 0.449654 0.863966
vt 0.435823 0.870324
vt 0.562939 0.470889
vt 0.554937 0.465416
vt 0.567429 0.459618
vt 0.575081 0.466374
vt 0.557220 0.455014
vt 0.546769 0.461772
vt 0.426328 0.873668
vt 0.529955 0.465929
vt 0.526785 0.453437
vt 0.544349 0.452546
vt 0.539648 0.459844
vt 0.500000 0.464831
vt 0.500000 0.453668
vt 0.483457 0.890034
vt 0.481450 0.892149
vt 0.486139 0.894511
vt 0.487138 0.893187
vt 0.488338 0.894198
vt 0.487404 0.894956
vt 0.485506 0.891892
vt 0.484127 0.893625
vt 0.485855 0.896234
vt 0.499999 0.896994
vt 0.498994 0.895981
vt 0.497493 0.896257
vt 0.496586 0.896838
vt 0.500000 0.903115
vt 0.498594 0.903020
vt 0.495434 0.902211
vt 0.495539 0.903580
vt 0.493987 0.903709
vt 0.494198 0.902514
vt 0.492529 0.903564
vt 0.492990 0.902471
vt 0.492065 0.902086
vt 0.491264 0.902975
vt 0.491578 0.901238
vt 0.490487 0.901782
vt 0.491385 0.900170
vt 0.490154 0.900319
vt 0.490252 0.898792
vt 0.491482 0.899082
vt 0.491042 0.897542
vt 0.491939 0.898190
vt 0.492790 0.897600
vt 0.492203 0.896679
vt 0.493596 0.896097
vt 0.493894 0.897232
vt 0.500000 0.939496
vt 0.486528 0.937071
vt 0.448265 0.958626
vt 0.437764 0.950917
vt 0.446906 0.941172
vt 0.454974 0.948400
vt 0.474746 0.955504
vt 0.469825 0.968948
vt 0.458663 0.964336
vt 0.463969 0.953232
vt 0.483613 0.935884
vt 0.480682 0.934690
vt 0.471569 0.932431
vt 0.464884 0.925779
vt 0.458788 0.930456
vt 0.453080 0.935208
vt 0.464524 0.937482
vt 0.459986 0.941935
vt 0.475212 0.949242
vt 0.466850 0.946791
vt 0.468759 0.942479
vt 0.475680 0.942946
vt 0.396912 0.888893
vt 0.416884 0.876994
vt 0.553884 0.476367
vt 0.542357 0.469267
vt 0.536140 0.467594
vt 0.500000 0.843391
vt 0.500000 0.832515
vt 0.380898 0.789739
vt 0.381696 0.772007
vt 0.372566 0.830437
vt 0.376294 0.809100
vt 0.367792 0.853571
vt 0.650688 0.420037
vt 0.659168 0.424101
vt 0.645108 0.415582
vt 0.629275 0.398498
vt 0.639557 0.411150
vt 0.621655 0.386437
vt 0.616355 0.377235
vt 0.615566 0.368406
vt 0.617302 0.367245
vt 0.362366 0.753913
vt 0.373110 0.758787
vt 0.236085 0.380185
vt 0.243317 0.380401
vt 0.135379 0.782834
vt 0.131930 0.796107
vt 0.124061 0.793379
vt 0.128554 0.780136
vt 0.129805 0.809697
vt 0.128016 0.823635
vt 0.119139 0.821925
vt 0.120988 0.807413
vt 0.126321 0.837453
vt 0.117600 0.835667
vt 0.123776 0.850706
vt 0.118388 0.862563
vt 0.110100 0.859303
vt 0.115989 0.848001
vt 0.105590 0.870517
vt 0.114100 0.873341
vt 0.110185 0.883470
vt 0.102190 0.881061
vt 0.100673 0.894048
vt 0.107533 0.895400
vt 0.104596 0.907435
vt 0.094972 0.902027
vt 0.349742 0.749957
vt 0.358159 0.734307
vt 0.371283 0.706883
vt 0.378384 0.688856
vt 0.383493 0.670986
vt 0.386532 0.653647
vt 0.387978 0.637379
vt 0.388231 0.621856
vt 0.388005 0.606541
vt 0.386462 0.590393
vt 0.382723 0.570996
vt 0.178967 0.511387
vt 0.180753 0.491799
vt 0.184834 0.471839
vt 0.189637 0.452420
vt 0.194521 0.433512
vt 0.199249 0.414881
vt 0.203533 0.396591
vt 0.207673 0.379312
vt 0.211071 0.362933
vt 0.213770 0.346361
vt 0.215432 0.329591
vt 0.216081 0.312785
vt 0.215906 0.295627
vt 0.215496 0.277817
vt 0.214435 0.259232
vt 0.213377 0.240341
vt 0.212322 0.221122
vt 0.211221 0.202162
vt 0.351012 0.156697
vt 0.346577 0.146314
vt 0.340857 0.133712
vt 0.338703 0.122063
vt 0.337732 0.109374
vt 0.337587 0.095357
vt 0.336932 0.082099
vt 0.335245 0.071588
vt 0.331501 0.064227
vt 0.327452 0.059242
vt 0.476920 0.047384
vt 0.473539 0.051416
vt 0.469907 0.058865
vt 0.468380 0.068156
vt 0.467189 0.079700
vt 0.465510 0.092145
vt 0.166485 0.681254
vt 0.165303 0.682426
vt 0.301560 0.640306
vt 0.300858 0.639295
vt 0.300235 0.638317
vt 0.299648 0.637352
vt 0.299210 0.636303
vt 0.173522 0.674202
vt 0.172396 0.675437
vt 0.171050 0.676762
vt 0.169450 0.678305
vt 0.167913 0.679892
vt 0.197245 0.749409
vt 0.190953 0.749950
vt 0.191626 0.737277
vt 0.197878 0.736927
vt 0.210709 0.736546
vt 0.210309 0.748588
vt 0.203704 0.748891
vt 0.204303 0.736709
vt 0.226999 0.749538
vt 0.221972 0.749055
vt 0.221884 0.737478
vt 0.226609 0.738218
vt 0.151001 0.734650
vt 0.147513 0.745333
vt 0.142857 0.743236
vt 0.147010 0.732453
vt 0.162724 0.749871
vt 0.157586 0.748548
vt 0.160021 0.737722
vt 0.164719 0.738977
vt 0.173480 0.751193
vt 0.168059 0.750827
vt 0.169469 0.739939
vt 0.174560 0.740256
vt 0.152470 0.747048
vt 0.155423 0.736316
vt 0.231731 0.749792
vt 0.231091 0.738333
vt 0.216666 0.736769
vt 0.216502 0.748419
vt 0.179058 0.751059
vt 0.179775 0.739770
vt 0.184859 0.750481
vt 0.185353 0.738663
vt 0.203442 0.762193
vt 0.203384 0.776142
vt 0.196379 0.776518
vt 0.196691 0.762743
vt 0.210174 0.762141
vt 0.210431 0.775886
vt 0.224028 0.775605
vt 0.217358 0.775723
vt 0.216671 0.762141
vt 0.222705 0.762289
vt 0.230268 0.775384
vt 0.228193 0.762485
vt 0.236384 0.774947
vt 0.233587 0.762529
vt 0.143402 0.757151
vt 0.139332 0.769619
vt 0.133380 0.767536
vt 0.137957 0.755301
vt 0.151492 0.773280
vt 0.145355 0.771575
vt 0.148948 0.758904
vt 0.154603 0.760481
vt 0.157857 0.774623
vt 0.160395 0.761830
vt 0.166328 0.762828
vt 0.164474 0.775748
vt 0.170973 0.776565
vt 0.172320 0.763431
vt 0.178255 0.763663
vt 0.177322 0.777006
vt 0.190247 0.763253
vt 0.189579 0.776815
vt 0.183374 0.777118
vt 0.184173 0.763564
vt 0.165889 0.850697
vt 0.160725 0.850249
vt 0.156231 0.849163
vt 0.172050 0.844749
vt 0.152880 0.726451
vt 0.148578 0.725510
vt 0.157491 0.727611
vt 0.161861 0.728766
vt 0.165948 0.730056
vt 0.170353 0.730910
vt 0.222397 0.699398
vt 0.221804 0.694540
vt 0.484141 0.105344
vt 0.482917 0.120919
vt 0.474504 0.121026
vt 0.476624 0.105803
vt 0.470685 0.138199
vt 0.480433 0.140987
vt 0.438438 0.102109
vt 0.438976 0.116062
vt 0.433000 0.115993
vt 0.432123 0.101929
vt 0.432141 0.130689
vt 0.438523 0.130392
vt 0.431600 0.155523
vt 0.440778 0.149125
vt 0.446745 0.153830
vt 0.438508 0.164729
vt 0.454700 0.155186
vt 0.452892 0.167204
vt 0.463256 0.151086
vt 0.467240 0.160235
vt 0.431420 0.143930
vt 0.438533 0.141504
vt 0.444457 0.116653
vt 0.443380 0.130686
vt 0.444976 0.102771
vt 0.449907 0.117991
vt 0.447977 0.132275
vt 0.451398 0.103566
vt 0.455488 0.119252
vt 0.453335 0.134253
vt 0.457589 0.104532
vt 0.463782 0.105256
vt 0.461332 0.120201
vt 0.467416 0.120816
vt 0.470049 0.105689
vt 0.301100 0.611442
vt 0.300177 0.614107
vt 0.298925 0.617139
vt 0.297606 0.620286
vt 0.296025 0.623524
vt 0.294549 0.626780
vt 0.293063 0.630072
vt 0.292523 0.633405
vt 0.292755 0.635722
vt 0.294768 0.637344
vt 0.296688 0.636977
vt 0.298764 0.635119
vt 0.300628 0.633404
vt 0.302481 0.631636
vt 0.304237 0.629964
vt 0.305617 0.628681
vt 0.308018 0.628026
vt 0.309692 0.629390
vt 0.310078 0.631612
vt 0.308973 0.634151
vt 0.307646 0.635919
vt 0.306060 0.637833
vt 0.304273 0.639759
vt 0.302440 0.641498
vt 0.300825 0.644003
vt 0.298800 0.646044
vt 0.297304 0.648207
vt 0.296066 0.651574
vt 0.345364 0.716773
vt 0.343480 0.731539
vt 0.349999 0.698881
vt 0.356756 0.681514
vt 0.362689 0.666405
vt 0.366207 0.652219
vt 0.367958 0.638237
vt 0.368498 0.624323
vt 0.368353 0.609816
vt 0.367429 0.593666
vt 0.364384 0.574472
vt 0.464465 0.136006
vt 0.459016 0.135202
vt 0.450631 0.145155
vt 0.456331 0.146778
vt 0.445793 0.142401
vt 0.442532 0.139464
vt 0.461286 0.145672
vt 0.386706 0.047069
vt 0.394292 0.062930
vt 0.301337 0.608501
vt 0.495111 0.897162
vt 0.496651 0.901569
vt 0.496964 0.903141
vt 0.492360 0.900022
vt 0.492441 0.900866
vt 0.496828 0.900191
vt 0.495942 0.900192
vt 0.495864 0.899360
vt 0.496723 0.899149
vt 0.492382 0.899187
vt 0.495938 0.900967
vt 0.495726 0.898616
vt 0.496452 0.898270
vt 0.494026 0.898131
vt 0.493128 0.898343
vt 0.494944 0.898040
vt 0.493254 0.901537
vt 0.494205 0.901454
vt 0.492572 0.901504
vt 0.492478 0.898571
vt 0.495177 0.901228
vt 0.495968 0.897578
vt 0.495576 0.898085
vt 0.494957 0.898773
vt 0.495023 0.899537
vt 0.495088 0.900358
vt 0.494093 0.898918
vt 0.494142 0.899709
vt 0.494179 0.900548
vt 0.493216 0.899077
vt 0.493249 0.899873
vt 0.493278 0.900702
vt 0.497347 0.897745
vt 0.498132 0.895781
vt 0.497711 0.898842
vt 0.497889 0.900038
vt 0.497872 0.901395
vt 0.497836 0.902520
vt 0.497982 0.895061
vt 0.801347 0.662805
vt 0.799974 0.667301
vt 0.797433 0.666822
vt 0.799242 0.662262
vt 0.802716 0.667537
vt 0.803749 0.663422
vt 0.806283 0.663792
vt 0.805320 0.668095
vt 0.722437 0.618059
vt 0.723346 0.617480
vt 0.724787 0.621811
vt 0.724371 0.622155
vt 0.807761 0.668832
vt 0.808509 0.664129
vt 0.721507 0.624537
vt 0.719886 0.619668
vt 0.721407 0.619037
vt 0.724145 0.623915
vt 0.716518 0.624809
vt 0.715416 0.620084
vt 0.716775 0.619908
vt 0.717365 0.624465
vt 0.719017 0.625668
vt 0.718310 0.620004
vt 0.718625 0.610091
vt 0.720007 0.614633
vt 0.718606 0.615202
vt 0.717487 0.610542
vt 0.812203 0.646111
vt 0.811380 0.650573
vt 0.809393 0.650369
vt 0.810340 0.645813
vt 0.717281 0.615517
vt 0.716305 0.610904
vt 0.715960 0.615608
vt 0.714555 0.615869
vt 0.713594 0.611550
vt 0.715031 0.611215
vt 0.812430 0.655206
vt 0.811472 0.659662
vt 0.809525 0.659649
vt 0.810497 0.655171
vt 0.807309 0.659445
vt 0.808286 0.654953
vt 0.804891 0.659027
vt 0.806016 0.654582
vt 0.802496 0.658422
vt 0.803762 0.653961
vt 0.806120 0.644766
vt 0.804883 0.649328
vt 0.802768 0.648568
vt 0.803971 0.644094
vt 0.800376 0.657664
vt 0.801515 0.653170
vt 0.721156 0.608776
vt 0.722317 0.613152
vt 0.721098 0.613872
vt 0.719826 0.609497
vt 0.809101 0.636324
vt 0.808427 0.637846
vt 0.806747 0.637059
vt 0.808574 0.635140
vt 0.811990 0.635776
vt 0.810992 0.636628
vt 0.810103 0.636326
vt 0.810270 0.634952
vt 0.812774 0.638444
vt 0.811273 0.638422
vt 0.810636 0.663967
vt 0.797537 0.661296
vt 0.798553 0.656865
vt 0.715291 0.606659
vt 0.714451 0.602616
vt 0.715497 0.602383
vt 0.716407 0.606315
vt 0.712843 0.607136
vt 0.712180 0.602997
vt 0.713367 0.602812
vt 0.714146 0.606924
vt 0.717632 0.601333
vt 0.718801 0.600487
vt 0.720004 0.604500
vt 0.718730 0.605267
vt 0.716550 0.601988
vt 0.717576 0.605865
vt 0.814364 0.634036
vt 0.814981 0.638941
vt 0.811144 0.631692
vt 0.806819 0.631834
vt 0.804291 0.636179
vt 0.712718 0.594489
vt 0.711456 0.593309
vt 0.713427 0.591469
vt 0.713570 0.593581
vt 0.715428 0.591478
vt 0.714683 0.593726
vt 0.714093 0.596413
vt 0.713772 0.594852
vt 0.714369 0.594761
vt 0.714910 0.596135
vt 0.712428 0.596404
vt 0.711033 0.596009
vt 0.716879 0.593732
vt 0.715780 0.595264
vt 0.713305 0.596565
vt 0.713230 0.595137
vt 0.809705 0.638216
vt 0.812880 0.642088
vt 0.811336 0.641971
vt 0.814688 0.642457
vt 0.712656 0.599235
vt 0.711344 0.599362
vt 0.713704 0.599133
vt 0.714700 0.598965
vt 0.715737 0.598623
vt 0.718199 0.596670
vt 0.716818 0.597822
vt 0.805070 0.640122
vt 0.802817 0.639500
vt 0.807185 0.640930
vt 0.802199 0.643556
vt 0.809401 0.641526
vt 0.808269 0.645400
vt 0.813798 0.646369
vt 0.813149 0.650673
vt 0.799736 0.652322
vt 0.800929 0.647828
vt 0.809572 0.668733
vt 0.796069 0.665736
vt 0.711208 0.625560
vt 0.711571 0.624932
vt 0.713509 0.626947
vt 0.713455 0.627617
vt 0.711860 0.631656
vt 0.709891 0.627943
vt 0.710767 0.626708
vt 0.713799 0.629636
vt 0.707678 0.629636
vt 0.708701 0.629050
vt 0.709980 0.633796
vt 0.708496 0.633162
vt 0.705694 0.617335
vt 0.707160 0.620466
vt 0.706443 0.621285
vt 0.704940 0.618127
vt 0.824435 0.659433
vt 0.822790 0.658860
vt 0.824503 0.655541
vt 0.825914 0.656021
vt 0.827415 0.656394
vt 0.826090 0.659914
vt 0.704105 0.618946
vt 0.705616 0.622079
vt 0.703303 0.619627
vt 0.704801 0.622833
vt 0.827617 0.660274
vt 0.825758 0.663786
vt 0.824325 0.663412
vt 0.822813 0.662957
vt 0.821190 0.658113
vt 0.823127 0.654877
vt 0.821076 0.666436
vt 0.822668 0.666981
vt 0.707161 0.625517
vt 0.706315 0.626105
vt 0.708068 0.624574
vt 0.708866 0.623654
vt 0.821078 0.662303
vt 0.819383 0.661542
vt 0.817902 0.660721
vt 0.817665 0.664938
vt 0.816052 0.664070
vt 0.819724 0.657228
vt 0.821297 0.653787
vt 0.816672 0.659900
vt 0.818478 0.656376
vt 0.707039 0.615713
vt 0.708566 0.618896
vt 0.707868 0.619674
vt 0.706358 0.616547
vt 0.710116 0.621981
vt 0.709451 0.622787
vt 0.826899 0.647836
vt 0.825699 0.649425
vt 0.824575 0.648242
vt 0.826548 0.646687
vt 0.829488 0.647747
vt 0.828560 0.648260
vt 0.827759 0.647919
vt 0.828154 0.646527
vt 0.829508 0.649800
vt 0.828041 0.650327
vt 0.824075 0.667320
vt 0.822388 0.670874
vt 0.820978 0.670721
vt 0.819406 0.669993
vt 0.819408 0.665762
vt 0.817589 0.669171
vt 0.815864 0.668277
vt 0.814302 0.667497
vt 0.813083 0.666522
vt 0.814810 0.663298
vt 0.702718 0.615954
vt 0.703575 0.615111
vt 0.701952 0.616582
vt 0.704979 0.613521
vt 0.705724 0.612532
vt 0.704274 0.614352
vt 0.831075 0.647335
vt 0.831385 0.650504
vt 0.828408 0.644696
vt 0.825319 0.644825
vt 0.823277 0.646777
vt 0.700454 0.607542
vt 0.700975 0.608741
vt 0.700346 0.609642
vt 0.699534 0.609018
vt 0.699832 0.605812
vt 0.701576 0.605556
vt 0.701518 0.607190
vt 0.701504 0.610191
vt 0.701419 0.608450
vt 0.702050 0.609537
vt 0.700588 0.611132
vt 0.699945 0.611760
vt 0.702990 0.607150
vt 0.702524 0.608306
vt 0.826836 0.649934
vt 0.828915 0.653192
vt 0.827244 0.652909
vt 0.830458 0.653472
vt 0.701415 0.613253
vt 0.700731 0.613786
vt 0.702384 0.612293
vt 0.703032 0.611557
vt 0.704327 0.609625
vt 0.703658 0.610701
vt 0.822959 0.650701
vt 0.821595 0.649610
vt 0.824336 0.651765
vt 0.825760 0.652469
vt 0.829088 0.656782
vt 0.819928 0.652870
vt 0.819527 0.674975
vt 0.821168 0.674382
vt 0.826689 0.679632
vt 0.824568 0.681977
vt 0.822308 0.680136
vt 0.824761 0.678249
vt 0.826749 0.683982
vt 0.828475 0.681297
vt 0.830234 0.683000
vt 0.828539 0.685800
vt 0.705781 0.640042
vt 0.702661 0.639086
vt 0.703045 0.637910
vt 0.705358 0.638355
vt 0.830086 0.687329
vt 0.831665 0.684640
vt 0.704329 0.641947
vt 0.701952 0.640269
vt 0.700228 0.642613
vt 0.701114 0.641396
vt 0.703223 0.643451
vt 0.702185 0.644711
vt 0.696540 0.633659
vt 0.698364 0.635450
vt 0.697834 0.636415
vt 0.696041 0.634657
vt 0.836857 0.669379
vt 0.837990 0.670374
vt 0.836311 0.673406
vt 0.834970 0.671985
vt 0.839345 0.671459
vt 0.837696 0.674657
vt 0.697265 0.637391
vt 0.695515 0.635569
vt 0.696586 0.638497
vt 0.694838 0.636654
vt 0.839067 0.675871
vt 0.836936 0.679261
vt 0.835611 0.677993
vt 0.834224 0.676598
vt 0.833832 0.670719
vt 0.835980 0.668156
vt 0.832772 0.675153
vt 0.831424 0.673734
vt 0.832849 0.669452
vt 0.835237 0.666885
vt 0.830248 0.672472
vt 0.698861 0.634466
vt 0.697007 0.632744
vt 0.839712 0.664954
vt 0.840339 0.666409
vt 0.839466 0.666682
vt 0.838988 0.666089
vt 0.838503 0.665531
vt 0.837475 0.666407
vt 0.837176 0.665027
vt 0.838548 0.664329
vt 0.840204 0.668510
vt 0.839034 0.668120
vt 0.693925 0.633940
vt 0.694421 0.633020
vt 0.693297 0.634877
vt 0.694852 0.632099
vt 0.695291 0.631101
vt 0.842365 0.665826
vt 0.841800 0.669064
vt 0.841053 0.662884
vt 0.838591 0.661771
vt 0.836675 0.663366
vt 0.691404 0.631714
vt 0.692119 0.631724
vt 0.692790 0.632620
vt 0.692108 0.633280
vt 0.693207 0.631869
vt 0.692327 0.631093
vt 0.693885 0.630038
vt 0.693614 0.631030
vt 0.692728 0.630514
vt 0.692460 0.629737
vt 0.691560 0.630424
vt 0.838287 0.667249
vt 0.840921 0.672550
vt 0.829250 0.671313
vt 0.831996 0.668376
vt 0.834603 0.665579
vt 0.832978 0.686368
vt 0.831320 0.688648
vt 0.821294 0.678351
vt 0.823446 0.677197
vt 0.798482 0.674717
vt 0.799285 0.670966
vt 0.801802 0.671538
vt 0.801041 0.675319
vt 0.804301 0.671933
vt 0.803529 0.675765
vt 0.806490 0.672394
vt 0.805567 0.675915
vt 0.810954 0.678393
vt 0.812528 0.674992
vt 0.814405 0.676105
vt 0.812975 0.679596
vt 0.816289 0.677220
vt 0.815032 0.680760
vt 0.817906 0.678556
vt 0.816746 0.681800
vt 0.821718 0.687018
vt 0.823169 0.684455
vt 0.825219 0.686571
vt 0.823759 0.689245
vt 0.827146 0.688533
vt 0.825825 0.691343
vt 0.828859 0.690170
vt 0.827931 0.693137
vt 0.778255 0.707452
vt 0.780549 0.713099
vt 0.775903 0.715894
vt 0.774138 0.711127
vt 0.772013 0.718163
vt 0.770742 0.713647
vt 0.736755 0.664240
vt 0.740470 0.667315
vt 0.738791 0.671595
vt 0.734767 0.668767
vt 0.737779 0.644199
vt 0.741237 0.647152
vt 0.738903 0.650269
vt 0.735498 0.647285
vt 0.742232 0.637705
vt 0.744969 0.639560
vt 0.744516 0.641333
vt 0.741246 0.639367
vt 0.757806 0.687573
vt 0.759402 0.685307
vt 0.761561 0.687109
vt 0.759780 0.689470
vt 0.761871 0.691352
vt 0.763762 0.693503
vt 0.762100 0.695202
vt 0.760235 0.693228
vt 0.763840 0.689124
vt 0.766099 0.691206
vt 0.765485 0.695766
vt 0.767728 0.693714
vt 0.769128 0.696377
vt 0.767052 0.698166
vt 0.765403 0.699685
vt 0.763810 0.697352
vt 0.754215 0.687947
vt 0.752298 0.686276
vt 0.754176 0.684268
vt 0.755891 0.685868
vt 0.750896 0.684281
vt 0.752808 0.682839
vt 0.751220 0.680185
vt 0.751725 0.681475
vt 0.749987 0.681904
vt 0.750123 0.679722
vt 0.744161 0.644287
vt 0.739942 0.641608
vt 0.724125 0.665209
vt 0.720330 0.660907
vt 0.721338 0.656497
vt 0.724929 0.657769
vt 0.719761 0.668810
vt 0.717713 0.663838
vt 0.715804 0.671107
vt 0.714135 0.665513
vt 0.709976 0.669294
vt 0.711611 0.673905
vt 0.708297 0.664900
vt 0.707072 0.660901
vt 0.709840 0.659182
vt 0.711535 0.662353
vt 0.713290 0.659866
vt 0.711827 0.657248
vt 0.714652 0.661909
vt 0.716319 0.660510
vt 0.717947 0.658275
vt 0.718763 0.655451
vt 0.708556 0.656133
vt 0.710372 0.654480
vt 0.706294 0.657475
vt 0.705926 0.654971
vt 0.707358 0.653296
vt 0.708875 0.651659
vt 0.827165 0.719153
vt 0.821909 0.716384
vt 0.823131 0.711214
vt 0.828121 0.713851
vt 0.824402 0.706966
vt 0.825396 0.703099
vt 0.829304 0.704833
vt 0.828912 0.709106
vt 0.826246 0.699628
vt 0.829416 0.701239
vt 0.827011 0.696521
vt 0.829347 0.698657
vt 0.783310 0.673499
vt 0.783760 0.669581
vt 0.786417 0.669907
vt 0.786351 0.673836
vt 0.789085 0.669897
vt 0.789385 0.673913
vt 0.780781 0.672804
vt 0.781391 0.669093
vt 0.783764 0.661800
vt 0.783822 0.665662
vt 0.781536 0.665328
vt 0.781552 0.661606
vt 0.786300 0.665840
vt 0.786163 0.661901
vt 0.788469 0.661707
vt 0.788873 0.665814
vt 0.737135 0.617888
vt 0.738692 0.617816
vt 0.738859 0.621407
vt 0.737383 0.621414
vt 0.791380 0.665609
vt 0.790579 0.661465
vt 0.751258 0.640727
vt 0.748173 0.641566
vt 0.748147 0.640121
vt 0.750980 0.639448
vt 0.748691 0.643520
vt 0.751903 0.642164
vt 0.768813 0.720298
vt 0.767792 0.715882
vt 0.762530 0.698471
vt 0.764182 0.700618
vt 0.729008 0.658585
vt 0.730164 0.665388
vt 0.737262 0.675785
vt 0.733593 0.674859
vt 0.724965 0.673944
vt 0.729473 0.673864
vt 0.720886 0.675485
vt 0.717269 0.676967
vt 0.713906 0.678274
vt 0.820476 0.722327
vt 0.824979 0.724214
vt 0.750998 0.637140
vt 0.750906 0.638340
vt 0.748386 0.639056
vt 0.748815 0.638186
vt 0.745474 0.638456
vt 0.746019 0.637768
vt 0.743077 0.636569
vt 0.743883 0.635719
vt 0.766661 0.684103
vt 0.769744 0.685194
vt 0.769141 0.688267
vt 0.765683 0.686462
vt 0.753653 0.639491
vt 0.754332 0.640705
vt 0.753101 0.638399
vt 0.763090 0.684615
vt 0.764163 0.682442
vt 0.758285 0.691380
vt 0.755209 0.636983
vt 0.755817 0.638048
vt 0.756499 0.639135
vt 0.751866 0.636499
vt 0.753853 0.634808
vt 0.754606 0.635948
vt 0.752591 0.637394
vt 0.739880 0.630914
vt 0.741311 0.630089
vt 0.742378 0.633029
vt 0.741216 0.633907
vt 0.755823 0.676803
vt 0.755100 0.679053
vt 0.753391 0.678499
vt 0.753888 0.676355
vt 0.756665 0.634413
vt 0.756030 0.633042
vt 0.758197 0.631817
vt 0.758614 0.633171
vt 0.781501 0.682727
vt 0.782696 0.677615
vt 0.786228 0.678039
vt 0.786197 0.682575
vt 0.738443 0.631852
vt 0.740060 0.635010
vt 0.738699 0.636465
vt 0.736826 0.633003
vt 0.735453 0.629372
vt 0.737249 0.628539
vt 0.733850 0.621831
vt 0.734013 0.617980
vt 0.735641 0.617922
vt 0.735777 0.621588
vt 0.729355 0.620791
vt 0.729775 0.617361
vt 0.731000 0.617563
vt 0.730128 0.620980
vt 0.731317 0.622249
vt 0.732394 0.617886
vt 0.735677 0.606884
vt 0.735598 0.610416
vt 0.734349 0.610342
vt 0.734517 0.606792
vt 0.733125 0.610175
vt 0.733335 0.606613
vt 0.730696 0.609679
vt 0.731050 0.606049
vt 0.732226 0.606357
vt 0.731901 0.609944
vt 0.789822 0.649768
vt 0.791430 0.649357
vt 0.791629 0.653038
vt 0.789987 0.653476
vt 0.788046 0.653850
vt 0.787931 0.650159
vt 0.783691 0.647093
vt 0.783852 0.644146
vt 0.785855 0.644172
vt 0.785754 0.647096
vt 0.788117 0.657727
vt 0.790259 0.657325
vt 0.731550 0.613715
vt 0.730212 0.613404
vt 0.734215 0.614126
vt 0.732804 0.613990
vt 0.735558 0.614184
vt 0.785913 0.654099
vt 0.785793 0.650427
vt 0.783604 0.654139
vt 0.783532 0.650491
vt 0.781492 0.654057
vt 0.783774 0.657953
vt 0.781499 0.657826
vt 0.781460 0.650347
vt 0.779677 0.653842
vt 0.779555 0.650146
vt 0.738310 0.606771
vt 0.738272 0.610404
vt 0.736893 0.610449
vt 0.736893 0.606870
vt 0.738277 0.614146
vt 0.736885 0.614179
vt 0.734887 0.634423
vt 0.733333 0.630398
vt 0.737013 0.638307
vt 0.734718 0.640488
vt 0.732563 0.635978
vt 0.778845 0.679694
vt 0.779892 0.676400
vt 0.720290 0.641751
vt 0.722408 0.645887
vt 0.719749 0.647477
vt 0.717998 0.643501
vt 0.711996 0.652822
vt 0.710409 0.650016
vt 0.823243 0.697440
vt 0.824580 0.694370
vt 0.789703 0.677889
vt 0.790417 0.681999
vt 0.763101 0.632570
vt 0.763376 0.633055
vt 0.762799 0.633779
vt 0.762272 0.633236
vt 0.750570 0.677856
vt 0.752091 0.676879
vt 0.752412 0.678515
vt 0.751696 0.679076
vt 0.759573 0.635265
vt 0.760201 0.636159
vt 0.758436 0.637601
vt 0.757801 0.636581
vt 0.761140 0.634135
vt 0.761687 0.634841
vt 0.731700 0.658318
vt 0.733492 0.661247
vt 0.773189 0.723132
vt 0.770003 0.724672
vt 0.725012 0.650989
vt 0.729264 0.653367
vt 0.777515 0.685667
vt 0.773592 0.687424
vt 0.773446 0.684631
vt 0.776590 0.682719
vt 0.777204 0.721457
vt 0.793593 0.716619
vt 0.787560 0.717971
vt 0.785879 0.709953
vt 0.792184 0.707659
vt 0.804088 0.706961
vt 0.805018 0.714844
vt 0.799616 0.715755
vt 0.798518 0.706758
vt 0.808478 0.708086
vt 0.808238 0.713112
vt 0.812655 0.710542
vt 0.811191 0.716645
vt 0.817122 0.713480
vt 0.815796 0.719972
vt 0.782029 0.719785
vt 0.715810 0.645105
vt 0.717358 0.648663
vt 0.721179 0.651789
vt 0.718473 0.652157
vt 0.712067 0.648358
vt 0.713828 0.646694
vt 0.715340 0.649847
vt 0.713601 0.651249
vt 0.713442 0.655531
vt 0.714871 0.658036
vt 0.716274 0.656282
vt 0.714983 0.653949
vt 0.716513 0.652703
vt 0.717201 0.654812
vt 0.785050 0.640581
vt 0.784478 0.641768
vt 0.782723 0.641040
vt 0.784272 0.639495
vt 0.787979 0.639342
vt 0.786999 0.640383
vt 0.785998 0.640451
vt 0.785990 0.639077
vt 0.788916 0.640575
vt 0.787292 0.641509
vt 0.757440 0.683683
vt 0.756267 0.689641
vt 0.791958 0.656784
vt 0.792260 0.660710
vt 0.786031 0.657931
vt 0.779495 0.661333
vt 0.779771 0.657631
vt 0.733618 0.603155
vt 0.733692 0.600132
vt 0.734694 0.600296
vt 0.734606 0.603330
vt 0.732465 0.602906
vt 0.731151 0.602590
vt 0.731324 0.599355
vt 0.732663 0.599821
vt 0.790268 0.637343
vt 0.791101 0.639506
vt 0.786011 0.636558
vt 0.783146 0.637362
vt 0.779770 0.640351
vt 0.733788 0.595937
vt 0.732894 0.594542
vt 0.735114 0.594118
vt 0.734877 0.595660
vt 0.736944 0.595340
vt 0.735914 0.596310
vt 0.734740 0.598121
vt 0.734795 0.596637
vt 0.735415 0.596879
vt 0.735592 0.598202
vt 0.733077 0.597356
vt 0.731887 0.596608
vt 0.737914 0.597393
vt 0.736554 0.597945
vt 0.733933 0.597906
vt 0.734169 0.596658
vt 0.785937 0.641951
vt 0.789604 0.643107
vt 0.789783 0.646277
vt 0.787735 0.646777
vt 0.787735 0.643807
vt 0.791486 0.642389
vt 0.791485 0.645781
vt 0.735692 0.600414
vt 0.735663 0.603420
vt 0.736825 0.600359
vt 0.738297 0.600164
vt 0.738218 0.603340
vt 0.736834 0.603440
vt 0.781711 0.643715
vt 0.781484 0.646871
vt 0.779568 0.646613
vt 0.779444 0.643308
vt 0.757828 0.677846
vt 0.756798 0.680135
vt 0.759838 0.679246
vt 0.758758 0.681407
vt 0.761970 0.680802
vt 0.762975 0.678918
vt 0.764907 0.680651
vt 0.760862 0.677055
vt 0.758685 0.675666
vt 0.760813 0.682958
vt 0.770675 0.691867
vt 0.771567 0.694902
vt 0.755646 0.682345
vt 0.754092 0.681145
vt 0.752925 0.680221
vt 0.749435 0.676157
vt 0.751873 0.674501
vt 0.762892 0.631447
vt 0.763260 0.630415
vt 0.764002 0.631009
vt 0.763561 0.632003
vt 0.754129 0.674247
vt 0.756621 0.674683
vt 0.761848 0.631641
vt 0.762056 0.630394
vt 0.760446 0.632235
vt 0.760360 0.630910
vt 0.761901 0.632480
vt 0.762675 0.632078
vt 0.747772 0.683214
vt 0.747495 0.679435
vt 0.764198 0.633056
vt 0.765596 0.633087
vt 0.764945 0.634442
vt 0.763602 0.634167
vt 0.760652 0.633184
vt 0.748862 0.686158
vt 0.763631 0.636080
vt 0.762519 0.635478
vt 0.750351 0.688329
vt 0.762105 0.638003
vt 0.760997 0.637009
vt 0.752618 0.689962
vt 0.760173 0.639972
vt 0.759212 0.638664
vt 0.759037 0.634256
vt 0.757211 0.635531
vt 0.756986 0.693108
vt 0.754918 0.691594
vt 0.757267 0.640342
vt 0.758174 0.641821
vt 0.756275 0.643433
vt 0.755234 0.642010
vt 0.758869 0.694748
vt 0.754458 0.645247
vt 0.753015 0.643669
vt 0.752627 0.647236
vt 0.750410 0.645419
vt 0.760665 0.696483
vt 0.750609 0.649594
vt 0.747264 0.647256
vt 0.772011 0.697169
vt 0.770507 0.698741
vt 0.724435 0.643231
vt 0.722477 0.639846
vt 0.821865 0.700743
vt 0.820371 0.704279
vt 0.818506 0.708167
vt 0.794118 0.667338
vt 0.794012 0.666061
vt 0.727474 0.622493
vt 0.727603 0.622952
vt 0.796317 0.674065
vt 0.796870 0.670504
vt 0.791588 0.669872
vt 0.791751 0.673721
vt 0.794143 0.670274
vt 0.794038 0.673803
vt 0.809216 0.677277
vt 0.810649 0.674051
vt 0.808642 0.673325
vt 0.807353 0.676513
vt 0.821273 0.682544
vt 0.820042 0.685036
vt 0.819442 0.680569
vt 0.818379 0.683330
vt 0.820221 0.677269
vt 0.820055 0.678237
vt 0.708467 0.637639
vt 0.707614 0.636286
vt 0.830409 0.691488
vt 0.829946 0.694354
vt 0.710254 0.645344
vt 0.708623 0.647114
vt 0.707148 0.648733
vt 0.712125 0.643521
vt 0.714004 0.641521
vt 0.705650 0.650223
vt 0.792562 0.664103
vt 0.716078 0.639646
vt 0.718306 0.637860
vt 0.730850 0.631608
vt 0.728113 0.632666
vt 0.729828 0.637405
vt 0.720571 0.636151
vt 0.722857 0.634623
vt 0.724502 0.638337
vt 0.725372 0.633540
vt 0.726909 0.637803
vt 0.747864 0.652222
vt 0.744469 0.649724
vt 0.745103 0.654079
vt 0.742079 0.652614
vt 0.740203 0.656151
vt 0.743530 0.658147
vt 0.741989 0.662852
vt 0.738522 0.660140
vt 0.768235 0.705517
vt 0.769495 0.709386
vt 0.767168 0.711354
vt 0.766563 0.706822
vt 0.765685 0.703127
vt 0.766876 0.702310
vt 0.770246 0.703537
vt 0.772099 0.707017
vt 0.768600 0.700708
vt 0.772355 0.700931
vt 0.774110 0.697922
vt 0.775064 0.703653
vt 0.734453 0.625697
vt 0.736369 0.625135
vt 0.732083 0.626384
vt 0.728103 0.624275
vt 0.729335 0.627605
vt 0.726320 0.628262
vt 0.723535 0.629191
vt 0.720924 0.630407
vt 0.718614 0.632249
vt 0.716805 0.628748
vt 0.716174 0.633776
vt 0.714005 0.635694
vt 0.711962 0.637878
vt 0.710186 0.640290
vt 0.708261 0.642409
vt 0.706622 0.644296
vt 0.705285 0.645851
vt 0.704015 0.647147
vt 0.817845 0.673744
vt 0.815926 0.672613
vt 0.813993 0.671652
vt 0.812095 0.670851
vt 0.809497 0.670919
vt 0.791946 0.677101
vt 0.793884 0.677032
vt 0.795777 0.677310
vt 0.797590 0.678334
vt 0.800285 0.679191
vt 0.803069 0.679379
vt 0.804935 0.679140
vt 0.806513 0.679482
vt 0.807980 0.680241
vt 0.809384 0.681739
vt 0.811592 0.683228
vt 0.813911 0.684291
vt 0.815737 0.684746
vt 0.817276 0.685895
vt 0.818725 0.687382
vt 0.820103 0.689576
vt 0.822174 0.692006
vt 0.738013 0.624815
vt 0.739594 0.624559
vt 0.740264 0.627155
vt 0.738796 0.627844
vt 0.799532 0.683035
vt 0.796386 0.682239
vt 0.802821 0.683440
vt 0.810111 0.687011
vt 0.807532 0.685108
vt 0.813141 0.688355
vt 0.820440 0.694863
vt 0.817858 0.691970
vt 0.783060 0.701828
vt 0.804371 0.698650
vt 0.809091 0.701955
vt 0.810185 0.696946
vt 0.807206 0.694739
vt 0.790741 0.698120
vt 0.792619 0.691731
vt 0.796359 0.691557
vt 0.798128 0.697271
vt 0.818811 0.698062
vt 0.817056 0.701170
vt 0.813972 0.704025
vt 0.793128 0.687103
vt 0.796193 0.687030
vt 0.811476 0.692654
vt 0.808722 0.690927
vt 0.793431 0.682839
vt 0.795297 0.679807
vt 0.793720 0.679866
vt 0.792121 0.679734
vt 0.815043 0.687100
vt 0.817584 0.689170
vt 0.816272 0.688210
vt 0.815272 0.690698
vt 0.804543 0.681601
vt 0.805835 0.682160
vt 0.805115 0.684910
vt 0.807099 0.682494
vt 0.778037 0.689908
vt 0.774175 0.690895
vt 0.790062 0.686729
vt 0.790098 0.690267
vt 0.787521 0.692514
vt 0.809826 0.670026
vt 0.715915 0.627178
vt 0.715453 0.626916
vt 0.811304 0.669665
vt 0.815293 0.698387
vt 0.816333 0.695657
vt 0.814024 0.694364
vt 0.813155 0.698420
vt 0.803709 0.692984
vt 0.805762 0.692395
vt 0.806542 0.689374
vt 0.804248 0.688838
vt 0.801628 0.687910
vt 0.798936 0.687101
vt 0.798572 0.690272
vt 0.800496 0.692113
vt 0.735346 0.657542
vt 0.732513 0.655120
vt 0.733829 0.651248
vt 0.737007 0.653824
vt 0.726982 0.646279
vt 0.730404 0.648557
vt 0.731662 0.643231
vt 0.727819 0.642107
vt 0.725639 0.641195
vt 0.779451 0.664934
vt 0.774502 0.694515
vt 0.786483 0.687530
vt 0.782197 0.688582
vt 0.782766 0.694343
vt 0.773698 0.729494
vt 0.770058 0.729901
vt 0.777994 0.728708
vt 0.782895 0.727471
vt 0.794871 0.725943
vt 0.788627 0.726609
vt 0.801264 0.725469
vt 0.808151 0.724203
vt 0.814496 0.727930
vt 0.823928 0.731096
vt 0.819662 0.730073
vt 0.717970 0.683781
vt 0.715564 0.683367
vt 0.721399 0.682962
vt 0.725099 0.682299
vt 0.729008 0.681988
vt 0.736238 0.681382
vt 0.732816 0.681585
vt 0.778658 0.672172
vt 0.779438 0.668540
vt 0.777485 0.675465
vt 0.777048 0.677398
vt 0.773477 0.682962
vt 0.776015 0.680709
vt 0.769993 0.683568
vt 0.767176 0.682623
vt 0.807190 0.649939
vt 0.637251 0.067638
vt 0.648962 0.073862
vt 0.647587 0.088896
vt 0.636753 0.084598
vt 0.636637 0.099922
vt 0.646696 0.103518
vt 0.637485 0.053069
vt 0.652037 0.058982
vt 0.627294 0.051734
vt 0.624976 0.065522
vt 0.629023 0.043001
vt 0.638277 0.043683
vt 0.654364 0.051045
vt 0.659751 0.066784
vt 0.663232 0.057674
vt 0.657007 0.078847
vt 0.674124 0.082795
vt 0.668223 0.083640
vt 0.667922 0.074893
vt 0.671697 0.070988
vt 0.675689 0.096999
vt 0.668588 0.096885
vt 0.655839 0.092609
vt 0.655086 0.106936
vt 0.669001 0.110615
vt 0.675905 0.110469
vt 0.678507 0.134727
vt 0.667260 0.139196
vt 0.668567 0.124377
vt 0.676764 0.123260
vt 0.652798 0.130135
vt 0.645785 0.127679
vt 0.646966 0.116399
vt 0.654878 0.119420
vt 0.636689 0.114138
vt 0.637251 0.126598
vt 0.648120 0.143609
vt 0.642866 0.142579
vt 0.636771 0.142656
vt 0.673190 0.152816
vt 0.664491 0.159511
vt 0.658622 0.150736
vt 0.682620 0.147800
vt 0.667780 0.166709
vt 0.677010 0.162703
vt 0.685822 0.159516
vt 0.680526 0.176760
vt 0.671996 0.179488
vt 0.670117 0.173433
vt 0.678885 0.169868
vt 0.688953 0.174504
vt 0.687681 0.166850
vt 0.609736 0.156499
vt 0.613546 0.148709
vt 0.622468 0.154128
vt 0.618000 0.161471
vt 0.601369 0.152722
vt 0.605191 0.145046
vt 0.627671 0.127271
vt 0.617903 0.125191
vt 0.617179 0.110027
vt 0.626604 0.112023
vt 0.627967 0.144398
vt 0.638585 0.154405
vt 0.634072 0.156877
vt 0.642160 0.153977
vt 0.645495 0.154714
vt 0.656630 0.166114
vt 0.652334 0.160081
vt 0.659414 0.171548
vt 0.663537 0.182780
vt 0.661780 0.177263
vt 0.629826 0.161761
vt 0.626001 0.167168
vt 0.608306 0.135562
vt 0.609663 0.123660
vt 0.617032 0.138526
vt 0.608759 0.109296
vt 0.625127 0.081728
vt 0.625995 0.096845
vt 0.621613 0.051817
vt 0.618714 0.049392
vt 0.617068 0.063824
vt 0.615121 0.079389
vt 0.612056 0.063390
vt 0.606694 0.078449
vt 0.615733 0.094628
vt 0.606964 0.093515
vt 0.682893 0.095948
vt 0.682431 0.109435
vt 0.680811 0.081128
vt 0.683082 0.121226
vt 0.685600 0.132041
vt 0.690018 0.144697
vt 0.693780 0.156615
vt 0.751032 0.311655
vt 0.751532 0.293298
vt 0.764118 0.294621
vt 0.763978 0.312437
vt 0.736163 0.310438
vt 0.737443 0.291412
vt 0.758813 0.235686
vt 0.768970 0.237756
vt 0.766846 0.257161
vt 0.755738 0.255108
vt 0.771499 0.218509
vt 0.762516 0.216560
vt 0.777850 0.239266
vt 0.776449 0.258425
vt 0.774513 0.295308
vt 0.774405 0.312768
vt 0.779595 0.219896
vt 0.808414 0.241705
vt 0.796540 0.241092
vt 0.796733 0.222464
vt 0.808875 0.223917
vt 0.820020 0.242016
vt 0.819399 0.225108
vt 0.839978 0.225468
vt 0.841584 0.240971
vt 0.831695 0.241650
vt 0.830355 0.225523
vt 0.736930 0.230356
vt 0.725863 0.226997
vt 0.731485 0.208974
vt 0.742354 0.211774
vt 0.747825 0.233111
vt 0.752882 0.214078
vt 0.743562 0.252544
vt 0.731498 0.249501
vt 0.719567 0.245766
vt 0.720399 0.308848
vt 0.703530 0.306926
vt 0.707261 0.285704
vt 0.722476 0.288928
vt 0.844349 0.256666
vt 0.833910 0.258033
vt 0.821390 0.259092
vt 0.808668 0.259572
vt 0.796153 0.259602
vt 0.853237 0.288715
vt 0.857757 0.306064
vt 0.843262 0.307442
vt 0.840116 0.290913
vt 0.810423 0.294029
vt 0.811459 0.310380
vt 0.796388 0.311846
vt 0.795963 0.295130
vt 0.825783 0.292588
vt 0.827430 0.308973
vt 0.764277 0.329869
vt 0.774960 0.329939
vt 0.812546 0.326771
vt 0.797137 0.328346
vt 0.828747 0.325350
vt 0.859514 0.324252
vt 0.844726 0.324412
vt 0.719686 0.328755
vt 0.702475 0.328485
vt 0.735950 0.329117
vt 0.751113 0.329551
vt 0.518403 0.820814
vt 0.518586 0.805130
vt 0.513235 0.910956
vt 0.510344 0.912577
vt 0.508591 0.909416
vt 0.510978 0.908207
vt 0.518126 0.905617
vt 0.515922 0.908642
vt 0.513150 0.906421
vt 0.514883 0.904085
vt 0.516112 0.901373
vt 0.519717 0.902131
vt 0.530034 0.891513
vt 0.536395 0.889303
vt 0.538093 0.898279
vt 0.531162 0.898133
vt 0.534205 0.914497
vt 0.527892 0.910702
vt 0.530417 0.904704
vt 0.537114 0.906706
vt 0.521370 0.883500
vt 0.523599 0.878786
vt 0.530639 0.882501
vt 0.526478 0.886148
vt 0.516644 0.895862
vt 0.519865 0.895025
vt 0.520294 0.898445
vt 0.516688 0.898492
vt 0.501070 0.898487
vt 0.501014 0.900004
vt 0.508663 0.895611
vt 0.509425 0.894435
vt 0.510860 0.895340
vt 0.509970 0.896635
vt 0.511436 0.900456
vt 0.513425 0.900822
vt 0.512513 0.903031
vt 0.510786 0.902347
vt 0.511101 0.904836
vt 0.509697 0.903728
vt 0.507367 0.907015
vt 0.506540 0.905162
vt 0.508237 0.904683
vt 0.509356 0.906180
vt 0.529401 0.920709
vt 0.524158 0.915614
vt 0.515219 0.921620
vt 0.519749 0.919254
vt 0.523680 0.925149
vt 0.517929 0.927640
vt 0.501107 0.901507
vt 0.503872 0.914017
vt 0.503140 0.910372
vt 0.504860 0.918592
vt 0.506385 0.924155
vt 0.508616 0.930357
vt 0.502432 0.904864
vt 0.502737 0.907447
vt 0.518891 0.887314
vt 0.521934 0.889772
vt 0.524138 0.893570
vt 0.525147 0.898286
vt 0.522562 0.907846
vt 0.524521 0.903259
vt 0.519679 0.911677
vt 0.512544 0.916608
vt 0.516202 0.914604
vt 0.544268 0.909415
vt 0.540334 0.918257
vt 0.579772 0.928516
vt 0.572205 0.940504
vt 0.560892 0.932068
vt 0.567376 0.921781
vt 0.553200 0.926590
vt 0.546809 0.922242
vt 0.551549 0.913067
vt 0.558695 0.916963
vt 0.546316 0.899124
vt 0.545552 0.885957
vt 0.558050 0.891104
vt 0.567074 0.895293
vt 0.563264 0.906462
vt 0.555351 0.902733
vt 0.572404 0.910996
vt 0.576900 0.900205
vt 0.590643 0.907388
vt 0.585288 0.917462
vt 0.560705 0.880237
vt 0.570559 0.884443
vt 0.580729 0.889281
vt 0.596355 0.898194
vt 0.513901 0.898418
vt 0.511493 0.898234
vt 0.504663 0.905258
vt 0.505194 0.907402
vt 0.507230 0.913560
vt 0.505994 0.910107
vt 0.510967 0.923134
vt 0.508865 0.917883
vt 0.513471 0.929197
vt 0.502358 0.885266
vt 0.502364 0.883558
vt 0.507910 0.893628
vt 0.507126 0.894840
vt 0.511396 0.892078
vt 0.510249 0.893269
vt 0.508765 0.892438
vt 0.509760 0.891176
vt 0.504761 0.886741
vt 0.504895 0.888591
vt 0.502257 0.888390
vt 0.502352 0.886921
vt 0.503818 0.890141
vt 0.501888 0.889708
vt 0.502965 0.891350
vt 0.502208 0.892032
vt 0.501184 0.892070
vt 0.501516 0.890962
vt 0.501462 0.897263
vt 0.501154 0.893181
vt 0.502252 0.893999
vt 0.502433 0.892855
vt 0.504191 0.892340
vt 0.503764 0.893902
vt 0.501115 0.894324
vt 0.501008 0.895220
vt 0.506213 0.892918
vt 0.505439 0.894247
vt 0.504636 0.895862
vt 0.503233 0.895268
vt 0.511800 0.887822
vt 0.514208 0.888605
vt 0.512734 0.890592
vt 0.510812 0.889699
vt 0.506469 0.889737
vt 0.505399 0.890994
vt 0.508068 0.890446
vt 0.507119 0.891689
vt 0.507543 0.888924
vt 0.507245 0.887868
vt 0.509434 0.887605
vt 0.508954 0.889169
vt 0.506875 0.884480
vt 0.509475 0.882815
vt 0.509732 0.885546
vt 0.507154 0.886214
vt 0.506826 0.882119
vt 0.506138 0.883448
vt 0.502529 0.881798
vt 0.513085 0.882083
vt 0.516798 0.882225
vt 0.515687 0.885903
vt 0.512672 0.885350
vt 0.511977 0.877706
vt 0.516767 0.877087
vt 0.508725 0.878879
vt 0.506344 0.879781
vt 0.502894 0.879847
vt 0.504501 0.883551
vt 0.504639 0.885051
vt 0.504702 0.882037
vt 0.504851 0.880548
vt 0.505417 0.875517
vt 0.503810 0.877630
vt 0.514001 0.869913
vt 0.508268 0.873088
vt 0.548996 0.874821
vt 0.525135 0.872325
vt 0.535175 0.876834
vt 0.527314 0.864753
vt 0.538117 0.869088
vt 0.515163 0.862040
vt 0.538135 0.807421
vt 0.537665 0.825023
vt 0.521975 0.736586
vt 0.544739 0.739755
vt 0.540280 0.751795
vt 0.520362 0.749515
vt 0.548289 0.723390
vt 0.580339 0.727602
vt 0.569351 0.747000
vt 0.605041 0.747940
vt 0.592144 0.765371
vt 0.557573 0.758440
vt 0.570040 0.771677
vt 0.761812 0.884582
vt 0.751990 0.881278
vt 0.755121 0.868679
vt 0.764886 0.871188
vt 0.813269 0.876776
vt 0.813883 0.892499
vt 0.803568 0.892639
vt 0.803830 0.876850
vt 0.822118 0.891643
vt 0.821593 0.875979
vt 0.851766 0.885147
vt 0.840634 0.888225
vt 0.838847 0.873297
vt 0.849108 0.870898
vt 0.742613 0.878050
vt 0.745592 0.866046
vt 0.878197 0.876400
vt 0.870587 0.879472
vt 0.867098 0.867402
vt 0.874328 0.865215
vt 0.748976 0.853575
vt 0.758165 0.855815
vt 0.863036 0.853887
vt 0.869597 0.852411
vt 0.838424 0.859159
vt 0.847288 0.855331
vt 0.812669 0.860552
vt 0.820935 0.859775
vt 0.803858 0.860739
vt 0.767579 0.857567
vt 0.804596 0.817033
vt 0.812360 0.817405
vt 0.812811 0.830982
vt 0.804419 0.830604
vt 0.819650 0.817617
vt 0.820774 0.831368
vt 0.835892 0.829352
vt 0.833866 0.816754
vt 0.841184 0.816539
vt 0.843773 0.831000
vt 0.812459 0.845102
vt 0.803900 0.844948
vt 0.820727 0.845004
vt 0.838809 0.843573
vt 0.837982 0.837231
vt 0.842269 0.837194
vt 0.843450 0.842975
vt 0.810979 0.790533
vt 0.811623 0.804073
vt 0.804406 0.803729
vt 0.804046 0.790247
vt 0.573198 0.702634
vt 0.547372 0.703547
vt 0.606752 0.716437
vt 0.598551 0.695898
vt 0.391213 0.340539
vt 0.401054 0.326840
vt 0.421844 0.329821
vt 0.414904 0.344333
vt 0.445180 0.331577
vt 0.441209 0.346053
vt 0.468286 0.347114
vt 0.470484 0.333004
vt 0.549530 0.630568
vt 0.551098 0.609117
vt 0.572092 0.613100
vt 0.570642 0.633672
vt 0.591794 0.618158
vt 0.591603 0.635978
vt 0.431266 0.292419
vt 0.430888 0.280575
vt 0.450762 0.281679
vt 0.451232 0.293640
vt 0.473631 0.293940
vt 0.473502 0.282155
vt 0.796732 0.789885
vt 0.796815 0.803246
vt 0.789126 0.802700
vt 0.789403 0.789479
vt 0.773135 0.801848
vt 0.774636 0.788726
vt 0.782020 0.789101
vt 0.781358 0.802189
vt 0.818450 0.804197
vt 0.817411 0.790676
vt 0.832000 0.803533
vt 0.830335 0.790047
vt 0.837349 0.789308
vt 0.839134 0.802972
vt 0.853865 0.800229
vt 0.851477 0.786778
vt 0.858037 0.785038
vt 0.860820 0.798411
vt 0.792891 0.891840
vt 0.794208 0.876325
vt 0.795037 0.860478
vt 0.748418 0.893482
vt 0.757870 0.897847
vt 0.802915 0.908557
vt 0.790905 0.907616
vt 0.598218 0.788730
vt 0.576638 0.790013
vt 0.814256 0.907893
vt 0.522696 0.721489
vt 0.522828 0.703301
vt 0.519146 0.761813
vt 0.537146 0.763043
vt 0.549593 0.764835
vt 0.553739 0.774946
vt 0.537191 0.775001
vt 0.518865 0.774680
vt 0.538011 0.790062
vt 0.518727 0.789109
vt 0.556984 0.790644
vt 0.516453 0.853761
vt 0.529313 0.856933
vt 0.752322 0.910763
vt 0.744967 0.922529
vt 0.736077 0.915355
vt 0.742057 0.906496
vt 0.762825 0.915658
vt 0.756316 0.928009
vt 0.802103 0.924733
vt 0.815316 0.924088
vt 0.784220 0.940468
vt 0.788000 0.923458
vt 0.801913 0.942972
vt 0.605762 0.857303
vt 0.582511 0.855777
vt 0.580952 0.834400
vt 0.603695 0.834228
vt 0.820436 0.940960
vt 0.375176 0.430797
vt 0.397598 0.442907
vt 0.384995 0.454198
vt 0.365237 0.437007
vt 0.410465 0.434905
vt 0.384687 0.424232
vt 0.622886 0.740438
vt 0.734272 0.901418
vt 0.727244 0.912867
vt 0.739920 0.889154
vt 0.529923 0.559276
vt 0.517726 0.542026
vt 0.534201 0.531412
vt 0.547122 0.545541
vt 0.514333 0.533529
vt 0.527930 0.519617
vt 0.568521 0.556319
vt 0.558613 0.573640
vt 0.529045 0.584600
vt 0.554135 0.590577
vt 0.578255 0.580449
vt 0.574305 0.597065
vt 0.593125 0.602573
vt 0.596076 0.585531
vt 0.585143 0.561534
vt 0.525538 0.510686
vt 0.731083 0.509445
vt 0.712844 0.507564
vt 0.708654 0.497318
vt 0.725034 0.497165
vt 0.739437 0.497873
vt 0.743027 0.510068
vt 0.757422 0.497998
vt 0.759554 0.512094
vt 0.779409 0.513770
vt 0.776648 0.497009
vt 0.793924 0.513387
vt 0.791026 0.495396
vt 0.805072 0.493684
vt 0.807896 0.512242
vt 0.601575 0.566396
vt 0.512260 0.896142
vt 0.754061 0.479611
vt 0.750597 0.460431
vt 0.768409 0.458959
vt 0.772612 0.478206
vt 0.743706 0.399412
vt 0.751040 0.389648
vt 0.758125 0.389666
vt 0.759553 0.401255
vt 0.747370 0.440829
vt 0.764814 0.439526
vt 0.783688 0.457240
vt 0.787557 0.476457
vt 0.779624 0.437702
vt 0.770770 0.396965
vt 0.764411 0.388669
vt 0.732891 0.461522
vt 0.716287 0.462506
vt 0.713952 0.443113
vt 0.730269 0.442100
vt 0.710660 0.404022
vt 0.708490 0.385691
vt 0.723061 0.384198
vt 0.725566 0.402354
vt 0.784270 0.397559
vt 0.771212 0.380624
vt 0.781675 0.380401
vt 0.808825 0.394435
vt 0.804085 0.377406
vt 0.819641 0.374558
vt 0.824123 0.391145
vt 0.835126 0.371776
vt 0.839194 0.387324
vt 0.857459 0.367900
vt 0.861127 0.380791
vt 0.851155 0.384131
vt 0.847377 0.369582
vt 0.876092 0.406711
vt 0.884777 0.420288
vt 0.872280 0.426024
vt 0.864576 0.412168
vt 0.850457 0.417868
vt 0.857168 0.433095
vt 0.840387 0.440790
vt 0.833874 0.424357
vt 0.823923 0.448043
vt 0.817783 0.430219
vt 0.797108 0.455145
vt 0.792715 0.435878
vt 0.801333 0.474559
vt 0.829985 0.467123
vt 0.847096 0.457249
vt 0.864804 0.447496
vt 0.893315 0.433579
vt 0.880198 0.439467
vt 0.712464 0.423419
vt 0.727814 0.422247
vt 0.857040 0.398334
vt 0.867760 0.393566
vt 0.829030 0.407815
vt 0.844011 0.402955
vt 0.813497 0.412222
vt 0.775522 0.417794
vt 0.788515 0.416516
vt 0.762090 0.419773
vt 0.745127 0.420581
vt 0.721779 0.366418
vt 0.706516 0.367767
vt 0.856406 0.355040
vt 0.845418 0.355234
vt 0.832144 0.356772
vt 0.816070 0.358687
vt 0.799625 0.361215
vt 0.766847 0.365194
vt 0.778909 0.364031
vt 0.762365 0.371980
vt 0.755422 0.371448
vt 0.753959 0.362098
vt 0.738220 0.382487
vt 0.738930 0.366136
vt 0.748484 0.372672
vt 0.749076 0.380956
vt 0.776641 0.347248
vt 0.765329 0.347538
vt 0.814273 0.343047
vt 0.798252 0.344725
vt 0.830230 0.341398
vt 0.858418 0.340793
vt 0.845041 0.340524
vt 0.720257 0.347921
vt 0.703918 0.348913
vt 0.751992 0.346837
vt 0.736646 0.347540
vt 0.739924 0.272064
vt 0.753258 0.274430
vt 0.713058 0.265329
vt 0.726385 0.269099
vt 0.836761 0.274455
vt 0.848320 0.272484
vt 0.809521 0.277092
vt 0.823448 0.276003
vt 0.795977 0.277658
vt 0.764987 0.276213
vt 0.775099 0.277160
vt 0.758892 0.195605
vt 0.767562 0.198685
vt 0.736194 0.191817
vt 0.747598 0.194044
vt 0.829907 0.210246
vt 0.839335 0.210283
vt 0.809744 0.206722
vt 0.819780 0.208918
vt 0.797241 0.204112
vt 0.774472 0.200441
vt 0.781164 0.201239
vt 0.854660 0.472586
vt 0.835446 0.488887
vt 0.872407 0.461026
vt 0.736077 0.480307
vt 0.719886 0.480820
vt 0.887090 0.450933
vt 0.900764 0.444429
vt 0.854955 0.496967
vt 0.851992 0.512620
vt 0.835668 0.510009
vt 0.865089 0.482519
vt 0.881564 0.473226
vt 0.419786 0.240289
vt 0.425567 0.254777
vt 0.409767 0.252401
vt 0.405090 0.235852
vt 0.428860 0.268149
vt 0.410997 0.266475
vt 0.447337 0.256875
vt 0.449384 0.269727
vt 0.527345 0.605788
vt 0.526234 0.629018
vt 0.523271 0.682079
vt 0.546595 0.682341
vt 0.570101 0.680550
vt 0.594181 0.675865
vt 0.414555 0.290854
vt 0.414619 0.278867
vt 0.448313 0.318264
vt 0.426954 0.316639
vt 0.409213 0.314673
vt 0.471592 0.319593
vt 0.472842 0.270388
vt 0.474612 0.219222
vt 0.472657 0.232843
vt 0.473765 0.202112
vt 0.439719 0.208846
vt 0.452238 0.219520
vt 0.446980 0.230509
vt 0.418417 0.223533
vt 0.445376 0.243920
vt 0.471568 0.258089
vt 0.471473 0.245506
vt 0.524767 0.656269
vt 0.547841 0.657194
vt 0.569876 0.657074
vt 0.592304 0.655455
vt 0.413802 0.302827
vt 0.429867 0.304324
vt 0.450422 0.305733
vt 0.472982 0.306562
vt 0.892867 0.459300
vt 0.906044 0.451694
vt 0.524599 0.501847
vt 0.489499 0.194035
vt 0.556028 0.077906
vt 0.566592 0.077904
vt 0.563679 0.089450
vt 0.555565 0.090189
vt 0.513599 0.090699
vt 0.512340 0.076530
vt 0.520472 0.078471
vt 0.521512 0.091797
vt 0.539318 0.079351
vt 0.546926 0.078614
vt 0.547966 0.090971
vt 0.541039 0.091705
vt 0.514833 0.063241
vt 0.521189 0.065914
vt 0.518955 0.052205
vt 0.522923 0.055324
vt 0.676985 0.067170
vt 0.527443 0.043079
vt 0.534115 0.037604
vt 0.537688 0.044148
vt 0.531109 0.048339
vt 0.658048 0.045736
vt 0.666581 0.052856
vt 0.552402 0.031052
vt 0.553434 0.038839
vt 0.640935 0.036704
vt 0.526828 0.079448
vt 0.528139 0.092201
vt 0.526465 0.067730
vt 0.526588 0.060248
vt 0.542104 0.055087
vt 0.535321 0.057295
vt 0.554219 0.053158
vt 0.568956 0.033831
vt 0.563841 0.039564
vt 0.626640 0.037730
vt 0.555195 0.065416
vt 0.566882 0.064574
vt 0.537476 0.067451
vt 0.545094 0.066524
vt 0.577215 0.079555
vt 0.571767 0.089195
vt 0.577880 0.064029
vt 0.567869 0.051882
vt 0.577028 0.049135
vt 0.598397 0.080722
vt 0.600276 0.095300
vt 0.695870 0.164039
vt 0.697343 0.172300
vt 0.593731 0.149322
vt 0.597949 0.142722
vt 0.603299 0.123318
vt 0.601371 0.134291
vt 0.602766 0.110389
vt 0.846530 0.915899
vt 0.843327 0.902637
vt 0.854491 0.898130
vt 0.857913 0.910506
vt 0.434699 0.391138
vt 0.432112 0.408004
vt 0.399320 0.403962
vt 0.403332 0.389161
vt 0.466080 0.391639
vt 0.465719 0.408508
vt 0.855929 0.854815
vt 0.858920 0.869089
vt 0.862168 0.882379
vt 0.405173 0.360912
vt 0.436954 0.361151
vt 0.385581 0.355084
vt 0.885286 0.897661
vt 0.886405 0.908841
vt 0.879698 0.912148
vt 0.876698 0.900971
vt 0.871598 0.916209
vt 0.867920 0.905311
vt 0.851217 0.929288
vt 0.862248 0.922208
vt 0.881870 0.886524
vt 0.873730 0.890253
vt 0.865009 0.894107
vt 0.406263 0.375584
vt 0.434898 0.375972
vt 0.466435 0.376177
vt 0.466880 0.361539
vt 0.823250 0.906752
vt 0.825433 0.922305
vt 0.429155 0.426667
vt 0.392342 0.417380
vt 0.834314 0.920038
vt 0.831619 0.905366
vt 0.830216 0.890426
vt 0.829753 0.874608
vt 0.829638 0.857818
vt 0.833386 0.844344
vt 0.833303 0.838029
vt 0.826786 0.817612
vt 0.828810 0.832168
vt 0.825182 0.804042
vt 0.823733 0.790532
vt 0.828840 0.938631
vt 0.837199 0.936315
vt 0.774418 0.920469
vt 0.768917 0.935050
vt 0.579750 0.811427
vt 0.601480 0.811591
vt 0.776935 0.858968
vt 0.774862 0.873382
vt 0.772022 0.887645
vt 0.768112 0.901667
vt 0.786033 0.859899
vt 0.784648 0.875134
vt 0.782562 0.890292
vt 0.779251 0.905536
vt 0.465780 0.425875
vt 0.558364 0.833854
vt 0.558413 0.810649
vt 0.564103 0.853421
vt 0.407925 0.460958
vt 0.416821 0.452181
vt 0.429340 0.445936
vt 0.470619 0.440567
vt 0.446129 0.441520
vt 0.597427 0.159872
vt 0.589150 0.156229
vt 0.605984 0.163089
vt 0.614503 0.167173
vt 0.622727 0.172132
vt 0.721585 0.205871
vt 0.726127 0.189062
vt 0.715600 0.223184
vt 0.708308 0.241237
vt 0.700105 0.260299
vt 0.691733 0.281026
vt 0.684543 0.304084
vt 0.683485 0.328930
vt 0.687592 0.351088
vt 0.694805 0.387158
vt 0.692736 0.369743
vt 0.696853 0.405186
vt 0.697962 0.423980
vt 0.699054 0.443476
vt 0.700843 0.463092
vt 0.703802 0.481981
vt 0.796544 0.816554
vt 0.796101 0.830133
vt 0.795229 0.844592
vt 0.787529 0.829602
vt 0.786555 0.844107
vt 0.788577 0.815949
vt 0.756945 0.800625
vt 0.760243 0.787544
vt 0.767344 0.788242
vt 0.765127 0.801343
vt 0.771728 0.815158
vt 0.780161 0.815504
vt 0.779231 0.829133
vt 0.770714 0.828792
vt 0.769583 0.843289
vt 0.778104 0.843723
vt 0.761094 0.842605
vt 0.762027 0.828494
vt 0.763201 0.814789
vt 0.753112 0.842023
vt 0.752823 0.828465
vt 0.754094 0.814208
vt 0.857643 0.826801
vt 0.864112 0.825082
vt 0.866501 0.838691
vt 0.860018 0.839956
vt 0.850933 0.828628
vt 0.853548 0.841560
vt 0.847499 0.842488
vt 0.846731 0.801736
vt 0.844615 0.788218
vt 0.855772 0.813536
vt 0.862665 0.811691
vt 0.848774 0.815242
vt 0.516971 0.844681
vt 0.517915 0.834208
vt 0.534431 0.838340
vt 0.531810 0.848560
vt 0.548611 0.844856
vt 0.558097 0.851511
vt 0.552177 0.855919
vt 0.543304 0.852850
vt 0.540499 0.860770
vt 0.550346 0.863966
vt 0.564177 0.870324
vt 0.437061 0.470889
vt 0.424919 0.466374
vt 0.432571 0.459618
vt 0.445063 0.465416
vt 0.442780 0.455014
vt 0.453231 0.461772
vt 0.573672 0.873668
vt 0.470045 0.465929
vt 0.460352 0.459844
vt 0.455651 0.452546
vt 0.473215 0.453437
vt 0.518550 0.892149
vt 0.516543 0.890034
vt 0.513861 0.894511
vt 0.512596 0.894956
vt 0.511662 0.894198
vt 0.512862 0.893187
vt 0.514494 0.891892
vt 0.515873 0.893625
vt 0.514145 0.896234
vt 0.501006 0.895981
vt 0.503414 0.896838
vt 0.502507 0.896257
vt 0.501406 0.903020
vt 0.504566 0.902211
vt 0.505802 0.902514
vt 0.506013 0.903709
vt 0.504461 0.903580
vt 0.507010 0.902471
vt 0.507471 0.903564
vt 0.507935 0.902086
vt 0.508736 0.902975
vt 0.508422 0.901238
vt 0.509513 0.901782
vt 0.508615 0.900170
vt 0.509846 0.900319
vt 0.508518 0.899082
vt 0.509748 0.898792
vt 0.508061 0.898190
vt 0.508958 0.897542
vt 0.507210 0.897600
vt 0.507797 0.896679
vt 0.506404 0.896097
vt 0.506106 0.897232
vt 0.513472 0.937071
vt 0.551735 0.958626
vt 0.545026 0.948400
vt 0.553094 0.941172
vt 0.562236 0.950917
vt 0.525254 0.955504
vt 0.536031 0.953232
vt 0.541337 0.964336
vt 0.530175 0.968948
vt 0.519318 0.934690
vt 0.516387 0.935884
vt 0.528431 0.932431
vt 0.535116 0.925779
vt 0.541212 0.930456
vt 0.546920 0.935208
vt 0.540014 0.941935
vt 0.535476 0.937482
vt 0.524788 0.949242
vt 0.524320 0.942946
vt 0.531241 0.942479
vt 0.533150 0.946791
vt 0.583116 0.876994
vt 0.603088 0.888893
vt 0.446116 0.476367
vt 0.457643 0.469267
vt 0.463860 0.467594
vt 0.619102 0.789739
vt 0.618304 0.772007
vt 0.627434 0.830437
vt 0.623706 0.809100
vt 0.632208 0.853571
vt 0.349312 0.420037
vt 0.340832 0.424101
vt 0.354892 0.415582
vt 0.370725 0.398498
vt 0.360443 0.411150
vt 0.378345 0.386437
vt 0.383645 0.377235
vt 0.384434 0.368406
vt 0.382698 0.367245
vt 0.637634 0.753913
vt 0.626890 0.758787
vt 0.756683 0.380401
vt 0.763915 0.380185
vt 0.864621 0.782834
vt 0.871446 0.780136
vt 0.875939 0.793379
vt 0.868070 0.796107
vt 0.870195 0.809697
vt 0.879012 0.807413
vt 0.880861 0.821925
vt 0.871984 0.823635
vt 0.882400 0.835667
vt 0.873679 0.837453
vt 0.876224 0.850706
vt 0.884011 0.848001
vt 0.889900 0.859303
vt 0.881612 0.862563
vt 0.894410 0.870517
vt 0.885900 0.873341
vt 0.897810 0.881061
vt 0.889815 0.883470
vt 0.899327 0.894048
vt 0.892467 0.895400
vt 0.905028 0.902027
vt 0.895404 0.907435
vt 0.650258 0.749957
vt 0.641841 0.734307
vt 0.628717 0.706883
vt 0.621616 0.688856
vt 0.616507 0.670986
vt 0.613468 0.653647
vt 0.612022 0.637379
vt 0.611769 0.621856
vt 0.611995 0.606541
vt 0.613538 0.590393
vt 0.617277 0.570996
vt 0.819247 0.491799
vt 0.821033 0.511387
vt 0.815166 0.471839
vt 0.810363 0.452420
vt 0.805479 0.433512
vt 0.800751 0.414881
vt 0.796467 0.396591
vt 0.792327 0.379312
vt 0.788929 0.362933
vt 0.786230 0.346361
vt 0.784568 0.329591
vt 0.783919 0.312785
vt 0.784094 0.295627
vt 0.784504 0.277817
vt 0.785565 0.259232
vt 0.786623 0.240341
vt 0.787678 0.221122
vt 0.788779 0.202162
vt 0.653423 0.146314
vt 0.648988 0.156697
vt 0.659143 0.133712
vt 0.661297 0.122063
vt 0.662413 0.095357
vt 0.662268 0.109374
vt 0.663068 0.082099
vt 0.664755 0.071588
vt 0.668499 0.064227
vt 0.672548 0.059242
vt 0.523080 0.047384
vt 0.526461 0.051416
vt 0.530093 0.058865
vt 0.531620 0.068156
vt 0.532811 0.079700
vt 0.534490 0.092145
vt 0.834697 0.682426
vt 0.833515 0.681254
vt 0.699142 0.639295
vt 0.698440 0.640306
vt 0.699765 0.638317
vt 0.700352 0.637352
vt 0.700790 0.636303
vt 0.827604 0.675437
vt 0.826478 0.674202
vt 0.828950 0.676762
vt 0.830550 0.678305
vt 0.832087 0.679892
vt 0.802755 0.749409
vt 0.802122 0.736927
vt 0.808374 0.737277
vt 0.809047 0.749950
vt 0.789291 0.736546
vt 0.795697 0.736709
vt 0.796296 0.748891
vt 0.789691 0.748588
vt 0.773001 0.749538
vt 0.773391 0.738218
vt 0.778116 0.737478
vt 0.778028 0.749055
vt 0.848999 0.734650
vt 0.852990 0.732453
vt 0.857143 0.743236
vt 0.852487 0.745333
vt 0.837276 0.749871
vt 0.835281 0.738977
vt 0.839979 0.737722
vt 0.842414 0.748548
vt 0.826520 0.751193
vt 0.825440 0.740256
vt 0.830531 0.739939
vt 0.831941 0.750827
vt 0.844577 0.736316
vt 0.847530 0.747048
vt 0.768269 0.749792
vt 0.768909 0.738333
vt 0.783334 0.736769
vt 0.783498 0.748419
vt 0.820942 0.751059
vt 0.820225 0.739770
vt 0.815141 0.750481
vt 0.814647 0.738663
vt 0.796558 0.762193
vt 0.803309 0.762743
vt 0.803621 0.776518
vt 0.796616 0.776142
vt 0.789826 0.762141
vt 0.789569 0.775886
vt 0.775972 0.775605
vt 0.777295 0.762289
vt 0.783329 0.762141
vt 0.782642 0.775723
vt 0.769732 0.775384
vt 0.771807 0.762485
vt 0.763616 0.774947
vt 0.766413 0.762529
vt 0.856598 0.757151
vt 0.862043 0.755301
vt 0.866620 0.767536
vt 0.860668 0.769619
vt 0.848508 0.773280
vt 0.845397 0.760481
vt 0.851052 0.758904
vt 0.854645 0.771575
vt 0.842143 0.774623
vt 0.839605 0.761830
vt 0.835526 0.775748
vt 0.833672 0.762828
vt 0.829027 0.776565
vt 0.827680 0.763431
vt 0.821745 0.763663
vt 0.822678 0.777006
vt 0.809753 0.763253
vt 0.815827 0.763564
vt 0.816626 0.777118
vt 0.810421 0.776815
vt 0.839275 0.850249
vt 0.834111 0.850697
vt 0.843769 0.849163
vt 0.827950 0.844749
vt 0.847120 0.726451
vt 0.851422 0.725510
vt 0.838139 0.728766
vt 0.842509 0.727611
vt 0.834052 0.730056
vt 0.829647 0.730910
vt 0.777603 0.699398
vt 0.778196 0.694540
vt 0.515859 0.105344
vt 0.523376 0.105803
vt 0.525496 0.121026
vt 0.517083 0.120919
vt 0.529315 0.138199
vt 0.519567 0.140987
vt 0.561562 0.102109
vt 0.567877 0.101929
vt 0.567000 0.115993
vt 0.561024 0.116062
vt 0.567859 0.130689
vt 0.561477 0.130392
vt 0.568400 0.155523
vt 0.561492 0.164729
vt 0.553255 0.153830
vt 0.559222 0.149125
vt 0.547108 0.167204
vt 0.545300 0.155186
vt 0.532760 0.160235
vt 0.536744 0.151086
vt 0.568580 0.143930
vt 0.561467 0.141504
vt 0.555543 0.116653
vt 0.556620 0.130686
vt 0.555024 0.102771
vt 0.550093 0.117991
vt 0.552023 0.132275
vt 0.548602 0.103566
vt 0.544512 0.119252
vt 0.546665 0.134253
vt 0.542411 0.104532
vt 0.538668 0.120201
vt 0.536218 0.105256
vt 0.532584 0.120816
vt 0.529951 0.105689
vt 0.699823 0.614107
vt 0.698900 0.611442
vt 0.701075 0.617139
vt 0.702394 0.620286
vt 0.703975 0.623524
vt 0.705451 0.626780
vt 0.706937 0.630072
vt 0.707477 0.633405
vt 0.707245 0.635722
vt 0.705232 0.637344
vt 0.703312 0.636977
vt 0.701236 0.635119
vt 0.699372 0.633404
vt 0.697519 0.631636
vt 0.695763 0.629964
vt 0.694383 0.628681
vt 0.691982 0.628026
vt 0.690308 0.629390
vt 0.689922 0.631612
vt 0.691027 0.634151
vt 0.692354 0.635919
vt 0.693940 0.637833
vt 0.695727 0.639759
vt 0.697560 0.641498
vt 0.699175 0.644003
vt 0.701200 0.646044
vt 0.702696 0.648207
vt 0.703934 0.651574
vt 0.654636 0.716773
vt 0.656520 0.731539
vt 0.650001 0.698881
vt 0.643244 0.681514
vt 0.637311 0.666405
vt 0.633793 0.652219
vt 0.632042 0.638237
vt 0.631502 0.624323
vt 0.631647 0.609816
vt 0.632571 0.593666
vt 0.635616 0.574472
vt 0.535535 0.136006
vt 0.540984 0.135202
vt 0.543669 0.146778
vt 0.549369 0.145155
vt 0.554207 0.142401
vt 0.557468 0.139464
vt 0.538714 0.145672
vt 0.613294 0.047069
vt 0.605708 0.062930
vt 0.698663 0.608501
vt 0.504889 0.897162
vt 0.503349 0.901569
vt 0.503036 0.903141
vt 0.507559 0.900866
vt 0.507640 0.900022
vt 0.503172 0.900191
vt 0.503277 0.899149
vt 0.504136 0.899360
vt 0.504058 0.900192
vt 0.507618 0.899187
vt 0.504062 0.900967
vt 0.503548 0.898270
vt 0.504274 0.898616
vt 0.506872 0.898343
vt 0.505974 0.898131
vt 0.505056 0.898040
vt 0.505795 0.901454
vt 0.506746 0.901537
vt 0.507428 0.901504
vt 0.507522 0.898571
vt 0.504822 0.901228
vt 0.504423 0.898085
vt 0.504032 0.897578
vt 0.505043 0.898773
vt 0.504977 0.899537
vt 0.504912 0.900358
vt 0.505907 0.898918
vt 0.505858 0.899709
vt 0.505821 0.900548
vt 0.506751 0.899873
vt 0.506784 0.899077
vt 0.506722 0.900702
vt 0.502653 0.897745
vt 0.501868 0.895781
vt 0.502289 0.898842
vt 0.502111 0.900038
vt 0.502128 0.901395
vt 0.502164 0.902520
vt 0.502018 0.895061
vn -0.345872 0.542643 0.765449
vn 0.013181 0.232658 0.972469
vn -0.299654 0.157177 0.941012
vn -0.419678 0.446541 0.790235
vn -0.750374 0.635778 0.180901
vn -0.698349 0.701745 0.140936
vn -0.663943 0.487277 -0.567222
vn -0.719403 0.448313 -0.530542
vn 0.381052 -0.311590 0.870466
vn 0.101167 -0.438296 0.893119
vn -0.033503 -0.165822 0.985587
vn 0.269776 -0.069495 0.960412
vn -0.621574 0.132891 -0.772001
vn -0.421830 0.152434 -0.893769
vn 0.404467 -0.914550 0.002004
vn 0.237364 -0.864696 0.442673
vn 0.556547 -0.658355 0.506779
vn 0.578361 -0.812969 -0.067674
vn -0.361061 -0.247342 -0.899142
vn -0.128853 -0.576903 -0.806585
vn 0.077724 -0.456825 -0.886154
vn -0.150908 -0.176170 -0.972723
vn 0.127722 -0.929320 -0.346486
vn 0.364091 -0.715740 -0.595948
vn 0.699987 -0.628738 0.338684
vn 0.660153 -0.739234 -0.133158
vn 0.526383 -0.847595 -0.067107
vn 0.551276 -0.700419 0.453329
vn -0.397288 0.054636 -0.916066
vn -0.745177 0.367947 -0.556171
vn -0.741492 0.398337 -0.539924
vn -0.429516 0.057050 -0.901255
vn 0.490419 -0.677289 -0.548424
vn 0.347417 -0.752649 -0.559304
vn 0.160728 -0.530356 -0.832399
vn 0.284910 -0.525597 -0.801607
vn -0.061076 -0.253667 -0.965361
vn -0.092499 -0.221375 -0.970792
vn -0.425392 0.069403 -0.902344
vn -0.391872 0.121957 -0.911901
vn -0.688488 0.472816 -0.549936
vn -0.749623 0.416647 -0.514266
vn -0.793959 0.599523 0.101002
vn -0.735964 0.667875 0.110906
vn -0.504542 0.507390 0.698565
vn -0.397916 0.555901 0.729820
vn -0.544271 0.503374 0.671107
vn 0.026849 0.193042 0.980823
vn 0.009855 0.171882 0.985068
vn -0.505495 0.517465 0.690438
vn 0.010819 0.159218 0.987184
vn 0.058235 0.218395 0.974121
vn 0.394378 -0.179795 0.901188
vn 0.608872 -0.429524 0.666922
vn 0.479529 -0.424158 0.768207
vn 0.354468 -0.133231 0.925528
vn -0.794583 0.162936 0.584884
vn -0.282674 -0.584276 0.760734
vn -0.105748 -0.081885 0.991016
vn -0.711877 0.387715 0.585584
vn -0.470935 -0.573635 -0.670196
vn -0.496770 -0.867803 0.011701
vn -0.999110 0.038694 -0.016773
vn -0.858832 0.072909 -0.507042
vn -0.843018 0.261208 -0.470204
vn -0.469509 -0.161205 -0.868086
vn 0.536624 -0.626713 -0.565036
vn 0.714175 -0.669782 -0.203339
vn 0.748147 -0.617375 -0.243153
vn 0.568640 -0.552929 -0.609031
vn -0.053297 -0.264548 -0.962899
vn 0.309008 -0.515768 -0.799060
vn 0.335649 -0.440451 -0.832672
vn -0.004744 -0.235745 -0.971803
vn 0.689014 -0.376881 0.619047
vn 0.648804 -0.414441 0.638195
vn 0.414141 -0.171438 0.893922
vn 0.467067 -0.141685 0.872797
vn 0.762200 -0.585564 0.275983
vn 0.795718 -0.555469 0.241427
vn -0.068974 -0.435215 -0.897681
vn -0.120447 -0.729681 -0.673096
vn -0.084176 -0.993316 -0.078980
vn 0.171013 -0.764176 0.621924
vn 0.372255 -0.399700 0.837655
vn 0.176211 -0.751342 -0.635952
vn 0.274960 -0.940850 -0.197987
vn 0.487402 -0.806856 0.333800
vn 0.671902 -0.690934 -0.266753
vn 0.753056 -0.645672 0.126550
vn 0.621846 -0.782739 0.025028
vn 0.506930 -0.812342 -0.288309
vn 0.209729 -0.572363 -0.792726
vn 0.638379 -0.548025 0.540501
vn 0.390586 -0.757159 -0.523597
vn 0.479517 -0.659636 -0.578744
vn -0.896295 0.443443 0.003708
vn -0.799393 0.272248 -0.535585
vn -0.424442 -0.008835 -0.905412
vn -0.014779 -0.265928 -0.963880
vn 0.321240 -0.420762 -0.848389
vn 0.593253 -0.508943 -0.623721
vn 0.786608 -0.555308 -0.269967
vn 0.846867 -0.500610 0.179459
vn 0.728210 -0.368324 0.577968
vn 0.464704 -0.178968 0.867191
vn -0.036414 0.128175 0.991083
vn -0.653985 0.412353 0.634247
vn -0.832125 0.553178 0.039539
vn -0.910193 0.414154 -0.005068
vn 0.110437 -0.301414 0.947076
vn -0.213571 -0.552177 0.805908
vn -0.422147 -0.238627 0.874557
vn -0.071886 -0.063685 0.995378
vn 0.423585 -0.904016 0.057721
vn 0.115217 -0.906595 0.405969
vn 0.376164 -0.589438 0.714887
vn 0.612743 -0.772676 0.165885
vn 0.275068 -0.323260 -0.905451
vn 0.057995 -0.441196 -0.895535
vn 0.200087 -0.859084 -0.471106
vn 0.559379 -0.656751 -0.505740
vn 0.548754 -0.556768 0.623601
vn 0.716487 -0.686589 0.123460
vn 0.715961 -0.677650 0.167903
vn 0.530229 -0.524681 0.666008
vn -0.504388 0.384261 -0.773263
vn -0.545450 0.409244 -0.731439
vn -0.807559 0.537348 -0.243117
vn -0.812750 0.537055 -0.225854
vn -0.171579 0.185922 -0.967468
vn -0.133090 0.162397 -0.977709
vn 0.690139 -0.628085 -0.359468
vn 0.694696 -0.611623 -0.378570
vn 0.485667 -0.390382 -0.782131
vn 0.471407 -0.353652 -0.807902
vn -0.109832 0.115575 -0.987208
vn 0.158206 -0.074854 -0.984565
vn 0.157924 -0.063832 -0.985386
vn -0.472184 0.340567 -0.813054
vn -0.770208 0.486209 0.412772
vn -0.748936 0.439458 0.495956
vn -0.415408 0.379841 -0.826533
vn -0.070518 0.115449 -0.990807
vn 0.371009 -0.368968 -0.852183
vn 0.580761 -0.678139 -0.450381
vn 0.615191 -0.765828 0.187209
vn 0.426900 -0.570392 0.701718
vn -0.821835 0.515927 -0.241676
vn -0.758840 0.396793 0.516448
vn -0.367497 0.112007 0.923255
vn -0.299531 0.154545 0.941487
vn -0.682479 0.497648 0.535322
vn -0.412918 0.238088 0.879098
vn -0.397067 0.194273 0.896992
vn -0.023487 -0.061593 0.997825
vn -0.038452 -0.097985 0.994445
vn 0.277270 -0.316623 0.907123
vn 0.246814 -0.298515 0.921939
vn 0.198222 -0.325565 0.924508
vn -0.033100 -0.092573 0.995156
vn -0.877918 0.460898 0.129742
vn -0.740537 -0.238508 0.628267
vn -0.535415 0.086763 0.840121
vn -0.880654 0.404132 0.247238
vn -0.454925 -0.306540 -0.836108
vn -0.777391 -0.615790 -0.128321
vn -0.893944 0.400729 -0.200698
vn -0.778858 0.397687 -0.485000
vn -0.725355 0.389082 -0.567869
vn -0.276442 0.087355 -0.957052
vn 0.139924 -0.082946 -0.986682
vn -0.093433 0.108439 -0.989703
vn 0.080226 -0.077681 -0.993745
vn -0.393450 0.384408 -0.835122
vn -0.752512 0.607220 -0.254971
vn -0.726048 0.650307 -0.223508
vn -0.631979 0.528231 0.567076
vn -0.312724 0.197108 0.929168
vn 0.713718 -0.603012 -0.356346
vn 0.752553 -0.654464 0.073084
vn 0.517188 -0.402825 -0.755148
vn 0.343844 -0.339038 0.875685
vn 0.015556 -0.076778 0.996927
vn 0.607569 -0.550406 0.572637
vn 0.179257 -0.247961 -0.952041
vn -0.018129 -0.604915 -0.796084
vn -0.331408 -0.943428 0.010567
vn -0.248214 -0.592670 0.766246
vn -0.071222 -0.244146 0.967120
vn 0.166605 -0.984910 -0.046861
vn 0.276701 -0.741407 -0.611353
vn 0.564864 -0.723339 -0.397127
vn 0.566387 -0.824052 -0.011995
vn 0.194990 -0.757593 0.622923
vn 0.731201 -0.682047 0.012556
vn 0.567644 -0.618256 0.543636
vn 0.494870 -0.727910 0.474606
vn 0.672193 -0.623899 -0.398631
vn 0.463991 -0.434373 -0.772031
vn 0.316704 -0.472099 0.822691
vn -0.888910 0.419500 -0.184009
vn -0.650669 0.359192 -0.669038
vn -0.199121 0.141685 -0.969678
vn 0.198461 -0.121965 -0.972490
vn 0.540228 -0.360775 -0.760260
vn 0.760795 -0.538061 -0.362880
vn 0.800351 -0.598241 0.039323
vn 0.642063 -0.530417 0.553546
vn 0.370469 -0.371453 0.851338
vn 0.012674 -0.137888 0.990367
vn -0.470385 0.178340 0.864253
vn -0.837206 0.391949 0.381395
vn -0.887027 0.410169 -0.212001
vn 0.196504 -0.099263 -0.975465
vn -0.307870 0.077224 -0.948289
vn -0.140789 -0.182356 -0.973101
vn -0.850036 0.431918 0.301472
vn -0.691490 0.114061 0.713324
vn -0.845932 0.062184 0.529653
vn -0.864462 0.406408 0.295867
vn -0.647004 0.628896 -0.431132
vn -0.667607 0.622956 -0.407710
vn -0.107936 0.457823 -0.882467
vn -0.115927 0.462200 -0.879165
vn -0.027140 -0.925339 0.378169
vn -0.355960 -0.647706 0.673624
vn -0.112621 -0.514596 0.850005
vn 0.216012 -0.703499 0.677073
vn 0.235477 0.216337 -0.947496
vn 0.292077 0.190365 -0.937258
vn 0.467135 -0.850548 0.241563
vn 0.506816 -0.772973 0.381642
vn 0.767835 -0.494943 -0.406769
vn 0.740358 -0.441413 -0.506976
vn 0.713537 -0.685065 -0.146802
vn 0.712439 -0.701698 0.007066
vn 0.252937 -0.519511 0.816169
vn 0.590947 -0.594877 0.544888
vn 0.598603 -0.594710 0.536651
vn 0.284177 -0.542509 0.790523
vn -0.780229 0.395569 -0.484528
vn -0.753108 0.501633 -0.425667
vn -0.234862 0.430312 -0.871591
vn -0.318910 0.355277 -0.878678
vn 0.291455 0.145192 -0.945502
vn 0.326808 0.174202 -0.928898
vn 0.801482 -0.570348 0.179805
vn 0.803643 -0.563715 0.190747
vn 0.858957 -0.408628 -0.308571
vn 0.860678 -0.413736 -0.296742
vn 0.313990 0.156922 -0.936369
vn 0.650517 -0.114487 -0.750813
vn 0.677644 -0.111355 -0.726911
vn -0.215813 0.407223 -0.887465
vn -0.950344 0.286740 0.120942
vn -0.922032 0.325010 0.210300
vn -0.756032 0.487265 -0.437022
vn -0.928670 0.306898 0.208294
vn -0.750416 0.035447 0.660015
vn -0.728512 0.028304 0.684448
vn -0.734219 0.003224 0.678905
vn -0.039466 -0.440358 0.896954
vn -0.081831 -0.392355 0.916167
vn -0.510035 -0.735730 -0.445607
vn -0.779228 0.352013 -0.518547
vn -0.462253 0.395634 -0.793597
vn 0.064457 -0.358674 -0.931235
vn -0.944222 0.307735 -0.117231
vn -0.818421 -0.458412 0.346476
vn -0.784139 -0.052646 0.618348
vn -0.949145 0.314647 0.011033
vn -0.375408 0.381291 -0.844799
vn 0.265180 0.055168 -0.962619
vn 0.630965 -0.538557 0.558427
vn 0.840207 -0.508674 0.187890
vn 0.885715 -0.363978 -0.288145
vn -0.099244 -0.354982 0.929590
vn 0.268764 -0.475757 0.837509
vn 0.403233 -0.647057 -0.647086
vn 0.647678 -0.251167 -0.719325
vn -0.093455 -0.980281 -0.174112
vn -0.434782 -0.726528 0.532092
vn -0.444856 -0.329307 0.832862
vn 0.617641 -0.739691 -0.267163
vn 0.830929 -0.454835 -0.320441
vn 0.808716 -0.565325 0.162439
vn 0.666335 -0.735306 0.123785
vn 0.587658 -0.625865 0.512788
vn 0.448098 -0.806446 0.385815
vn -0.144131 -0.474305 0.868482
vn -0.075295 -0.760618 0.644819
vn 0.206578 -0.735862 0.644851
vn 0.224775 -0.579610 0.783281
vn 0.252626 -0.956684 0.144690
vn -0.761183 0.406024 -0.505713
vn 0.699584 -0.118540 -0.704649
vn -0.407361 -0.217318 0.887034
vn -0.400619 -0.257717 0.879253
vn -0.418783 -0.199793 0.885835
vn 0.527895 -0.088705 -0.844664
vn 0.581519 -0.126449 -0.803646
vn -0.452077 -0.195653 0.870257
vn -0.671714 -0.284674 0.683931
vn -0.615083 0.475384 0.629033
vn -0.810387 0.558967 0.175583
vn -0.813760 0.550468 0.186492
vn -0.549166 0.409945 0.728259
vn -0.839363 0.445208 -0.311863
vn -0.801252 0.423232 -0.422930
vn -0.869925 0.334799 -0.362132
vn -0.796802 0.256854 -0.546930
vn -0.865014 0.453060 0.215610
vn -0.844815 0.481377 -0.233589
vn -0.815932 0.525786 -0.240424
vn -0.829842 0.421391 0.365775
vn -0.661018 0.336287 -0.670795
vn -0.541729 0.348464 -0.764920
vn -0.708883 0.203033 -0.675472
vn -0.542785 0.165839 -0.823336
vn -0.904018 0.409248 -0.123566
vn -0.635491 0.470817 -0.611950
vn -0.651884 0.552523 -0.519390
vn -0.914275 0.391186 0.105240
vn -0.282734 0.317243 -0.905217
vn -0.176736 0.384474 -0.906060
vn -0.105340 0.107260 -0.988635
vn 0.073356 0.154785 -0.985221
vn 0.107086 0.848067 0.518956
vn 0.743620 0.541478 0.392213
vn 0.700705 0.503090 0.505879
vn 0.121617 0.767138 0.629849
vn 0.987413 0.054769 0.148378
vn 0.980167 0.067774 0.186222
vn 0.772807 -0.597215 -0.214718
vn 0.849300 -0.468299 -0.243693
vn 0.967378 -0.239770 -0.081790
vn 0.947332 -0.311358 -0.074950
vn 0.137606 -0.979126 0.149589
vn 0.159324 -0.985888 -0.051387
vn 0.224732 -0.974378 0.009065
vn 0.139664 -0.970558 0.196241
vn 0.078853 -0.856343 0.510351
vn 0.086801 -0.886690 0.454144
vn -0.066341 -0.936618 0.344015
vn -0.131537 -0.908296 0.397111
vn 0.861864 0.441260 0.249959
vn 0.886073 0.437934 0.151950
vn 0.314609 0.874060 0.370189
vn 0.332512 0.801590 0.496879
vn 0.880818 0.451386 0.142864
vn 0.988323 -0.141853 -0.055644
vn 0.978376 -0.201827 0.045239
vn 0.887419 0.369675 0.275367
vn 0.174023 0.845145 0.505417
vn 0.252855 0.910609 0.326886
vn 0.894159 0.266441 0.359846
vn 0.898609 0.197736 0.391667
vn 0.544248 0.595298 0.591113
vn 0.330130 0.720153 0.610241
vn 0.951768 -0.269355 0.146925
vn 0.931002 -0.286000 0.226801
vn 0.996734 -0.080738 -0.001671
vn 0.819269 0.463997 0.336906
vn 0.770559 0.499157 0.396335
vn 0.987638 -0.129221 0.088735
vn 0.793352 0.554487 0.251270
vn 0.962732 -0.237947 0.128565
vn 0.766917 0.234717 0.597283
vn 0.488906 -0.618215 0.615453
vn 0.862324 -0.476786 0.170509
vn 0.855952 0.481435 0.188591
vn 0.110442 -0.931080 0.347697
vn 0.010563 -0.964900 0.262407
vn 0.651507 -0.713298 -0.258349
vn 0.397254 -0.914952 -0.071081
vn 0.424553 -0.904332 0.044036
vn 0.542070 -0.831188 -0.123636
vn 0.713335 -0.585887 -0.384564
vn 0.580013 -0.736390 -0.348303
vn 0.414507 -0.515436 -0.750007
vn 0.511849 -0.386672 -0.767135
vn 0.060029 -0.075344 -0.995349
vn 0.078192 0.019807 -0.996742
vn -0.046224 -0.123218 -0.991302
vn 0.251167 -0.517163 -0.818204
vn 0.174098 -0.571362 -0.802020
vn -0.140529 -0.161972 -0.976738
vn 0.378681 -0.781844 -0.495298
vn 0.329667 -0.799653 -0.501871
vn 0.465633 -0.842504 -0.270875
vn 0.428176 -0.777698 -0.460273
vn 0.452739 -0.884589 -0.111938
vn 0.405701 -0.913563 0.028444
vn 0.327219 -0.794281 -0.511904
vn 0.145040 -0.588254 -0.795564
vn -0.150984 -0.189949 -0.970115
vn -0.046755 -0.195478 -0.979593
vn 0.211599 -0.556676 -0.803329
vn 0.380871 -0.752816 -0.536847
vn -0.361306 0.408025 -0.838435
vn -0.353020 0.426496 -0.832754
vn -0.403672 0.317931 -0.857886
vn -0.409621 0.244933 -0.878760
vn -0.345172 0.187245 -0.919671
vn -0.229030 0.140299 -0.963256
vn -0.053053 0.305784 0.950622
vn -0.455842 0.501168 0.735553
vn -0.585077 0.508303 0.631912
vn -0.092582 0.369880 0.924455
vn -0.821633 0.490870 0.289770
vn -0.893687 0.435457 0.108166
vn 0.252439 0.152036 0.955594
vn 0.154608 0.068674 0.985586
vn -0.065591 0.586943 0.806967
vn 0.383694 0.244748 0.890436
vn 0.335651 0.251649 0.907751
vn -0.075029 0.528429 0.845656
vn -0.580847 0.660964 0.475124
vn -0.592838 0.706014 0.387411
vn -0.851435 0.499132 -0.161014
vn -0.861633 0.500977 -0.081303
vn 0.760464 -0.450544 0.467659
vn 0.781494 -0.398254 0.480273
vn 0.635283 -0.090735 0.766930
vn 0.648934 -0.133428 0.749054
vn -0.927923 0.183887 -0.324260
vn -0.820569 0.170362 -0.545567
vn -0.435369 -0.867821 -0.239461
vn -0.635519 -0.763544 -0.114531
vn -0.399591 -0.903779 0.153330
vn -0.274892 -0.958970 0.069369
vn -0.186032 -0.982542 0.001897
vn -0.274098 -0.909693 -0.311976
vn 0.517730 -0.855442 0.013237
vn 0.586549 -0.804222 0.095857
vn 0.672230 -0.676538 -0.300671
vn 0.364860 -0.912509 -0.184947
vn 0.880391 -0.455099 -0.133408
vn 0.942593 -0.333585 0.015496
vn 0.729023 -0.598700 -0.331789
vn 0.776210 -0.565460 -0.278843
vn 0.691969 -0.567550 -0.446168
vn -0.033038 -0.034203 -0.998869
vn 0.443285 -0.391555 -0.806340
vn -0.444703 0.279223 -0.851043
vn -0.960698 0.039981 0.274700
vn -0.802663 -0.081233 0.590875
vn -0.638274 -0.675434 0.369317
vn -0.881433 -0.460268 0.105968
vn -0.479836 -0.211404 0.851508
vn -0.262980 -0.782985 0.563717
vn -0.137973 -0.247166 0.959100
vn 0.031699 -0.772150 0.634650
vn -0.798621 0.503861 0.329133
vn -0.436305 0.827596 0.353161
vn -0.439547 0.695716 0.568135
vn -0.693829 0.407804 0.593546
vn -0.243865 -0.875854 -0.416426
vn -0.471080 -0.795780 -0.380550
vn -0.724302 -0.629885 -0.280413
vn -0.393306 0.844232 0.364119
vn -0.803394 0.548161 0.232547
vn 0.988246 -0.103106 -0.112869
vn -0.452453 -0.789613 -0.414484
vn -0.720518 -0.610408 -0.329022
vn -0.194640 -0.868553 -0.455776
vn -0.990224 0.128399 0.054504
vn -0.943381 -0.308125 -0.122848
vn -0.934471 -0.297804 -0.195130
vn -0.983983 0.176710 0.023493
vn 0.433286 -0.619742 0.654357
vn 0.291101 -0.701911 0.650062
vn 0.157345 -0.240356 0.957848
vn 0.294828 -0.265448 0.917940
vn -0.746461 0.492048 0.447979
vn -0.761241 0.256537 0.595567
vn -0.232632 0.815845 0.529414
vn -0.166349 0.896898 0.409759
vn -0.918878 -0.374514 -0.124105
vn -0.878112 -0.478412 -0.006457
vn -0.980398 0.046383 0.191489
vn -0.983959 0.146088 0.102388
vn -0.040868 0.546882 0.836211
vn -0.123182 0.781826 0.611207
vn -0.214905 0.699329 0.681730
vn 0.069782 0.457072 0.886688
vn 0.472231 -0.747544 0.467093
vn 0.448357 -0.833825 0.322044
vn 0.263572 -0.867749 0.421357
vn 0.307067 -0.799127 0.516823
vn 0.526222 -0.740970 0.417198
vn 0.504146 -0.826329 0.251033
vn 0.563071 -0.803144 -0.194706
vn 0.765510 -0.626293 0.147485
vn 0.734392 -0.667342 0.123784
vn 0.550129 -0.786239 -0.281400
vn -0.785234 -0.243161 -0.569456
vn -0.429021 -0.669313 -0.606598
vn -0.262290 -0.539888 -0.799828
vn -0.604988 -0.208248 -0.768520
vn 0.124131 -0.938998 -0.320740
vn 0.197524 -0.757150 -0.622662
vn 0.771605 -0.635918 0.015278
vn 0.586851 -0.734090 -0.341641
vn 0.626716 -0.679406 -0.381619
vn 0.825508 -0.564259 -0.012194
vn 0.213061 -0.656095 -0.723978
vn 0.208879 -0.683653 -0.699277
vn -0.497389 -0.283532 -0.819886
vn -0.197860 -0.492442 -0.847557
vn -0.145858 -0.500273 -0.853494
vn -0.451174 -0.274662 -0.849119
vn -0.770644 0.049758 -0.635320
vn -0.796931 0.062346 -0.600844
vn -0.902691 0.396010 -0.168297
vn -0.902876 0.393464 -0.173208
vn -0.153637 0.506133 0.848661
vn -0.699166 0.562201 0.441697
vn -0.748415 0.444663 0.492088
vn -0.235267 0.428453 0.872398
vn -0.880894 0.445599 -0.159583
vn -0.814067 0.106424 -0.570936
vn -0.235103 -0.538920 -0.808883
vn -0.554842 -0.263284 -0.789197
vn 0.187436 -0.731638 -0.655419
vn 0.582245 -0.753330 -0.305753
vn 0.775531 -0.628080 0.063777
vn -0.686907 0.592661 0.420608
vn -0.698893 0.584290 0.412497
vn -0.117907 0.504053 0.855586
vn -0.127744 0.477635 0.869221
vn 0.418394 0.174142 0.891415
vn 0.416122 0.181059 0.891101
vn -0.107005 0.542303 0.833341
vn 0.426220 0.209929 0.879924
vn 0.722155 -0.113207 0.682405
vn 0.713178 -0.088402 0.695386
vn 0.828493 -0.445728 0.339007
vn 0.861488 -0.361403 0.356688
vn 0.810189 -0.420600 0.408277
vn 0.686096 -0.144421 0.713033
vn 0.395812 -0.906192 0.148825
vn 0.479569 -0.871831 0.099624
vn 0.198170 -0.943280 0.266368
vn 0.163519 -0.983750 0.074140
vn 0.351630 -0.935522 0.033980
vn 0.041745 0.242625 0.969222
vn 0.166272 0.164550 0.972254
vn 0.577851 -0.804795 0.135619
vn 0.552784 -0.816372 0.167232
vn 0.376945 -0.903052 0.205938
vn 0.353965 -0.925308 0.136064
vn 0.416352 -0.874496 -0.248812
vn 0.479997 -0.834040 -0.271993
vn -0.335753 0.337286 -0.879493
vn -0.391240 0.393877 -0.831741
vn -0.398031 0.874584 0.276902
vn -0.576176 0.750874 0.322815
vn -0.350821 -0.914160 0.203065
vn -0.383370 -0.919730 0.084408
vn -0.178387 -0.982571 0.052269
vn -0.203855 -0.966088 0.158485
vn -0.138986 -0.519613 0.843022
vn 0.257715 0.329127 0.908437
vn -0.162595 0.497589 0.852038
vn -0.560100 -0.146131 0.815435
vn -0.426071 -0.886809 -0.178977
vn -0.439348 -0.834104 -0.333534
vn -0.178849 -0.908439 -0.377826
vn -0.171914 -0.959419 -0.223518
vn -0.172051 -0.982089 -0.076814
vn -0.403536 -0.914233 -0.036568
vn 0.558392 -0.786964 -0.262462
vn 0.335376 -0.910019 -0.243696
vn 0.932646 -0.095504 0.347922
vn 0.193298 -0.970721 -0.142606
vn 0.235448 -0.971755 0.016034
vn -0.252831 0.424286 0.869516
vn -0.235735 0.214093 0.947942
vn -0.489463 0.249558 0.835552
vn -0.406804 0.470866 0.782813
vn 0.653248 0.282232 0.702575
vn -0.588269 0.673907 0.446978
vn -0.447529 0.808563 0.382025
vn -0.249082 0.796737 0.550607
vn -0.302967 0.646435 0.700238
vn -0.646987 0.761404 0.040881
vn -0.596087 0.785391 0.166859
vn -0.721445 0.668511 0.180584
vn -0.746136 0.665351 0.024280
vn -0.720505 0.688370 -0.083778
vn -0.669603 0.737235 -0.090092
vn -0.656823 0.682506 -0.320576
vn -0.743828 0.604262 -0.285635
vn -0.678444 0.481493 -0.554868
vn -0.573008 0.607939 -0.549611
vn 0.158722 0.543960 0.823963
vn 0.532391 -0.838379 0.116963
vn 0.403140 -0.903678 0.144373
vn 0.340654 -0.931983 0.123945
vn 0.317795 -0.933243 0.167522
vn 0.521360 -0.852776 -0.030946
vn 0.443148 -0.895559 -0.039927
vn 0.427768 -0.900079 0.082903
vn 0.523764 -0.846867 0.092125
vn 0.381291 -0.888770 -0.254372
vn 0.433666 -0.863692 -0.256845
vn 0.434615 -0.893185 -0.115456
vn 0.409662 -0.912233 0.002737
vn 0.350023 -0.935201 0.053692
vn 0.376650 -0.923145 -0.077053
vn -0.463745 0.369742 0.805128
vn 0.248795 -0.372999 0.893853
vn 0.398031 0.070865 0.914631
vn -0.357222 0.377250 0.854444
vn -0.776602 -0.539713 -0.324961
vn -0.378503 -0.804777 0.457242
vn -0.762944 0.313507 0.565359
vn -0.953745 0.232518 0.190544
vn -0.965548 0.256415 0.044362
vn -0.806928 -0.138921 -0.574081
vn 0.329893 0.767792 0.549241
vn 0.993100 -0.079713 -0.086009
vn -0.651560 0.650968 0.389501
vn 0.327190 -0.616872 -0.715832
vn 0.657109 -0.641740 -0.395446
vn 0.708795 -0.518317 -0.478495
vn 0.373724 -0.539673 -0.754376
vn -0.028612 -0.479173 -0.877254
vn 0.007802 -0.483010 -0.875580
vn -0.409309 -0.315636 -0.856061
vn -0.406638 -0.266642 -0.873812
vn -0.410344 -0.425901 -0.806366
vn -0.372404 -0.755432 -0.539109
vn 0.073154 -0.994920 0.069162
vn 0.590086 -0.612444 0.526032
vn 0.777035 -0.251553 0.577008
vn 0.051178 -0.724695 -0.687166
vn 0.468716 -0.841077 -0.269991
vn 0.781151 -0.601579 0.167051
vn 0.633713 -0.636867 -0.439099
vn 0.827367 -0.555018 -0.086133
vn 0.779382 -0.621965 -0.075654
vn 0.584547 -0.716792 -0.380150
vn -0.027276 -0.572706 -0.819307
vn 0.861078 -0.442950 0.249680
vn 0.311172 -0.690626 -0.652846
vn 0.310347 -0.629995 -0.711892
vn -0.761881 0.356376 0.540864
vn -0.789177 -0.027853 -0.613534
vn -0.953747 0.287281 -0.088524
vn -0.918999 0.367790 -0.142023
vn -0.765541 0.033661 -0.642506
vn 0.892027 -0.427691 -0.146178
vn 0.835355 -0.545944 -0.064243
vn 0.925980 -0.324562 0.192924
vn 0.886982 -0.399919 0.230928
vn 0.789141 -0.122153 0.601943
vn 0.808057 -0.125824 0.575510
vn 0.424412 0.180539 0.887288
vn 0.442935 0.218569 0.869503
vn -0.130466 0.866014 0.482699
vn -0.707432 0.602707 0.369167
vn -0.700794 0.627728 0.338888
vn -0.226140 0.826721 0.515163
vn -0.753338 0.597019 0.275773
vn -0.319888 0.820093 0.474467
vn -0.255803 0.717334 0.648071
vn -0.083514 0.727547 0.680955
vn 0.369746 0.772951 0.515592
vn 0.416652 0.865174 0.279061
vn 0.426336 0.877050 0.221406
vn -0.609168 -0.523781 0.595456
vn -0.275846 -0.774926 0.568681
vn -0.546450 -0.757563 0.357057
vn -0.327438 -0.883486 0.335019
vn -0.831759 -0.296338 0.469426
vn -0.941964 -0.104572 0.319012
vn -0.711778 -0.657916 0.246004
vn -0.805148 -0.580910 0.119504
vn -0.466617 -0.857130 0.218166
vn -0.548977 -0.827119 0.120409
vn 0.163481 -0.927432 0.336367
vn 0.451799 -0.882516 0.130552
vn -0.069394 -0.973059 0.219864
vn 0.068352 -0.994664 0.077280
vn -0.617038 -0.786706 0.018919
vn 0.586381 -0.809940 -0.012438
vn 0.138828 -0.988160 -0.065317
vn 0.676640 -0.720399 -0.152261
vn 0.180342 -0.957644 -0.224490
vn 0.712464 -0.647757 -0.269827
vn 0.189695 -0.907078 -0.375799
vn -0.667862 -0.736658 -0.106284
vn -0.701080 -0.668074 -0.249328
vn 0.693347 -0.635262 -0.340166
vn 0.709485 -0.606916 -0.358166
vn 0.169716 -0.869241 -0.464346
vn 0.131404 -0.893939 -0.428493
vn 0.649074 -0.715284 -0.258980
vn 0.043993 -0.936960 -0.346657
vn -0.021001 -0.990680 -0.134579
vn 0.558727 -0.817043 -0.142353
vn 0.043319 -0.996053 0.077475
vn 0.623895 0.491173 0.607869
vn 0.126660 0.692163 0.710541
vn 0.388308 -0.921296 -0.020753
vn 0.600783 -0.799333 -0.011261
vn -0.458786 0.473229 -0.752044
vn -0.523400 0.574801 -0.629012
vn -0.556504 0.629294 -0.542488
vn -0.793382 -0.393317 0.464593
vn -0.890958 0.039647 0.452352
vn -0.506696 -0.791749 0.341164
vn -0.642599 0.365485 0.673414
vn -0.539021 0.251530 0.803859
vn -0.937355 0.339689 0.077310
vn -0.960851 0.270650 -0.059276
vn -0.877288 0.223925 0.424527
vn -0.860802 0.339198 0.379427
vn -0.905930 0.360614 0.221919
vn -0.867623 0.233436 0.439019
vn -0.974236 0.191404 -0.119284
vn -0.942320 0.319092 -0.101060
vn -0.946651 0.140042 0.290241
vn -0.969506 0.222135 0.103513
vn -0.953265 0.169562 -0.250068
vn -0.950570 0.106883 -0.291536
vn -0.930269 -0.071062 -0.359930
vn -0.776729 -0.478475 -0.409577
vn -0.505870 -0.813899 -0.285770
vn -0.235606 -0.953757 -0.186647
vn 0.080137 -0.218637 -0.972510
vn 0.321384 -0.184852 -0.928732
vn 0.348844 -0.935263 -0.059924
vn 0.343360 -0.896108 -0.281238
vn 0.330145 -0.783078 -0.527061
vn 0.399185 -0.916127 0.036912
vn 0.462364 -0.885479 0.046329
vn 0.264001 -0.576263 -0.773450
vn 0.514500 -0.851340 0.102516
vn 0.547228 -0.831471 0.095904
vn 0.477408 -0.878233 0.028089
vn 0.495210 -0.868223 0.030911
vn 0.370016 -0.928291 -0.036936
vn 0.580274 -0.804853 -0.124472
vn 0.525982 -0.847782 -0.067889
vn 0.548636 -0.835799 -0.020923
vn 0.474955 -0.874739 -0.096173
vn 0.513262 -0.858230 0.002108
vn 0.195170 -0.973024 0.123018
vn 0.374912 -0.926363 0.035960
vn 0.704660 -0.701676 0.105381
vn 0.525395 -0.846906 -0.081920
vn 0.657832 -0.736124 -0.159305
vn 0.901230 -0.433171 -0.012147
vn 0.819566 -0.570114 0.057290
vn 0.952269 -0.162926 0.258146
vn 0.979427 -0.046673 0.196326
vn 0.930677 -0.248305 0.268672
vn 0.855439 0.239366 0.459269
vn 0.816173 0.413649 0.403431
vn 0.880976 0.172383 0.440643
vn 0.492039 0.592628 0.637722
vn -0.056834 0.728095 0.683117
vn 0.265493 0.790107 0.552490
vn 0.527276 -0.845122 0.088032
vn 0.666978 -0.685668 0.291548
vn 0.340848 -0.940069 0.009640
vn -0.066092 -0.978236 0.196687
vn 0.281403 -0.955436 0.089194
vn 0.295944 -0.938796 0.176293
vn 0.311236 -0.948169 0.064099
vn 0.244207 -0.966707 -0.076418
vn -0.131390 -0.991278 -0.010183
vn 0.241173 -0.970441 -0.008924
vn 0.271302 -0.954437 0.124279
vn 0.296358 -0.954654 0.028409
vn 0.178066 -0.970627 -0.161790
vn 0.061620 -0.994243 -0.087661
vn 0.076701 -0.996907 0.017136
vn 0.283853 -0.951940 -0.115057
vn 0.457670 -0.795940 -0.396254
vn 0.488192 -0.556747 -0.672088
vn -0.431792 0.359399 -0.827278
vn -0.768247 0.599509 -0.224466
vn -0.722524 0.445034 0.529059
vn -0.668548 0.103690 0.736405
vn -0.986537 -0.044891 -0.157254
vn -0.846153 0.529009 0.064612
vn -0.804803 0.514696 0.295600
vn -0.630338 0.549515 0.548368
vn -0.542019 0.671013 0.505922
vn -0.661271 0.737251 0.138499
vn -0.747020 0.617244 -0.246923
vn -0.834788 0.471390 -0.284466
vn -0.875051 0.472741 -0.103932
vn -0.854155 0.507128 0.115065
vn -0.785936 0.603132 0.136150
vn -0.756766 0.621297 -0.203214
vn -0.687558 0.487363 -0.538277
vn -0.785091 0.299469 -0.542172
vn -0.940564 0.258744 -0.219982
vn -0.943799 0.328579 -0.035760
vn -0.826085 0.494224 -0.270789
vn -0.598677 0.493634 -0.630803
vn 0.668393 -0.476060 0.571504
vn 0.494530 -0.575437 0.651393
vn 0.356016 -0.268450 0.895091
vn 0.529792 -0.174270 0.830030
vn -0.494929 0.862051 0.109153
vn -0.460249 0.832194 0.309232
vn -0.585371 0.793084 -0.168400
vn -0.643157 0.764766 0.038499
vn -0.626872 0.764526 -0.150104
vn -0.645439 0.686810 -0.334215
vn -0.570706 0.578273 -0.583005
vn -0.717998 0.644697 -0.262382
vn -0.217935 0.844016 0.490043
vn -0.629223 0.770810 -0.099656
vn -0.593477 0.804622 0.019206
vn -0.593642 0.792230 -0.141286
vn -0.574044 0.817688 -0.043116
vn -0.382849 0.859166 0.339502
vn -0.540760 0.831594 0.126612
vn -0.475409 0.868496 0.140361
vn -0.461549 0.868369 0.181402
vn -0.538301 0.654290 -0.531165
vn -0.548741 0.715188 -0.432885
vn -0.621056 0.721252 -0.306733
vn -0.481811 0.864692 0.142009
vn -0.443311 0.874765 0.195607
vn -0.606091 0.764108 -0.220890
vn -0.582820 0.806062 -0.102882
vn -0.522995 0.838030 0.155503
vn -0.584681 0.699908 0.410216
vn -0.670822 0.709932 0.214465
vn -0.692080 0.720706 0.040114
vn -0.797060 0.451677 -0.400854
vn -0.875422 0.467462 -0.122942
vn -0.864779 0.453812 -0.214969
vn -0.693168 0.687440 -0.216668
vn -0.740544 0.620209 -0.258720
vn -0.615972 0.779060 -0.116808
vn -0.760556 0.638278 -0.118975
vn -0.763518 0.642485 0.065214
vn -0.246533 0.607995 0.754695
vn -0.296582 0.607824 0.736606
vn -0.360472 0.879228 0.311477
vn -0.369203 0.868103 0.331794
vn -0.263663 0.844809 0.465595
vn -0.857494 -0.496626 -0.134411
vn -0.545013 -0.835395 -0.071242
vn -0.607692 0.765417 -0.211772
vn -0.639497 0.734672 -0.226496
vn -0.632218 0.743788 -0.216978
vn -0.609660 0.761639 -0.219591
vn -0.566075 0.824312 -0.008281
vn -0.534748 0.844684 -0.023540
vn -0.570905 0.821009 -0.003469
vn -0.558987 0.823617 -0.095857
vn -0.516771 0.851853 -0.085412
vn -0.443105 0.890156 0.106205
vn -0.452901 0.883111 0.122453
vn -0.503875 0.863579 0.018454
vn 0.408870 -0.888570 -0.208009
vn 0.303021 -0.942432 -0.141424
vn 0.199291 -0.965992 -0.164750
vn 0.248746 -0.946997 -0.203279
vn 0.139450 -0.975187 -0.171940
vn 0.171605 -0.977831 -0.119997
vn 0.164766 -0.981151 -0.100971
vn 0.255998 -0.949362 -0.182147
vn 0.452071 -0.875172 -0.172357
vn -0.223751 0.681917 0.696365
vn -0.200673 0.686240 0.699146
vn -0.198768 0.790144 0.579797
vn -0.230643 0.813442 0.533962
vn 0.836420 -0.520319 0.172248
vn 0.824674 -0.286532 0.487661
vn 0.582581 0.082751 0.808550
vn 0.176465 0.392886 0.902497
vn -0.294074 0.590927 0.751216
vn -0.640014 0.639294 0.426246
vn -0.787967 0.603223 0.123412
vn -0.825828 0.548072 -0.132757
vn -0.780726 0.358343 -0.511916
vn -0.219719 -0.212106 -0.952226
vn -0.532676 0.067117 -0.843654
vn 0.186219 -0.538250 -0.821955
vn 0.484085 -0.717290 -0.501155
vn 0.611744 -0.736740 -0.288069
vn 0.723566 -0.683615 -0.095512
vn 0.804572 -0.588895 0.076590
vn -0.795351 0.602424 0.067096
vn -0.178372 0.947158 0.266597
vn -0.136775 0.942459 0.305064
vn -0.386238 0.890437 0.240710
vn -0.390866 0.898505 0.199781
vn -0.089179 0.903986 0.418158
vn -0.479795 0.823356 0.303121
vn -0.559770 0.788028 0.256261
vn -0.284257 0.895271 0.343056
vn 0.166005 0.894770 0.414523
vn 0.254598 0.902145 0.348302
vn -0.573610 0.432868 0.695411
vn 0.058958 0.468003 0.881758
vn -0.828796 0.329132 0.452514
vn -0.646174 0.721010 0.250207
vn -0.917940 0.251135 0.307112
vn -0.487625 0.861076 0.144122
vn -0.970816 0.174940 -0.164048
vn -0.999828 -0.016186 0.009065
vn -0.873922 0.483399 -0.050849
vn -0.780760 0.611461 -0.128565
vn -0.763708 0.629904 -0.141320
vn -0.911539 0.331553 -0.243249
vn -0.579634 0.807946 0.106054
vn -0.712720 0.695600 0.090396
vn -0.810879 0.545395 -0.212176
vn -0.867436 0.373299 -0.328941
vn -0.917360 0.254476 -0.306093
vn -0.897493 0.319442 -0.304078
vn -0.893607 0.392780 -0.217234
vn -0.939360 0.257745 -0.226211
vn -0.854376 0.508310 0.107996
vn -0.791611 0.609372 0.044916
vn -0.541768 0.789159 0.289335
vn -0.553036 0.726407 0.408024
vn 0.033636 0.878759 0.476079
vn 0.179404 0.781250 0.597882
vn -0.892939 0.380202 0.241051
vn -0.501562 0.553465 0.664915
vn 0.361346 0.491578 0.792326
vn -0.855384 0.188179 -0.482604
vn -0.961023 0.196624 -0.194353
vn -0.844328 0.146959 -0.515280
vn -0.833733 0.195541 -0.516384
vn -0.455574 0.138873 -0.879299
vn -0.480348 0.189364 -0.856392
vn -0.456464 0.130813 -0.880073
vn 0.930449 0.081749 -0.357186
vn 0.418248 0.174677 -0.891379
vn 0.438914 0.091327 -0.893876
vn 0.928734 0.008632 -0.370647
vn 0.917184 0.090407 -0.388072
vn 0.422146 0.083656 -0.902660
vn 0.999258 0.020164 0.032832
vn 0.999543 0.003626 0.030026
vn 0.869080 0.085083 0.487300
vn 0.934097 0.072418 0.349599
vn 0.963023 0.080175 0.257213
vn 0.994211 0.099745 0.039942
vn 0.719799 0.514781 0.465714
vn 0.607323 0.675956 0.417423
vn 0.876426 0.396608 0.273093
vn 0.888810 0.316647 0.331288
vn 0.751080 0.268766 0.603029
vn 0.690141 0.070332 0.720249
vn 0.370442 0.156049 0.915654
vn -0.474446 0.267147 0.838769
vn -0.913769 0.212895 0.345981
vn -0.813408 0.065037 -0.578046
vn -0.969870 0.114653 -0.214958
vn -0.397918 0.023875 -0.917111
vn 0.936468 -0.077780 -0.342020
vn 0.470483 -0.057875 -0.880509
vn 0.997692 -0.036647 0.057156
vn 0.848662 0.022169 0.528471
vn 0.947461 0.080110 0.309677
vn 0.885998 0.221369 0.407434
vn 0.963135 0.061526 0.261890
vn 0.988035 0.036625 0.149818
vn 0.321696 0.883234 0.341189
vn 0.450854 0.811839 0.371008
vn 0.599008 0.666735 0.443457
vn 0.800046 0.205369 0.563693
vn 0.692771 0.621613 0.365603
vn 0.775752 0.564363 0.282317
vn 0.915753 0.187181 0.355471
vn 0.970366 0.133023 0.201730
vn 0.841921 0.491291 0.223163
vn 0.992529 0.097016 0.073981
vn -0.894382 -0.216902 -0.391197
vn -0.877303 -0.377125 -0.296845
vn -0.870138 -0.465176 -0.162698
vn -0.921066 -0.097559 -0.376988
vn -0.923113 -0.097417 -0.371984
vn -0.796880 -0.139978 -0.587697
vn -0.397343 -0.219004 -0.891154
vn -0.062322 -0.111799 0.991775
vn -0.689023 -0.013988 0.724605
vn -0.667177 -0.030034 0.744294
vn -0.051168 -0.145101 0.988093
vn 0.395684 -0.178953 0.900783
vn 0.427816 -0.239946 0.871436
vn 0.147765 -0.060347 0.987180
vn 0.046442 -0.102467 0.993652
vn -0.605702 -0.002906 0.795687
vn -0.579125 0.047548 0.813851
vn -0.527537 0.114135 0.841830
vn 0.270330 -0.004475 0.962757
vn -0.913670 0.025371 0.405665
vn -0.916704 0.053368 0.395987
vn -0.910870 0.042550 0.410493
vn -0.911070 0.035853 0.410690
vn -0.921342 0.110376 0.372755
vn -0.748875 -0.057653 -0.660199
vn -0.776587 -0.021865 -0.629630
vn -0.966221 0.029238 -0.256052
vn -0.956039 -0.005810 -0.293181
vn -0.261129 -0.138659 -0.955293
vn -0.334652 -0.081529 -0.938808
vn 0.944116 -0.161992 -0.287062
vn 0.523483 -0.168846 -0.835139
vn 0.569695 -0.230351 -0.788915
vn 0.940211 -0.227210 -0.253729
vn 0.855304 -0.204005 0.476275
vn 0.853262 -0.114033 0.508862
vn 0.987125 -0.140134 0.077115
vn 0.972552 -0.220128 0.075407
vn 0.675762 -0.087859 0.731865
vn 0.640358 -0.158590 0.751526
vn 0.573391 -0.205966 0.792970
vn 0.947602 -0.309931 0.077420
vn 0.836841 -0.281227 0.469690
vn 0.734938 -0.261930 0.625507
vn 0.751749 -0.348175 0.560043
vn 0.893906 -0.419259 0.158601
vn 0.923764 -0.314871 0.217982
vn 0.582415 -0.284022 -0.761659
vn 0.917555 -0.309860 -0.249157
vn -0.722906 -0.096985 -0.684106
vn -0.190682 -0.183354 -0.964376
vn -0.956546 -0.039993 -0.288826
vn 0.850544 -0.450354 -0.271580
vn 0.508915 -0.371884 -0.776343
vn 0.537174 -0.218351 -0.814719
vn 0.906812 -0.314418 -0.280773
vn -0.672786 -0.136142 -0.727203
vn -0.975483 -0.052491 -0.213722
vn -0.980236 0.028532 -0.195763
vn -0.649314 -0.016316 -0.760345
vn -0.090129 -0.238562 -0.966936
vn -0.051049 -0.096278 -0.994045
vn -0.684863 0.019925 0.728399
vn -0.905507 0.070153 0.418492
vn -0.960619 0.185359 -0.207011
vn -0.603261 0.208307 -0.769860
vn -0.001694 0.136113 -0.990692
vn 0.578919 0.020986 -0.815115
vn 0.959977 -0.096582 -0.262901
vn 0.734717 -0.125781 0.666611
vn 0.955776 -0.141474 0.257833
vn 0.400621 -0.096888 0.911107
vn -0.037240 -0.067922 0.996995
vn 0.048147 0.739149 0.671819
vn 0.088959 0.628626 0.772603
vn -0.000000 0.609009 0.793163
vn -0.000000 0.685647 0.727934
vn -0.897400 0.256354 0.359103
vn -0.855021 0.280882 0.435941
vn -0.730684 0.400320 0.553032
vn -0.771132 0.440324 0.459858
vn -0.963641 0.061056 0.260131
vn -0.952052 0.031007 0.304362
vn -0.935826 0.127728 0.328505
vn -0.952147 0.122295 0.280105
vn -0.942785 -0.019302 0.332842
vn -0.968026 -0.015606 0.250363
vn -0.973917 -0.212105 0.080600
vn -0.971369 -0.203281 0.122964
vn -0.975586 -0.218812 0.018797
vn -0.976246 -0.208029 0.060569
vn -0.997429 0.035999 0.061959
vn -0.989956 -0.140113 0.018832
vn -0.986366 -0.077059 0.145407
vn -0.983173 0.055192 0.174138
vn -0.883219 -0.427857 0.191995
vn -0.959749 -0.270960 0.073910
vn -0.931751 -0.348426 0.102169
vn -0.756693 -0.641621 0.125451
vn -0.907607 -0.201587 0.368255
vn -0.927710 -0.122356 0.352679
vn -0.959163 -0.129074 0.251688
vn -0.942407 -0.178252 0.283011
vn -0.623801 0.183960 0.759625
vn -0.000000 0.237162 0.971470
vn -0.000001 0.024244 0.999706
vn -0.491858 -0.069429 0.867903
vn -0.475248 0.011692 0.879774
vn -0.605838 -0.002371 0.795585
vn -0.672147 -0.079319 0.736157
vn -0.575664 -0.104308 0.811006
vn -0.713007 -0.122772 0.690324
vn -0.747689 -0.235703 0.620810
vn -0.882584 -0.080434 0.463224
vn -0.841911 -0.071516 0.534857
vn -0.876234 0.072497 0.476402
vn -0.774579 -0.067204 0.628897
vn -0.639288 0.309491 0.703936
vn -0.775272 0.245975 0.581764
vn -0.678904 0.151104 0.718511
vn -0.531980 0.217149 0.818440
vn -0.971533 0.139765 0.191284
vn -0.978892 0.190168 0.074880
vn -0.827262 0.503692 0.248862
vn -0.828456 0.553091 0.088047
vn -0.938658 0.337310 0.071715
vn -0.941330 0.269068 0.203717
vn 0.000000 -0.192292 0.981338
vn -0.237065 -0.262541 0.935346
vn -0.284603 0.723395 0.629048
vn -0.231609 0.576025 0.783934
vn -0.000000 0.581357 0.813649
vn -0.000000 0.751347 0.659908
vn -0.302899 0.810348 0.501586
vn 0.000000 0.859823 0.510592
vn 0.000000 0.935032 0.354564
vn -0.314017 0.882904 0.349104
vn 0.000000 0.993169 0.116684
vn -0.313847 0.941832 0.120216
vn -0.000000 0.381692 0.924290
vn -0.179211 0.378755 0.907980
vn -0.150825 0.209571 0.966091
vn 0.000000 0.222390 0.974958
vn -0.909122 -0.169938 0.380287
vn -0.959613 -0.112747 0.257743
vn -0.967719 -0.150699 0.202013
vn -0.966200 -0.154201 0.206592
vn -0.975064 -0.038025 0.218640
vn -0.971046 0.064159 0.230117
vn -0.962929 0.123473 0.239837
vn -0.927157 0.240727 0.287109
vn -0.800791 0.462339 0.380758
vn -0.957716 0.012083 -0.287461
vn -0.929437 -0.206431 -0.305833
vn -0.000000 -0.160124 -0.987097
vn -0.364476 -0.163621 -0.916726
vn -0.367106 0.052127 -0.928717
vn -0.000000 0.066924 -0.997758
vn -0.677210 0.015403 -0.735628
vn -0.683088 -0.174767 -0.709117
vn -0.805353 -0.203464 -0.556785
vn -0.822684 -0.005020 -0.568477
vn -0.943884 -0.220750 -0.245668
vn -0.994715 -0.077741 -0.067069
vn -0.922054 -0.014687 -0.386783
vn -0.848128 -0.198501 -0.491198
vn -0.727758 -0.146312 -0.670045
vn -0.794436 0.067584 -0.603576
vn -0.388070 -0.125912 -0.912988
vn -0.000000 -0.121653 -0.992573
vn -0.000000 0.060500 -0.998168
vn -0.403999 0.075125 -0.911669
vn -0.799783 0.323117 -0.505908
vn -0.939572 0.240078 -0.244064
vn 0.000000 0.237843 -0.971304
vn -0.372736 0.293249 -0.880382
vn -0.837247 -0.090192 0.539336
vn -0.714871 -0.030630 0.698585
vn -0.350594 0.220265 0.910257
vn -0.436918 0.347642 0.829607
vn -0.529897 0.509370 0.678049
vn -0.583858 0.600534 0.546323
vn -0.608462 0.652180 0.452146
vn -0.636697 0.707782 0.306041
vn -0.657449 0.745316 0.110749
vn -0.315137 -0.189846 0.929864
vn -0.303836 -0.140529 0.942303
vn 0.000000 -0.148480 0.988915
vn -0.000000 -0.210243 0.977649
vn -0.481193 -0.100262 0.870862
vn -0.394614 0.038038 0.918060
vn -0.757680 -0.221760 0.613795
vn -0.689879 -0.159115 0.706221
vn -0.579675 -0.159179 0.799149
vn -0.668391 -0.204760 0.715071
vn -0.526110 -0.132212 0.840076
vn -0.336621 -0.148048 0.929929
vn -0.343239 -0.066129 0.936917
vn -0.519113 -0.041184 0.853712
vn -0.315661 -0.024966 0.948543
vn -0.495600 0.077828 0.865057
vn -0.549352 0.044305 0.834416
vn -0.325752 -0.078906 0.942157
vn -0.350550 -0.347673 0.869620
vn -0.625588 -0.226480 0.746557
vn -0.707306 0.246881 0.662395
vn -0.000000 0.344247 0.938879
vn 0.000000 -0.162494 0.986710
vn 0.000000 -0.094254 0.995548
vn -0.000000 -0.100585 0.994928
vn -0.000000 -0.182906 0.983130
vn -0.000001 -0.402129 0.915583
vn 0.000000 -0.458754 0.888563
vn -0.396273 -0.426349 0.813139
vn -0.748611 -0.071843 0.659106
vn -0.627789 -0.028020 0.777879
vn -0.520246 -0.103688 0.847699
vn -0.652116 -0.328312 0.683342
vn -0.524072 -0.190723 0.830045
vn 0.000001 -0.153705 0.988117
vn 0.000001 0.313169 0.949698
vn -0.585261 0.277918 0.761729
vn -0.423510 0.012519 0.905805
vn -0.407074 -0.116835 0.905892
vn -0.648794 0.291342 0.702983
vn -0.425307 0.215948 0.878909
vn -0.824880 -0.149972 0.545052
vn -0.777961 -0.147958 0.610644
vn -0.819773 -0.192442 0.539388
vn -0.853891 -0.167198 0.492864
vn -0.451687 0.037911 0.891370
vn -0.519252 0.001424 0.854620
vn -0.463776 -0.082546 0.882099
vn -0.594324 -0.067643 0.801376
vn -0.605943 -0.071857 0.792256
vn -0.714214 -0.102112 0.692439
vn -0.753559 -0.147247 0.640677
vn -0.613594 -0.125751 0.779544
vn -0.677997 -0.141951 0.721228
vn -0.644754 -0.155607 0.748385
vn -0.781933 -0.186975 0.594661
vn -0.824258 -0.355895 0.440384
vn -0.793125 -0.310880 0.523742
vn -0.658903 -0.124276 0.741891
vn -0.305574 -0.364941 0.879456
vn 0.000000 -0.443201 0.896422
vn -0.825643 -0.462366 0.323312
vn -0.849124 -0.205557 0.486554
vn -0.867281 -0.209170 0.451743
vn -0.819882 -0.504401 0.270874
vn -0.647421 -0.755384 0.101198
vn -0.638020 -0.762823 0.105033
vn -0.670137 -0.727469 0.147328
vn -0.660333 -0.717570 0.221481
vn -0.304342 -0.829052 0.469093
vn 0.000000 -0.898775 0.438411
vn -0.494955 -0.130341 0.859087
vn -0.509410 -0.145774 0.848087
vn -0.559973 -0.263327 0.785550
vn -0.584677 -0.623658 0.518848
vn -0.000000 -0.998720 0.050579
vn -0.000000 -0.999716 0.023836
vn -0.300117 -0.953365 0.032009
vn -0.358411 -0.933373 0.018881
vn 0.000000 -0.675682 0.737193
vn -0.000000 -0.977057 0.212980
vn -0.463556 -0.880293 0.100999
vn -0.661403 -0.584422 0.470103
vn -0.989472 0.124981 0.072969
vn -0.929504 -0.167051 0.328811
vn -0.763670 -0.423904 0.486944
vn -0.879241 0.015863 0.476112
vn -0.695301 -0.040956 0.717551
vn -0.575491 -0.148041 0.804297
vn 0.000000 -0.288882 0.957365
vn -0.073880 0.652416 0.754251
vn -0.035278 0.805543 0.591486
vn -0.089401 -0.114462 0.989397
vn 0.069372 -0.194702 0.978406
vn -0.267308 -0.294324 0.917562
vn -0.382749 -0.278925 0.880741
vn -0.686487 -0.285104 0.668918
vn -0.765854 -0.169101 0.620382
vn -0.474913 -0.077212 0.876639
vn -0.860940 -0.251047 0.442446
vn -0.739251 -0.353686 0.573074
vn -0.548834 -0.200491 0.811532
vn -0.580686 -0.051581 0.812492
vn 0.098127 -0.137665 0.985606
vn 0.013238 -0.172462 0.984927
vn 0.326784 -0.515877 0.791886
vn 0.431927 -0.453192 0.779780
vn -0.846892 0.516910 -0.124807
vn -0.815413 0.557435 0.156102
vn -0.763101 0.621073 0.178733
vn -0.803439 0.589829 -0.081160
vn -0.775142 0.447814 -0.445665
vn -0.786472 0.373124 -0.492180
vn -0.014635 -0.244297 -0.969590
vn -0.100491 -0.315683 -0.943528
vn -0.436367 0.049136 -0.898426
vn -0.373175 0.054537 -0.926157
vn 0.538912 -0.759266 0.364813
vn 0.659355 -0.663191 0.354159
vn 0.689660 -0.724016 -0.013067
vn 0.604719 -0.795734 -0.033498
vn 0.563564 -0.812832 -0.147312
vn 0.664332 -0.734280 -0.139630
vn 0.464454 -0.763979 0.447904
vn 0.217406 -0.575942 0.788052
vn 0.588026 -0.761356 -0.273061
vn 0.684870 -0.724469 -0.078088
vn 0.060770 -0.379492 -0.923197
vn -0.361980 0.113086 -0.925301
vn -0.671117 0.485344 -0.560395
vn -0.735611 0.646919 -0.200931
vn -0.705159 0.699421 0.116449
vn -0.032345 -0.241746 0.969800
vn -0.751309 0.658178 -0.048341
vn -0.618262 0.785356 -0.031102
vn -0.673732 0.630335 -0.385699
vn -0.768851 0.521141 -0.370513
vn -0.613291 0.401186 -0.680386
vn -0.686045 0.358652 -0.633017
vn -0.399103 -0.019435 -0.916700
vn -0.003995 -0.403586 -0.914933
vn -0.140627 -0.349004 -0.926510
vn -0.420528 -0.034418 -0.906626
vn -0.527234 0.849239 0.028594
vn -0.596574 0.739223 -0.312490
vn -0.575230 0.512221 -0.637762
vn -0.350864 0.017740 -0.936258
vn 0.071377 -0.408561 -0.909936
vn -0.091675 -0.458944 -0.883723
vn -0.460937 -0.103808 -0.881340
vn -0.832284 0.458305 -0.311866
vn -0.819752 0.572625 -0.010361
vn -0.811121 0.583324 -0.042623
vn -0.822365 0.466049 -0.326365
vn -0.715442 -0.199994 0.669436
vn -0.527110 -0.109860 0.842666
vn -0.895014 -0.169680 0.412503
vn -0.867643 -0.309004 0.389504
vn -0.933888 -0.332922 -0.130446
vn -0.689855 -0.311958 -0.653286
vn -0.687019 -0.399715 -0.606821
vn -0.905935 -0.412143 -0.097052
vn -0.312908 -0.346249 -0.884421
vn -0.324212 -0.252193 -0.911748
vn 0.039754 -0.221217 -0.974414
vn -0.000000 -0.222597 -0.974911
vn -0.000000 -0.269833 -0.962907
vn 0.055819 -0.289494 -0.955551
vn -0.542334 0.001439 0.840162
vn -0.688974 0.067394 0.721646
vn -0.686115 -0.041332 0.726318
vn -0.515725 -0.087089 0.852317
vn -0.880885 0.130731 0.454919
vn -0.880086 0.026980 0.474047
vn -0.770086 -0.078494 -0.633093
vn -0.440275 -0.004444 -0.897852
vn -0.518981 0.234081 -0.822110
vn -0.796635 0.138172 -0.588457
vn -0.000000 0.270138 -0.962821
vn -0.133947 0.282267 -0.949939
vn -0.108564 0.114098 -0.987520
vn -0.000000 0.149344 -0.988785
vn -0.698506 0.605537 0.381332
vn -0.432948 0.497340 0.751804
vn -0.408165 0.538642 0.737066
vn -0.686353 0.638014 0.349081
vn 0.366340 -0.107577 0.924242
vn 0.019441 0.239118 0.970796
vn -0.021339 0.210416 0.977379
vn 0.342071 -0.145644 0.928319
vn -0.775157 0.329989 -0.538739
vn -0.802566 0.314075 -0.507192
vn -0.496505 -0.087266 -0.863636
vn -0.232110 -0.407469 -0.883229
vn -0.276728 -0.480148 -0.832394
vn -0.557871 -0.131103 -0.819507
vn 0.375373 -0.880476 -0.289583
vn 0.500484 -0.858686 0.110338
vn 0.526667 -0.834936 0.159699
vn 0.393864 -0.897865 -0.196751
vn -0.743015 0.541929 0.392737
vn -0.687040 0.587633 0.427391
vn -0.642968 0.669114 0.372665
vn 0.536520 -0.486663 0.689424
vn 0.151480 -0.166683 0.974305
vn -0.773052 0.449439 0.447656
vn -0.823448 0.552374 0.129679
vn -0.519801 -0.154974 0.840113
vn -0.404939 0.174490 0.897540
vn -0.759853 0.636258 -0.133415
vn -0.199106 0.065536 0.977784
vn -0.000000 0.116187 0.993227
vn -0.000000 -0.000962 1.000000
vn -0.261877 -0.044661 0.964067
vn -0.000000 -0.008763 0.999962
vn 0.168986 0.135179 0.976304
vn 0.000000 -0.104571 0.994518
vn 0.000000 0.137869 0.990450
vn -0.167231 0.134768 0.976663
vn -0.361123 0.137313 0.922353
vn -0.324532 0.276651 0.904513
vn -0.144130 0.376468 0.915149
vn 0.150694 0.361889 0.919961
vn 0.000000 0.338139 0.941096
vn 0.111891 0.484733 0.867476
vn -0.119700 0.484670 0.866468
vn -0.000000 0.467505 0.883991
vn -0.240118 0.406280 0.881635
vn -0.458868 -0.011309 0.888432
vn -0.000000 -0.141632 0.989919
vn -0.665865 0.103556 0.738851
vn 0.122512 -0.364566 0.923083
vn 0.508352 -0.648826 0.566218
vn -0.481794 -0.692154 0.537398
vn -0.460011 -0.621621 0.634017
vn -0.321152 -0.150116 0.935055
vn -0.478478 -0.318997 0.818108
vn -0.897356 0.440289 0.029977
vn -0.799742 0.513331 -0.311294
vn -0.709770 0.498014 0.498205
vn -0.768864 0.637880 0.044234
vn -0.842546 0.303152 0.445213
vn -0.490236 0.861596 0.131609
vn -0.446266 0.716179 0.536595
vn -0.223027 0.797991 0.559884
vn -0.309217 0.915904 0.255939
vn -0.692348 0.599834 -0.401064
vn -0.471474 0.806737 -0.356214
vn -0.426363 0.878377 -0.216031
vn -0.439150 0.659404 -0.610192
vn -0.409419 0.622010 -0.667442
vn -0.915784 -0.128561 0.380542
vn 0.602930 -0.782701 0.154446
vn -0.654405 -0.661415 0.366448
vn 0.760649 -0.606045 0.232642
vn -0.178415 -0.192906 0.964860
vn 0.144544 -0.072268 0.986856
vn 0.522272 -0.301453 0.797720
vn -0.104681 -0.582300 0.806206
vn 0.783323 -0.454911 0.423628
vn 0.110865 -0.865835 0.487893
vn 0.000000 -0.928684 0.370873
vn 0.000000 -0.868726 0.495293
vn 0.000000 -0.515823 0.856695
vn 0.000000 -0.247605 0.968861
vn -0.286742 0.033202 0.957433
vn -0.162453 0.126892 0.978523
vn -0.000000 -0.140943 0.990018
vn -0.270326 -0.130848 0.953836
vn -0.441337 -0.066938 0.894841
vn -0.564591 0.247691 0.787328
vn -0.651308 0.032438 0.758120
vn -0.872049 0.057915 0.485980
vn -0.856953 0.264743 0.442201
vn -0.601147 0.268181 0.752796
vn -0.000000 -0.994724 0.102585
vn 0.920387 -0.390942 0.007246
vn 0.946519 -0.123600 0.298037
vn 0.979622 -0.188697 -0.068802
vn 0.732422 -0.054941 0.678630
vn 0.324293 0.035931 0.945274
vn -0.167386 0.124149 0.978043
vn -0.669102 0.203746 0.714696
vn -0.889720 0.300698 0.343482
vn -0.923821 0.246719 0.292720
vn -0.769113 -0.078871 0.634228
vn 0.312975 -0.050723 0.948406
vn -0.205948 0.054499 0.977044
vn -0.222582 -0.042927 0.973969
vn 0.308374 -0.169905 0.935969
vn 0.453107 -0.313415 0.834545
vn -0.230773 -0.153308 0.960854
vn -0.194728 0.014056 0.980757
vn 0.268119 -0.188101 0.944844
vn -0.220040 -0.115073 0.968680
vn 0.340025 -0.239656 0.909367
vn -0.708746 0.137584 0.691918
vn -0.735472 0.056277 0.675214
vn -0.756721 -0.014479 0.653578
vn -0.784020 -0.001362 0.620735
vn -0.681283 0.147333 0.717040
vn 0.723421 -0.294064 0.624651
vn 0.740683 -0.340150 0.579384
vn 0.915857 -0.363252 0.171036
vn 0.918003 -0.349645 0.187130
vn 0.921126 -0.348335 0.173753
vn 0.761530 -0.365695 0.535106
vn 0.754273 -0.392948 0.525988
vn 0.920826 -0.347203 0.177565
vn -0.944238 0.064815 0.322823
vn -0.936017 0.049911 0.348398
vn -0.892091 0.052185 0.448833
vn -0.795733 0.115616 -0.594509
vn -0.515237 0.033498 -0.856393
vn -0.506682 0.208427 -0.836560
vn -0.803601 0.195380 -0.562186
vn 0.010430 -0.104838 -0.994435
vn 0.018019 0.125287 -0.991957
vn 0.896915 -0.229055 -0.378256
vn 0.593059 -0.056032 -0.803207
vn 0.569082 -0.222877 -0.791500
vn 0.885561 -0.302733 -0.352328
vn 0.910776 -0.354026 -0.212494
vn 0.675292 -0.333952 -0.657615
vn 0.723128 -0.285820 -0.628803
vn 0.920620 -0.345809 -0.181314
vn 0.098909 -0.244883 -0.964494
vn -0.539541 -0.100110 -0.835987
vn -0.472132 -0.002725 -0.881524
vn 0.164074 -0.141938 -0.976183
vn -0.846756 -0.018252 -0.531668
vn -0.820656 0.054596 -0.568809
vn -0.961143 0.089015 0.261307
vn -0.969413 0.014807 0.244988
vn -0.946180 0.171526 0.274448
vn -0.784579 0.118973 -0.608507
vn -0.404625 0.059889 -0.912520
vn 0.228280 -0.073409 -0.970824
vn 0.753032 -0.232052 -0.615707
vn 0.947852 -0.284626 -0.143405
vn 0.915888 -0.362136 0.173227
vn 0.755506 -0.357842 0.548781
vn 0.602812 -0.340011 -0.721810
vn 0.894331 -0.354625 -0.272786
vn -0.547454 -0.130775 -0.826554
vn 0.020681 -0.274262 -0.961433
vn -0.834741 -0.020600 -0.550258
vn -0.770431 -0.050471 0.635523
vn -0.966677 0.010423 0.255789
vn -0.227344 -0.160653 0.960471
vn 0.375374 -0.286670 0.881428
vn 0.743683 -0.297815 0.598533
vn 0.949879 -0.212993 0.228831
vn 0.957051 -0.051866 -0.285244
vn 0.625925 0.147220 -0.765861
vn 0.035074 0.310742 -0.949847
vn -0.518387 0.380272 -0.765943
vn -0.865546 0.296689 -0.403492
vn -0.938909 0.010213 0.344015
vn -0.834980 -0.117185 0.537658
vn -0.051457 -0.381990 0.922733
vn -0.131221 -0.512872 0.848377
vn -0.728629 -0.239499 0.641669
vn 0.596778 -0.407591 0.691177
vn 0.365297 -0.372584 0.853077
vn 0.368375 -0.530416 0.763517
vn 0.510306 -0.366299 0.778083
vn -0.914335 0.073735 0.398189
vn -0.719811 -0.030263 0.693510
vn -0.904968 0.337357 -0.259274
vn -0.533617 0.398285 -0.746071
vn 0.036894 0.311281 -0.949602
vn 0.609007 0.181533 -0.772112
vn 0.971837 0.048557 -0.230599
vn 0.741672 -0.080308 0.665939
vn 0.962231 -0.032898 0.270241
vn -0.012015 -0.148678 0.988813
vn 0.445061 -0.132161 0.885694
vn -0.017946 -0.140387 0.989934
vn 0.492548 -0.248150 0.834157
vn 0.910121 -0.401305 0.103121
vn 0.791911 -0.350239 0.500209
vn 0.553464 -0.339632 -0.760479
vn 0.874730 -0.404116 -0.267465
vn -0.693787 -0.129300 -0.708479
vn -0.129400 -0.224652 -0.965809
vn -0.964859 -0.057090 -0.256492
vn -0.911823 0.031307 0.409389
vn -0.629798 -0.024505 0.776372
vn -0.425042 -0.095280 -0.900145
vn -0.837176 0.126512 -0.532100
vn 0.239695 -0.224559 -0.944521
vn 0.940934 -0.243352 0.235419
vn 0.731306 -0.159434 0.663153
vn 0.778679 -0.244423 -0.577854
vn -0.914801 0.221988 -0.337433
vn -0.837253 0.166100 -0.520978
vn -0.757245 -0.004850 -0.653113
vn -0.381746 -0.386971 -0.839359
vn 0.238986 -0.586718 -0.773723
vn -0.947796 0.127371 -0.292335
vn -0.854334 0.114959 -0.506851
vn -0.951739 0.114998 -0.284549
vn -0.828268 0.188128 -0.527807
vn -0.620854 0.177699 -0.763521
vn -0.570916 0.284999 -0.769955
vn 0.000000 -0.051827 0.998656
vn -0.276095 -0.036761 0.960427
vn -0.279498 -0.123646 0.952152
vn 0.000000 -0.136048 0.990702
vn 0.000000 -0.185414 0.982661
vn -0.289014 -0.182575 0.939754
vn -0.565024 -0.192565 0.802289
vn -0.726882 -0.227748 0.647900
vn -0.901491 -0.217767 0.374022
vn -0.964339 0.002395 -0.264660
vn -0.947323 0.096403 -0.305428
vn -0.325381 -0.307045 -0.894344
vn -0.727977 -0.331986 -0.599862
vn -0.949679 -0.301688 -0.084222
vn 0.000000 -0.195163 -0.980771
vn 0.022459 -0.235350 -0.971651
vn 0.000000 0.302861 -0.953035
vn -0.137676 0.320500 -0.937190
vn 0.102095 -0.474504 -0.874313
vn -0.036980 -0.102609 -0.994034
vn 0.000000 -0.141876 -0.989884
vn -0.000000 -0.471684 -0.881768
vn -0.000000 -0.741972 -0.670431
vn -0.306516 -0.395360 -0.865874
vn -0.528006 -0.033517 -0.848579
vn -0.622210 0.120254 -0.773559
vn -0.000000 0.245415 -0.969418
vn -0.159513 0.238032 -0.958069
vn -0.142189 0.095742 -0.985198
vn -0.000000 0.083818 -0.996481
vn 0.000000 -0.096001 0.995381
vn -0.284437 -0.098711 0.953599
vn -0.577863 -0.060028 0.813923
vn -0.726847 -0.017586 0.686574
vn -0.910549 0.050850 0.410261
vn -0.983324 -0.094083 -0.155635
vn -0.761998 -0.195393 -0.617398
vn -0.362914 -0.176145 -0.915023
vn -0.043910 -0.077341 -0.996037
vn 0.000000 -0.026656 -0.999645
vn 0.714176 -0.525794 -0.462053
vn -0.000000 -0.900596 -0.434658
vn 0.052108 -0.974476 -0.218362
vn 0.158772 -0.968076 -0.193960
vn 0.438579 -0.864997 -0.243779
vn 0.341406 -0.935255 -0.093493
vn -0.454339 -0.868097 -0.199959
vn -0.345441 -0.922735 -0.170969
vn 0.216672 -0.972426 -0.086257
vn 0.224971 -0.972261 0.064009
vn 0.132789 -0.989454 -0.057869
vn 0.075637 -0.976072 -0.203871
vn -0.341553 -0.933664 -0.107762
vn -0.348539 -0.937288 0.003438
vn -0.849832 -0.526844 0.014874
vn -0.701612 -0.666823 0.251173
vn 0.011946 -0.998586 0.051792
vn 0.003880 -0.999964 0.007525
vn -0.625015 -0.674249 0.393375
vn -0.028135 -0.998721 0.041999
vn -0.505789 -0.599371 0.620428
vn 0.041386 -0.998759 0.027692
vn 0.069569 -0.997117 -0.030292
vn 0.046147 -0.998085 -0.041188
vn 0.000729 -0.999430 0.033747
vn -0.018559 -0.998434 0.052779
vn 0.045224 -0.993467 0.104773
vn -0.028909 -0.998652 0.043101
vn 0.086141 -0.987612 0.131154
vn 0.218938 -0.520950 0.825032
vn 0.188881 -0.971404 0.143872
vn -0.090254 -0.994721 0.048826
vn 0.092930 -0.995465 -0.020317
vn -0.074086 -0.997115 -0.016505
vn 0.845698 -0.513572 -0.145045
vn 0.789667 -0.610739 0.058525
vn 0.738954 -0.619950 0.263833
vn 0.157714 -0.983530 0.088287
vn 0.679089 -0.617426 0.397018
vn 0.397133 -0.286703 -0.871830
vn 0.880003 -0.195059 -0.433067
vn 0.957647 -0.047341 0.284028
vn 0.997581 -0.063400 0.028508
vn 0.909626 -0.343701 0.233346
vn 0.933982 -0.169208 0.314716
vn 0.864800 -0.501276 0.029046
vn -0.183756 0.088398 -0.978989
vn 0.106564 -0.289800 -0.951136
vn 0.160610 -0.184830 -0.969558
vn -0.228287 0.096404 -0.968809
vn -0.194537 -0.058315 -0.979160
vn -0.411757 -0.144139 -0.899822
vn -0.400086 0.248284 -0.882205
vn -0.264927 0.272692 -0.924907
vn 0.000059 0.209244 -0.977864
vn 0.028526 -0.034780 -0.998988
vn 0.362079 -0.691182 -0.625433
vn 0.339437 -0.709306 -0.617792
vn 0.459556 -0.611408 -0.644197
vn -0.694408 -0.230825 -0.681555
vn -0.314461 -0.179384 -0.932167
vn -0.964977 -0.230846 -0.124615
vn 0.522953 -0.827774 0.203250
vn 0.351816 -0.877433 -0.326092
vn -0.774225 -0.421439 -0.472192
vn -0.881106 -0.471725 0.033572
vn 0.301428 -0.594013 -0.745849
vn -0.541427 -0.478626 -0.691212
vn -0.406268 0.116427 -0.906306
vn -0.422533 -0.305569 -0.853284
vn 0.762675 -0.629514 -0.148459
vn 0.778530 -0.627452 0.013937
vn 0.590411 -0.493149 -0.638921
vn -0.504990 -0.301419 -0.808784
vn -0.234329 -0.222309 -0.946398
vn 0.000000 0.174052 -0.984737
vn -0.000000 -0.027496 -0.999622
vn 0.000000 -0.157303 -0.987550
vn 0.014121 -0.166347 -0.985966
vn 0.014918 -0.161964 -0.986684
vn -0.000000 -0.175268 -0.984521
vn -0.670671 0.598963 -0.437543
vn -0.654356 0.540627 -0.528715
vn -0.390110 0.450206 -0.803199
vn -0.350164 0.467910 -0.811447
vn -0.470550 0.339722 -0.814353
vn -0.420877 0.374684 -0.826121
vn -0.571449 0.203252 -0.795069
vn -0.612044 0.198887 -0.765406
vn -0.547250 0.348159 -0.761120
vn -0.614760 0.202293 -0.762330
vn -0.551453 0.307861 -0.775320
vn -0.564592 0.188199 -0.803628
vn -0.549131 0.236383 -0.801609
vn -0.718811 0.121844 -0.684444
vn -0.658708 0.137030 -0.739816
vn -0.564174 0.501709 -0.655741
vn -0.427756 0.346616 -0.834795
vn -0.665502 0.093261 0.740547
vn -0.627899 0.170428 0.759405
vn -0.444816 0.383029 0.809585
vn -0.251956 0.547263 0.798136
vn -0.351219 0.208081 0.912879
vn -0.317980 0.188978 0.929073
vn -0.286297 0.229185 0.930327
vn -0.239724 0.155442 0.958316
vn -0.534534 0.522658 0.664155
vn -0.610979 0.460330 0.644050
vn -0.559718 0.484973 0.671950
vn -0.582658 0.358702 0.729276
vn -0.062803 0.377188 -0.924005
vn 0.000000 0.320930 -0.947103
vn -0.141952 0.638573 0.756355
vn -0.082646 0.808130 0.583178
vn -0.260378 0.862903 0.433130
vn -0.516689 0.855918 -0.020918
vn -0.495119 0.707784 -0.503884
vn -0.000000 0.450008 -0.893025
vn -0.069526 0.510490 -0.857068
vn -0.358450 0.588289 -0.724865
vn -0.605223 0.719300 0.341046
vn -0.454740 0.823717 0.338677
vn -0.405962 0.844643 0.348960
vn -0.152621 0.683915 0.713419
vn -0.220857 0.673053 0.705849
vn -0.300234 0.616011 0.728279
vn 0.541666 -0.535228 0.648173
vn 0.503681 -0.346186 0.791493
vn 0.504857 -0.395466 0.767285
vn 0.557577 -0.556776 0.615717
vn 0.442154 -0.036525 0.896195
vn 0.491931 0.005038 0.870620
vn 0.224056 0.344891 0.911509
vn 0.136127 0.297044 0.945111
vn 0.245382 -0.158525 0.956377
vn 0.022412 0.285903 0.957996
vn 0.401864 -0.391348 0.827860
vn 0.595638 -0.157830 0.787594
vn 0.551697 -0.239116 0.799034
vn 0.600264 -0.474763 0.643648
vn 0.668059 -0.312161 0.675465
vn 0.595182 -0.436388 0.674777
vn 0.531090 -0.681321 -0.503731
vn 0.623506 -0.627874 -0.465848
vn 0.773322 -0.621658 -0.124558
vn 0.698065 -0.710422 -0.089475
vn 0.292627 -0.561533 -0.773983
vn 0.411130 -0.588004 -0.696580
vn 0.261925 -0.533402 -0.804287
vn 0.113090 -0.728754 -0.675373
vn 0.101333 -0.796517 -0.596064
vn 0.577867 -0.816063 0.010550
vn 0.426309 -0.802951 -0.416569
vn 0.177889 -0.633145 -0.753315
vn -0.345495 0.148143 0.926654
vn -0.578258 0.266377 0.771143
vn -0.186170 0.759561 0.623224
vn -0.114598 0.621027 0.775367
vn -0.104398 0.742052 0.662163
vn -0.251652 0.756462 0.603686
vn -0.489369 0.373221 0.788178
vn -0.448100 0.655634 0.607742
vn -0.761050 0.200518 0.616924
vn -0.819802 0.459347 0.341943
vn -0.795247 0.603666 -0.056298
vn -0.474180 0.874726 0.100037
vn -0.440445 0.891191 0.108571
vn -0.399987 0.853822 -0.333164
vn -0.475199 0.848411 -0.233204
vn -0.703399 0.609163 -0.366264
vn -0.287924 0.556340 -0.779478
vn -0.108596 0.611641 -0.783646
vn -0.316092 0.744086 -0.588576
vn -0.432188 0.752495 -0.496956
vn 0.000000 0.483773 -0.875193
vn -0.000000 0.554004 -0.832514
vn -0.886299 -0.162809 0.433552
vn -0.925020 -0.149538 0.349253
vn -0.863661 -0.214618 0.456102
vn -0.818315 -0.236522 0.523850
vn -0.746849 -0.210051 0.630948
vn -0.814144 -0.186658 0.549844
vn -0.861176 -0.204633 0.465297
vn -0.893870 -0.201061 0.400712
vn -0.858692 -0.161870 0.486257
vn -0.000000 0.453584 0.891213
vn -0.595075 0.369976 0.713445
vn -0.745310 0.246917 0.619310
vn -0.596493 0.218030 0.772437
vn 0.000000 0.026539 0.999648
vn -0.109085 -0.006491 0.994011
vn -0.213364 -0.435208 0.874682
vn -0.282149 -0.026882 0.958994
vn -0.447321 -0.010416 0.894313
vn -0.341630 -0.392015 0.854174
vn -0.557269 -0.082961 0.826177
vn -0.420899 -0.380903 0.823260
vn -0.491439 -0.406948 0.769988
vn -0.637789 -0.259215 0.725281
vn -0.515192 -0.349872 0.782411
vn -0.638410 -0.330035 0.695349
vn -0.509129 -0.197779 0.837658
vn -0.644957 -0.161862 0.746881
vn -0.615104 -0.016949 0.788264
vn -0.483118 -0.061596 0.873386
vn -0.508973 0.016872 0.860617
vn -0.393422 -0.000337 0.919358
vn -0.273438 0.046201 0.960779
vn -0.363690 0.067702 0.929057
vn -0.326298 0.145800 0.933955
vn -0.261055 0.140787 0.955002
vn 0.000000 0.972408 -0.233288
vn -0.304841 0.927257 -0.217409
vn -0.000000 0.644560 -0.764554
vn -0.000000 0.383766 -0.923430
vn -0.359375 0.359421 -0.861201
vn -0.333865 0.607115 -0.721073
vn -0.000000 0.829252 -0.558874
vn -0.307958 0.784483 -0.538283
vn -0.637958 0.754480 -0.154177
vn -0.800617 0.589751 -0.105861
vn -0.901125 0.402052 -0.162257
vn -0.942265 0.247470 -0.225599
vn -0.820561 0.255024 -0.511511
vn -0.637614 0.300352 -0.709392
vn -0.781332 0.449006 -0.433489
vn -0.567155 0.537059 -0.624421
vn -0.552982 0.684637 -0.474850
vn -0.726625 0.592082 -0.348505
vn -0.000000 0.078017 0.996952
vn -0.000000 0.526714 0.850042
vn -0.744226 0.025343 0.667447
vn -0.160443 -0.188983 0.968785
vn 0.569182 -0.700466 0.430557
vn 0.543845 -0.712195 0.443859
vn 0.623062 -0.661139 0.417958
vn 0.742087 -0.551468 0.381038
vn 0.773075 -0.558650 0.300442
vn 0.642637 -0.757858 0.112556
vn 0.595113 -0.803568 -0.010923
vn 0.700640 -0.713035 -0.026164
vn 0.800439 -0.599363 -0.007892
vn 0.630458 -0.752513 0.190387
vn -0.646974 -0.632663 0.425631
vn -0.966227 -0.136229 0.218739
vn -0.931209 -0.269437 0.245467
vn -0.896132 -0.365829 0.251232
vn -0.946153 -0.224041 0.233666
vn -0.984248 0.043134 0.171450
vn -0.987961 0.121394 0.095899
vn -0.994837 0.082970 0.058450
vn -0.994727 0.077450 0.067222
vn -0.981957 0.184804 0.040092
vn -0.961671 0.269753 -0.049224
vn -0.961952 0.239258 -0.131928
vn -0.972563 0.161085 -0.167846
vn -0.981567 0.081049 -0.173080
vn -0.986481 0.008996 -0.163627
vn -0.988636 0.031397 -0.147016
vn -0.983217 0.142448 -0.113984
vn -0.991713 0.122389 -0.039071
vn -0.989997 0.105887 0.093239
vn -0.959816 0.163434 0.228128
vn -0.953303 0.100781 0.284704
vn -0.958624 0.039161 0.281968
vn -0.973278 0.013897 0.229207
vn -0.987587 0.010572 0.156719
vn -0.993946 0.016147 0.108679
vn -0.993616 0.034857 0.107297
vn -0.989797 0.079011 0.118574
vn -0.979669 0.166103 0.112510
vn -0.958508 0.278060 0.062813
vn -0.924720 0.379518 -0.029322
vn -0.858880 0.501988 -0.101649
vn -0.783257 0.617418 -0.072829
vn -0.680665 0.731881 -0.032339
vn -0.574750 0.818159 0.016679
vn -0.698036 0.676756 0.233980
vn -0.942408 0.098851 0.319524
vn -0.755996 -0.610431 0.236313
vn -0.064668 -0.989112 0.132199
vn 0.103904 -0.987471 0.118766
vn 0.175179 -0.984451 -0.012945
vn 0.243761 -0.969834 -0.001750
vn 0.245548 -0.964014 0.101899
vn 0.299548 0.143264 -0.943264
vn 0.624134 -0.137642 -0.769098
vn 0.831490 -0.464078 -0.305377
vn 0.768759 -0.624729 0.136836
vn 0.566006 -0.675522 0.472554
vn 0.270170 -0.624261 0.733012
vn -0.029482 -0.494645 0.868595
vn -0.400660 -0.248154 0.881981
vn -0.714827 0.047122 0.697712
vn -0.907421 0.343235 0.242440
vn -0.733705 0.515381 -0.442785
vn -0.180633 0.400644 -0.898252
vn -0.744998 0.665897 0.039480
vn -0.781268 0.584529 -0.218965
vn -0.802979 0.571393 -0.169510
vn -0.750712 0.657237 0.066869
vn -0.251331 0.632935 0.732274
vn -0.269047 0.635807 0.723439
vn -0.595368 0.716380 0.363782
vn -0.599661 0.708393 0.372271
vn 0.693643 -0.316621 0.647002
vn 0.514579 -0.000345 0.857443
vn 0.553876 0.030164 0.832053
vn 0.752239 -0.331923 0.569178
vn 0.713562 -0.667277 0.213475
vn 0.686026 -0.666508 0.291781
vn 0.720321 -0.545123 0.428928
vn 0.757218 -0.575796 0.308351
vn 0.207756 -0.810303 -0.547947
vn 0.460058 -0.856739 -0.233119
vn 0.512263 -0.821998 -0.248811
vn 0.318889 -0.781208 -0.536678
vn -0.432752 -0.248525 -0.866580
vn -0.133817 -0.583421 -0.801070
vn 0.004200 -0.583471 -0.812123
vn -0.328176 -0.267366 -0.905989
vn 0.612978 -0.787019 0.069715
vn 0.642185 -0.766260 0.021076
vn 0.192204 0.375342 0.906739
vn 0.158678 0.360569 0.919136
vn -0.611834 0.059776 -0.788724
vn -0.557531 0.023911 -0.829812
vn -0.744670 0.372842 -0.553585
vn -0.759624 0.354589 -0.545196
vn -0.634025 0.660142 0.402771
vn -0.662880 0.625541 0.411447
vn -0.811329 0.583546 0.034919
vn -0.800140 0.597853 0.048456
vn -0.328668 0.589500 0.737881
vn -0.378938 0.535960 0.754422
vn 0.411883 -0.104586 0.905215
vn 0.034387 0.267193 0.963029
vn 0.097134 0.323101 0.941366
vn 0.475718 -0.041858 0.878601
vn 0.577566 -0.356072 0.734595
vn 0.647797 -0.307584 0.696958
vn 0.630332 -0.517521 0.578666
vn 0.694303 -0.502112 0.515584
vn 0.676664 -0.646250 0.352826
vn 0.635755 -0.659494 0.401102
vn 0.426429 -0.887194 -0.176195
vn 0.582493 -0.798338 0.152835
vn 0.605497 -0.787518 0.114845
vn 0.439095 -0.875574 -0.201410
vn 0.114059 -0.827259 -0.550120
vn 0.143822 -0.826687 -0.543971
vn -0.235229 -0.568675 -0.788211
vn -0.283535 -0.541512 -0.791437
vn -0.580110 -0.181811 -0.793988
vn -0.532823 -0.216860 -0.817968
vn -0.694048 0.077587 -0.715735
vn -0.734320 0.098633 -0.671599
vn -0.838132 0.484603 -0.250390
vn -0.841799 0.454723 -0.290863
vn -0.804512 0.292280 -0.517042
vn -0.791608 0.308950 -0.527169
vn -0.461655 0.397288 -0.793119
vn -0.203697 0.153654 -0.966901
vn 0.126008 -0.237610 -0.963153
vn -0.543545 0.368354 -0.754237
vn -0.162450 0.813625 0.558233
vn -0.221539 0.747506 0.626223
vn -0.590573 -0.760388 -0.270248
vn -0.564904 -0.794872 -0.221498
vn -0.536001 -0.731162 -0.422024
vn 0.554216 -0.832226 0.015653
vn 0.689292 -0.682211 0.243855
vn 0.786688 -0.507864 0.350994
vn 0.842568 -0.536762 0.044331
vn 0.636646 -0.709309 -0.302594
vn 0.281243 -0.771827 -0.570250
vn -0.285332 -0.723982 -0.628041
vn 0.863344 -0.381830 0.329914
vn 0.442561 -0.861434 0.249140
vn 0.521769 -0.782108 0.340681
vn 0.306737 -0.948643 0.077391
vn 0.259955 -0.935826 0.238019
vn 0.293345 -0.918251 0.266013
vn 0.194178 -0.971101 0.138771
vn 0.147298 -0.968624 0.200175
vn 0.116576 -0.985160 0.125973
vn 0.187698 -0.967167 0.171342
vn 0.179500 -0.971238 0.156447
vn 0.078118 -0.989551 0.121187
vn -0.072622 -0.997310 -0.009938
vn -0.022766 -0.998945 0.039897
vn -0.091796 -0.992359 -0.082440
vn 0.017629 -0.999680 0.018157
vn 0.231438 -0.972391 -0.029871
vn 0.070078 -0.987511 -0.141110
vn 0.439223 -0.883861 0.160848
vn 0.618983 -0.704045 0.348110
vn -0.058295 -0.980763 -0.186295
vn -0.332278 0.217117 0.917852
vn -0.217511 -0.466527 0.857346
vn -0.191709 -0.100339 0.976309
vn -0.355179 -0.228084 0.906546
vn -0.370979 -0.352479 0.859147
vn -0.332074 -0.400917 0.853810
vn -0.246487 -0.415359 0.875626
vn -0.291962 -0.251846 0.922677
vn -0.457188 -0.127053 0.880248
vn -0.330180 -0.106199 0.937925
vn -0.197482 -0.548297 0.812632
vn -0.328428 -0.123051 0.936479
vn -0.546538 0.036477 0.836640
vn -0.198671 0.007061 0.980041
vn -0.215176 -0.018528 0.976399
vn -0.225659 0.035373 0.973564
vn -0.317959 -0.486749 0.813620
vn -0.255116 -0.525094 0.811907
vn -0.376029 -0.444404 0.813085
vn -0.291687 -0.026561 0.956145
vn -0.193605 -0.552014 0.811047
vn -0.478193 0.183197 0.858936
vn -0.332130 0.031357 0.942712
vn -0.201929 -0.152918 0.967389
vn -0.200906 -0.286124 0.936894
vn -0.187455 -0.428333 0.883963
vn -0.191405 -0.139673 0.971522
vn -0.202650 -0.285367 0.936749
vn -0.218844 -0.423215 0.879202
vn -0.226274 -0.129662 0.965395
vn -0.254093 -0.263194 0.930680
vn -0.279119 -0.390180 0.877412
vn -0.727095 0.159398 0.667777
vn -0.826187 0.311834 0.469228
vn -0.685441 0.060304 0.725627
vn -0.513672 -0.259878 0.817682
vn -0.312296 -0.423434 0.850397
vn -0.217788 -0.230316 0.948432
vn -0.797511 0.303729 0.521272
vn 0.345871 0.542642 0.765449
vn 0.419678 0.446541 0.790235
vn 0.299654 0.157178 0.941012
vn -0.013181 0.232658 0.972469
vn 0.750373 0.635779 0.180902
vn 0.698349 0.701745 0.140935
vn 0.663942 0.487277 -0.567223
vn 0.719403 0.448313 -0.530541
vn -0.381051 -0.311588 0.870467
vn -0.269775 -0.069495 0.960412
vn 0.033504 -0.165823 0.985586
vn -0.101162 -0.438295 0.893120
vn 0.621575 0.132892 -0.772000
vn 0.421829 0.152433 -0.893770
vn -0.404467 -0.914550 0.002002
vn -0.578361 -0.812969 -0.067674
vn -0.556546 -0.658355 0.506780
vn -0.237364 -0.864695 0.442675
vn 0.361061 -0.247341 -0.899143
vn 0.150907 -0.176169 -0.972724
vn -0.077725 -0.456826 -0.886154
vn 0.128853 -0.576903 -0.806585
vn -0.127721 -0.929319 -0.346487
vn -0.364091 -0.715742 -0.595946
vn -0.699989 -0.628738 0.338680
vn -0.551277 -0.700420 0.453327
vn -0.526384 -0.847594 -0.067107
vn -0.660155 -0.739231 -0.133162
vn 0.397288 0.054637 -0.916066
vn 0.429517 0.057050 -0.901255
vn 0.741493 0.398337 -0.539922
vn 0.745178 0.367946 -0.556170
vn -0.347418 -0.752651 -0.559301
vn -0.490420 -0.677289 -0.548423
vn -0.160728 -0.530358 -0.832398
vn 0.092499 -0.221375 -0.970792
vn 0.061077 -0.253667 -0.965361
vn -0.284910 -0.525598 -0.801607
vn 0.391872 0.121957 -0.911901
vn 0.425394 0.069404 -0.902343
vn 0.688488 0.472816 -0.549936
vn 0.749624 0.416648 -0.514265
vn 0.735965 0.667873 0.110907
vn 0.793959 0.599523 0.101003
vn 0.397916 0.555901 0.729820
vn 0.504542 0.507390 0.698565
vn 0.544270 0.503373 0.671108
vn 0.505495 0.517463 0.690440
vn -0.009855 0.171882 0.985068
vn -0.026849 0.193041 0.980823
vn -0.058233 0.218396 0.974121
vn -0.010818 0.159218 0.987184
vn -0.394377 -0.179794 0.901189
vn -0.354467 -0.133231 0.925528
vn -0.479530 -0.424158 0.768206
vn -0.608873 -0.429523 0.666921
vn 0.794583 0.162936 0.584884
vn 0.711876 0.387715 0.585585
vn 0.105746 -0.081885 0.991016
vn 0.282674 -0.584273 0.760737
vn 0.470934 -0.573633 -0.670199
vn 0.858830 0.072911 -0.507046
vn 0.999110 0.038695 -0.016775
vn 0.496771 -0.867803 0.011707
vn 0.469509 -0.161203 -0.868087
vn 0.843018 0.261208 -0.470203
vn -0.536624 -0.626713 -0.565036
vn -0.568641 -0.552931 -0.609028
vn -0.748146 -0.617376 -0.243154
vn -0.714174 -0.669782 -0.203341
vn 0.053297 -0.264547 -0.962899
vn 0.004743 -0.235743 -0.971804
vn -0.335651 -0.440450 -0.832672
vn -0.309009 -0.515768 -0.799060
vn -0.689013 -0.376884 0.619047
vn -0.467066 -0.141687 0.872797
vn -0.414141 -0.171437 0.893922
vn -0.648804 -0.414439 0.638195
vn -0.795717 -0.555470 0.241427
vn -0.762200 -0.585564 0.275983
vn 0.120445 -0.729681 -0.673096
vn 0.068972 -0.435217 -0.897680
vn 0.084175 -0.993317 -0.078974
vn -0.171013 -0.764176 0.621924
vn -0.372256 -0.399701 0.837654
vn -0.176214 -0.751345 -0.635948
vn -0.274957 -0.940851 -0.197986
vn -0.487401 -0.806860 0.333792
vn -0.671904 -0.690937 -0.266743
vn -0.506932 -0.812345 -0.288298
vn -0.621844 -0.782741 0.025038
vn -0.753055 -0.645672 0.126551
vn -0.209731 -0.572367 -0.792723
vn -0.638379 -0.548026 0.540500
vn -0.479517 -0.659639 -0.578740
vn -0.390588 -0.757157 -0.523597
vn 0.896295 0.443443 0.003708
vn 0.424443 -0.008836 -0.905412
vn 0.799394 0.272248 -0.535584
vn 0.014778 -0.265929 -0.963880
vn -0.321242 -0.420763 -0.848388
vn -0.593255 -0.508944 -0.623718
vn -0.786608 -0.555309 -0.269965
vn -0.846867 -0.500612 0.179457
vn -0.464703 -0.178969 0.867191
vn -0.728209 -0.368326 0.577968
vn 0.036413 0.128175 0.991083
vn 0.653984 0.412354 0.634247
vn 0.910193 0.414154 -0.005068
vn 0.832125 0.553177 0.039542
vn -0.110436 -0.301414 0.947076
vn 0.071886 -0.063686 0.995378
vn 0.422146 -0.238628 0.874557
vn 0.213570 -0.552178 0.805907
vn -0.423585 -0.904015 0.057723
vn -0.612743 -0.772677 0.165880
vn -0.376167 -0.589444 0.714881
vn -0.115217 -0.906596 0.405968
vn -0.275069 -0.323260 -0.905450
vn -0.559380 -0.656752 -0.505738
vn -0.200087 -0.859086 -0.471102
vn -0.057994 -0.441198 -0.895534
vn -0.548752 -0.556766 0.623605
vn -0.530227 -0.524679 0.666011
vn -0.715961 -0.677648 0.167908
vn -0.716487 -0.686588 0.123464
vn 0.504389 0.384261 -0.773263
vn 0.812751 0.537053 -0.225854
vn 0.807560 0.537347 -0.243116
vn 0.545452 0.409245 -0.731437
vn 0.171579 0.185922 -0.967468
vn 0.133090 0.162396 -0.977709
vn -0.690140 -0.628083 -0.359471
vn -0.694697 -0.611623 -0.378568
vn -0.485665 -0.390380 -0.782133
vn -0.471407 -0.353653 -0.807902
vn -0.157924 -0.063832 -0.985386
vn -0.158205 -0.074854 -0.984565
vn 0.109832 0.115574 -0.987208
vn 0.472184 0.340565 -0.813054
vn 0.748938 0.439457 0.495953
vn 0.770209 0.486207 0.412773
vn 0.415407 0.379840 -0.826534
vn 0.070518 0.115449 -0.990807
vn -0.580763 -0.678140 -0.450379
vn -0.371011 -0.368970 -0.852181
vn -0.615192 -0.765829 0.187203
vn -0.426902 -0.570397 0.701714
vn 0.821836 0.515924 -0.241677
vn 0.758841 0.396792 0.516446
vn 0.367497 0.112008 0.923255
vn 0.682479 0.497647 0.535322
vn 0.299531 0.154545 0.941487
vn 0.397069 0.194273 0.896992
vn 0.412917 0.238087 0.879099
vn 0.038451 -0.097985 0.994445
vn 0.023487 -0.061593 0.997825
vn -0.246814 -0.298516 0.921939
vn -0.277271 -0.316623 0.907122
vn 0.033100 -0.092572 0.995156
vn -0.198221 -0.325565 0.924508
vn 0.877918 0.460900 0.129741
vn 0.880654 0.404130 0.247238
vn 0.535415 0.086763 0.840121
vn 0.740537 -0.238506 0.628267
vn 0.454923 -0.306541 -0.836109
vn 0.778857 0.397679 -0.485009
vn 0.893945 0.400726 -0.200704
vn 0.777391 -0.615790 -0.128320
vn 0.276441 0.087357 -0.957052
vn 0.725352 0.389082 -0.567873
vn -0.139924 -0.082946 -0.986682
vn -0.080226 -0.077681 -0.993745
vn 0.093433 0.108439 -0.989703
vn 0.393449 0.384407 -0.835122
vn 0.752513 0.607218 -0.254972
vn 0.726048 0.650306 -0.223508
vn 0.631979 0.528230 0.567076
vn 0.312723 0.197107 0.929168
vn -0.713719 -0.603010 -0.356349
vn -0.752553 -0.654463 0.073083
vn -0.517187 -0.402824 -0.755149
vn -0.343844 -0.339037 0.875686
vn -0.015555 -0.076777 0.996927
vn -0.607569 -0.550407 0.572637
vn 0.018128 -0.604913 -0.796085
vn -0.179257 -0.247960 -0.952041
vn 0.331408 -0.943429 0.010566
vn 0.248214 -0.592670 0.766245
vn 0.071220 -0.244147 0.967119
vn -0.166603 -0.984910 -0.046862
vn -0.566385 -0.824054 -0.011992
vn -0.564863 -0.723340 -0.397126
vn -0.276700 -0.741408 -0.611352
vn -0.194989 -0.757593 0.622922
vn -0.731200 -0.682048 0.012555
vn -0.494866 -0.727910 0.474610
vn -0.567644 -0.618257 0.543635
vn -0.672192 -0.623900 -0.398632
vn -0.463991 -0.434372 -0.772032
vn -0.316705 -0.472101 0.822690
vn 0.888909 0.419499 -0.184015
vn 0.199121 0.141686 -0.969678
vn 0.650669 0.359193 -0.669037
vn -0.198461 -0.121966 -0.972490
vn -0.760794 -0.538060 -0.362882
vn -0.540227 -0.360775 -0.760260
vn -0.800351 -0.598241 0.039320
vn -0.642064 -0.530416 0.553546
vn -0.012674 -0.137889 0.990367
vn -0.370468 -0.371452 0.851338
vn 0.470382 0.178338 0.864255
vn 0.837206 0.391947 0.381399
vn 0.887028 0.410168 -0.212001
vn -0.196504 -0.099263 -0.975465
vn 0.307870 0.077224 -0.948289
vn 0.140789 -0.182356 -0.973101
vn 0.850036 0.431919 0.301473
vn 0.864463 0.406408 0.295867
vn 0.845931 0.062185 0.529654
vn 0.691490 0.114062 0.713325
vn 0.647004 0.628896 -0.431133
vn 0.667607 0.622955 -0.407711
vn 0.115926 0.462200 -0.879166
vn 0.107935 0.457823 -0.882467
vn 0.027141 -0.925339 0.378168
vn -0.216014 -0.703503 0.677068
vn 0.112620 -0.514594 0.850006
vn 0.355960 -0.647704 0.673626
vn -0.235478 0.216337 -0.947496
vn -0.292077 0.190366 -0.937258
vn -0.467135 -0.850549 0.241560
vn -0.506816 -0.772976 0.381636
vn -0.767835 -0.494940 -0.406772
vn -0.712441 -0.701696 0.007059
vn -0.713537 -0.685064 -0.146805
vn -0.740361 -0.441411 -0.506974
vn -0.252936 -0.519508 0.816171
vn -0.284176 -0.542506 0.790526
vn -0.598601 -0.594709 0.536654
vn -0.590945 -0.594876 0.544891
vn 0.780232 0.395567 -0.484526
vn 0.318911 0.355279 -0.878677
vn 0.234863 0.430313 -0.871591
vn 0.753108 0.501634 -0.425666
vn -0.291454 0.145192 -0.945502
vn -0.326808 0.174201 -0.928898
vn -0.803643 -0.563715 0.190745
vn -0.801483 -0.570347 0.179804
vn -0.860679 -0.413737 -0.296738
vn -0.858958 -0.408627 -0.308569
vn -0.677645 -0.111357 -0.726909
vn -0.650519 -0.114488 -0.750811
vn -0.313990 0.156921 -0.936369
vn 0.215813 0.407222 -0.887466
vn 0.922032 0.325010 0.210299
vn 0.950345 0.286737 0.120943
vn 0.756032 0.487265 -0.437023
vn 0.928669 0.306900 0.208295
vn 0.728512 0.028302 0.684448
vn 0.750416 0.035446 0.660015
vn 0.734219 0.003226 0.678905
vn 0.039465 -0.440357 0.896955
vn 0.081830 -0.392354 0.916167
vn 0.510032 -0.735730 -0.445610
vn -0.064457 -0.358673 -0.931235
vn 0.462252 0.395635 -0.793597
vn 0.779227 0.352013 -0.518549
vn 0.944223 0.307733 -0.117233
vn 0.949147 0.314640 0.011034
vn 0.784138 -0.052646 0.618350
vn 0.818421 -0.458414 0.346474
vn -0.265178 0.055169 -0.962620
vn 0.375407 0.381291 -0.844800
vn -0.840206 -0.508676 0.187888
vn -0.630961 -0.538558 0.558429
vn -0.885716 -0.363977 -0.288146
vn -0.268762 -0.475751 0.837513
vn 0.099244 -0.354980 0.929591
vn -0.403233 -0.647056 -0.647087
vn -0.647678 -0.251167 -0.719325
vn 0.093453 -0.980281 -0.174113
vn 0.434781 -0.726528 0.532093
vn 0.444856 -0.329305 0.832863
vn -0.617644 -0.739689 -0.267165
vn -0.666338 -0.735304 0.123783
vn -0.808714 -0.565329 0.162435
vn -0.830930 -0.454833 -0.320441
vn -0.587652 -0.625866 0.512793
vn -0.448099 -0.806446 0.385815
vn 0.144131 -0.474302 0.868483
vn -0.224772 -0.579603 0.783287
vn -0.206578 -0.735862 0.644851
vn 0.075295 -0.760615 0.644823
vn -0.252629 -0.956683 0.144695
vn 0.761185 0.406019 -0.505713
vn -0.699585 -0.118541 -0.704648
vn 0.400620 -0.257716 0.879253
vn 0.407361 -0.217319 0.887034
vn 0.418784 -0.199793 0.885834
vn -0.581519 -0.126450 -0.803645
vn -0.527899 -0.088707 -0.844662
vn 0.671712 -0.284672 0.683933
vn 0.452076 -0.195649 0.870258
vn 0.615083 0.475387 0.629031
vn 0.549167 0.409947 0.728258
vn 0.813760 0.550469 0.186493
vn 0.810387 0.558968 0.175580
vn 0.801253 0.423234 -0.422927
vn 0.839363 0.445208 -0.311864
vn 0.796802 0.256854 -0.546930
vn 0.869924 0.334800 -0.362133
vn 0.865014 0.453060 0.215610
vn 0.829842 0.421391 0.365776
vn 0.815932 0.525786 -0.240424
vn 0.844815 0.481377 -0.233589
vn 0.541729 0.348463 -0.764920
vn 0.661020 0.336285 -0.670794
vn 0.542785 0.165838 -0.823336
vn 0.708884 0.203033 -0.675471
vn 0.904017 0.409248 -0.123566
vn 0.914274 0.391187 0.105241
vn 0.651885 0.552523 -0.519389
vn 0.635490 0.470816 -0.611951
vn 0.176737 0.384474 -0.906060
vn 0.282733 0.317242 -0.905218
vn -0.073356 0.154785 -0.985221
vn 0.105340 0.107260 -0.988635
vn -0.107085 0.848068 0.518955
vn -0.121616 0.767137 0.629849
vn -0.700705 0.503089 0.505880
vn -0.743620 0.541478 0.392214
vn -0.980168 0.067772 0.186221
vn -0.987413 0.054770 0.148377
vn -0.772807 -0.597214 -0.214719
vn -0.947333 -0.311358 -0.074950
vn -0.967378 -0.239770 -0.081790
vn -0.849300 -0.468299 -0.243692
vn -0.137606 -0.979125 0.149593
vn -0.139664 -0.970558 0.196241
vn -0.224732 -0.974378 0.009064
vn -0.159324 -0.985888 -0.051386
vn -0.078853 -0.856341 0.510355
vn 0.131537 -0.908296 0.397110
vn 0.066341 -0.936616 0.344018
vn -0.086801 -0.886687 0.454149
vn -0.861864 0.441260 0.249960
vn -0.332513 0.801590 0.496878
vn -0.314610 0.874059 0.370191
vn -0.886074 0.437932 0.151952
vn -0.880818 0.451386 0.142866
vn -0.887420 0.369674 0.275368
vn -0.978376 -0.201828 0.045238
vn -0.988323 -0.141853 -0.055644
vn -0.252856 0.910608 0.326889
vn -0.174023 0.845144 0.505419
vn -0.894159 0.266439 0.359846
vn -0.330129 0.720154 0.610240
vn -0.544248 0.595298 0.591113
vn -0.898608 0.197735 0.391669
vn -0.931002 -0.286004 0.226799
vn -0.951768 -0.269355 0.146922
vn -0.996734 -0.080737 -0.001669
vn -0.987637 -0.129223 0.088734
vn -0.770560 0.499155 0.396335
vn -0.819268 0.463997 0.336908
vn -0.962731 -0.237949 0.128562
vn -0.793353 0.554486 0.251269
vn -0.766916 0.234717 0.597284
vn -0.855952 0.481434 0.188593
vn -0.862323 -0.476787 0.170510
vn -0.488906 -0.618213 0.615454
vn -0.010563 -0.964899 0.262409
vn -0.110442 -0.931078 0.347703
vn -0.651507 -0.713298 -0.258350
vn -0.542070 -0.831188 -0.123638
vn -0.424553 -0.904332 0.044037
vn -0.397254 -0.914952 -0.071081
vn -0.713335 -0.585886 -0.384565
vn -0.580013 -0.736389 -0.348305
vn -0.511849 -0.386672 -0.767134
vn -0.414507 -0.515435 -0.750007
vn -0.060029 -0.075345 -0.995349
vn -0.078193 0.019806 -0.996742
vn 0.046224 -0.123218 -0.991303
vn 0.140530 -0.161971 -0.976738
vn -0.174099 -0.571361 -0.802020
vn -0.251167 -0.517162 -0.818204
vn -0.378681 -0.781844 -0.495299
vn -0.329667 -0.799655 -0.501869
vn -0.428175 -0.777697 -0.460276
vn -0.465633 -0.842502 -0.270880
vn -0.452740 -0.884588 -0.111942
vn -0.405702 -0.913563 0.028448
vn -0.145040 -0.588254 -0.795563
vn -0.327218 -0.794282 -0.511903
vn 0.150985 -0.189950 -0.970115
vn 0.046755 -0.195480 -0.979592
vn -0.211599 -0.556677 -0.803328
vn -0.380872 -0.752817 -0.536846
vn 0.353020 0.426496 -0.832753
vn 0.361305 0.408024 -0.838436
vn 0.403670 0.317929 -0.857888
vn 0.409621 0.244932 -0.878760
vn 0.345174 0.187244 -0.919671
vn 0.229030 0.140297 -0.963256
vn 0.053053 0.305784 0.950622
vn 0.092583 0.369879 0.924456
vn 0.585077 0.508303 0.631912
vn 0.455842 0.501169 0.735553
vn 0.893687 0.435457 0.108167
vn 0.821632 0.490870 0.289770
vn -0.154608 0.068675 0.985586
vn -0.252440 0.152036 0.955594
vn 0.065591 0.586944 0.806967
vn 0.075030 0.528428 0.845656
vn -0.335652 0.251649 0.907750
vn -0.383694 0.244749 0.890436
vn 0.580847 0.660963 0.475126
vn 0.592838 0.706014 0.387411
vn 0.851435 0.499134 -0.161011
vn 0.861633 0.500978 -0.081301
vn -0.760464 -0.450544 0.467659
vn -0.648934 -0.133428 0.749054
vn -0.635284 -0.090736 0.766930
vn -0.781493 -0.398255 0.480272
vn 0.927923 0.183887 -0.324259
vn 0.820570 0.170365 -0.545564
vn 0.435371 -0.867819 -0.239463
vn 0.274892 -0.958969 0.069371
vn 0.399591 -0.903780 0.153327
vn 0.635520 -0.763542 -0.114534
vn 0.186032 -0.982542 0.001899
vn 0.274099 -0.909694 -0.311971
vn -0.517731 -0.855441 0.013237
vn -0.586547 -0.804223 0.095855
vn -0.364860 -0.912508 -0.184947
vn -0.672230 -0.676538 -0.300670
vn -0.942593 -0.333585 0.015496
vn -0.880391 -0.455098 -0.133407
vn -0.729023 -0.598700 -0.331789
vn -0.776210 -0.565460 -0.278842
vn -0.691968 -0.567550 -0.446169
vn -0.443285 -0.391555 -0.806339
vn 0.033038 -0.034203 -0.998869
vn 0.444704 0.279224 -0.851042
vn 0.960698 0.039979 0.274701
vn 0.881435 -0.460265 0.105969
vn 0.638274 -0.675436 0.369314
vn 0.802664 -0.081233 0.590874
vn 0.262981 -0.782989 0.563710
vn 0.479838 -0.211405 0.851507
vn -0.031699 -0.772152 0.634647
vn 0.137974 -0.247166 0.959100
vn 0.798622 0.503859 0.329134
vn 0.693829 0.407802 0.593548
vn 0.439546 0.695716 0.568136
vn 0.436304 0.827596 0.353163
vn 0.471081 -0.795778 -0.380551
vn 0.243865 -0.875853 -0.416428
vn 0.724303 -0.629884 -0.280413
vn 0.393307 0.844232 0.364118
vn 0.803395 0.548160 0.232545
vn -0.988246 -0.103107 -0.112868
vn 0.720518 -0.610409 -0.329022
vn 0.452453 -0.789613 -0.414484
vn 0.194640 -0.868551 -0.455778
vn 0.990224 0.128397 0.054504
vn 0.983983 0.176709 0.023492
vn 0.934471 -0.297806 -0.195130
vn 0.943381 -0.308124 -0.122849
vn -0.433286 -0.619741 0.654359
vn -0.294827 -0.265447 0.917941
vn -0.157346 -0.240356 0.957847
vn -0.291101 -0.701910 0.650064
vn 0.746458 0.492045 0.447986
vn 0.166350 0.896896 0.409762
vn 0.232633 0.815843 0.529417
vn 0.761240 0.256535 0.595569
vn 0.918878 -0.374516 -0.124103
vn 0.983959 0.146087 0.102389
vn 0.980398 0.046382 0.191491
vn 0.878112 -0.478411 -0.006455
vn 0.040867 0.546883 0.836211
vn -0.069783 0.457073 0.886687
vn 0.214904 0.699329 0.681729
vn 0.123183 0.781827 0.611206
vn -0.472231 -0.747543 0.467094
vn -0.307068 -0.799124 0.516827
vn -0.263572 -0.867747 0.421362
vn -0.448357 -0.833824 0.322046
vn -0.504146 -0.826329 0.251033
vn -0.526223 -0.740970 0.417197
vn -0.563071 -0.803144 -0.194707
vn -0.550129 -0.786240 -0.281398
vn -0.734392 -0.667343 0.123784
vn -0.765509 -0.626295 0.147485
vn 0.785233 -0.243163 -0.569456
vn 0.604987 -0.208247 -0.768521
vn 0.262289 -0.539887 -0.799829
vn 0.429021 -0.669314 -0.606597
vn -0.124132 -0.938998 -0.320740
vn -0.197525 -0.757151 -0.622660
vn -0.771604 -0.635919 0.015277
vn -0.825508 -0.564259 -0.012196
vn -0.626717 -0.679405 -0.381621
vn -0.586850 -0.734090 -0.341642
vn -0.213061 -0.656090 -0.723983
vn -0.208880 -0.683648 -0.699281
vn 0.497386 -0.283531 -0.819888
vn 0.451171 -0.274659 -0.849121
vn 0.145856 -0.500269 -0.853497
vn 0.197859 -0.492439 -0.847559
vn 0.770643 0.049760 -0.635322
vn 0.796929 0.062347 -0.600847
vn 0.902692 0.396011 -0.168296
vn 0.902876 0.393464 -0.173208
vn 0.153636 0.506131 0.848662
vn 0.235266 0.428451 0.872399
vn 0.748415 0.444661 0.492089
vn 0.699167 0.562200 0.441698
vn 0.880894 0.445600 -0.159582
vn 0.814068 0.106424 -0.570935
vn 0.235101 -0.538917 -0.808886
vn 0.554840 -0.263283 -0.789199
vn -0.582245 -0.753331 -0.305749
vn -0.187436 -0.731640 -0.655417
vn -0.775531 -0.628080 0.063777
vn 0.698892 0.584290 0.412500
vn 0.686907 0.592660 0.420610
vn 0.127742 0.477635 0.869222
vn 0.117906 0.504051 0.855588
vn -0.418395 0.174142 0.891415
vn 0.107005 0.542304 0.833340
vn -0.416122 0.181059 0.891100
vn -0.426219 0.209930 0.879924
vn -0.713179 -0.088402 0.695386
vn -0.722154 -0.113203 0.682407
vn -0.861488 -0.361403 0.356687
vn -0.828494 -0.445725 0.339010
vn -0.686095 -0.144424 0.713033
vn -0.810188 -0.420602 0.408277
vn -0.395812 -0.906192 0.148824
vn -0.479568 -0.871831 0.099622
vn -0.198170 -0.943280 0.266369
vn -0.163519 -0.983750 0.074140
vn -0.351630 -0.935522 0.033978
vn -0.041746 0.242624 0.969222
vn -0.166272 0.164551 0.972253
vn -0.577851 -0.804795 0.135619
vn -0.353966 -0.925309 0.136060
vn -0.376945 -0.903052 0.205938
vn -0.552785 -0.816371 0.167232
vn -0.416351 -0.874498 -0.248808
vn -0.479997 -0.834041 -0.271990
vn 0.391240 0.393876 -0.831741
vn 0.335751 0.337283 -0.879495
vn 0.576176 0.750874 0.322815
vn 0.398031 0.874583 0.276903
vn 0.350824 -0.914156 0.203080
vn 0.203855 -0.966086 0.158495
vn 0.178386 -0.982571 0.052275
vn 0.383374 -0.919729 0.084401
vn 0.138984 -0.519609 0.843024
vn 0.560100 -0.146131 0.815435
vn 0.162595 0.497587 0.852039
vn -0.257714 0.329128 0.908437
vn 0.426070 -0.886810 -0.178974
vn 0.171914 -0.959420 -0.223517
vn 0.178849 -0.908438 -0.377826
vn 0.439347 -0.834104 -0.333533
vn 0.403537 -0.914232 -0.036572
vn 0.172050 -0.982089 -0.076812
vn -0.335377 -0.910019 -0.243695
vn -0.558392 -0.786964 -0.262462
vn -0.932646 -0.095505 0.347922
vn -0.235449 -0.971755 0.016033
vn -0.193298 -0.970721 -0.142607
vn 0.252831 0.424285 0.869516
vn 0.406804 0.470866 0.782813
vn 0.489463 0.249557 0.835552
vn 0.235735 0.214091 0.947942
vn -0.653248 0.282231 0.702575
vn 0.588270 0.673907 0.446976
vn 0.302967 0.646435 0.700238
vn 0.249082 0.796738 0.550606
vn 0.447529 0.808564 0.382024
vn 0.646987 0.761405 0.040880
vn 0.746136 0.665351 0.024278
vn 0.721445 0.668511 0.180581
vn 0.596087 0.785391 0.166858
vn 0.669603 0.737235 -0.090094
vn 0.720506 0.688369 -0.083780
vn 0.656823 0.682505 -0.320579
vn 0.743828 0.604262 -0.285634
vn 0.573008 0.607938 -0.549612
vn 0.678445 0.481494 -0.554865
vn -0.158721 0.543959 0.823964
vn -0.532392 -0.838378 0.116964
vn -0.403140 -0.903678 0.144376
vn -0.317795 -0.933243 0.167523
vn -0.340654 -0.931982 0.123953
vn -0.521360 -0.852775 -0.030945
vn -0.523764 -0.846868 0.092125
vn -0.427769 -0.900078 0.082906
vn -0.443148 -0.895559 -0.039923
vn -0.381291 -0.888772 -0.254366
vn -0.433666 -0.863692 -0.256846
vn -0.434615 -0.893185 -0.115457
vn -0.376651 -0.923146 -0.077046
vn -0.350024 -0.935200 0.053699
vn -0.409663 -0.912233 0.002740
vn 0.463746 0.369746 0.805126
vn 0.357221 0.377252 0.854444
vn -0.398030 0.070867 0.914631
vn -0.248793 -0.372998 0.893854
vn 0.776603 -0.539713 -0.324959
vn 0.953743 0.232521 0.190546
vn 0.762942 0.313511 0.565358
vn 0.378507 -0.804776 0.457240
vn 0.806928 -0.138919 -0.574081
vn 0.965548 0.256417 0.044362
vn -0.329892 0.767792 0.549242
vn -0.993101 -0.079712 -0.086007
vn 0.651559 0.650968 0.389501
vn -0.327190 -0.616873 -0.715831
vn -0.373724 -0.539675 -0.754375
vn -0.708793 -0.518321 -0.478493
vn -0.657107 -0.641744 -0.395444
vn 0.028611 -0.479172 -0.877255
vn 0.406638 -0.266640 -0.873813
vn 0.409309 -0.315636 -0.856061
vn -0.007802 -0.483010 -0.875580
vn 0.372406 -0.755432 -0.539107
vn 0.410344 -0.425900 -0.806367
vn -0.073153 -0.994920 0.069161
vn -0.590086 -0.612445 0.526032
vn -0.777032 -0.251552 0.577013
vn -0.051174 -0.724699 -0.687163
vn -0.468719 -0.841075 -0.269991
vn -0.781153 -0.601576 0.167054
vn -0.633709 -0.636873 -0.439095
vn -0.584545 -0.716794 -0.380149
vn -0.779383 -0.621964 -0.075649
vn -0.827365 -0.555022 -0.086131
vn 0.027278 -0.572707 -0.819306
vn -0.861075 -0.442952 0.249688
vn -0.310345 -0.629998 -0.711891
vn -0.311169 -0.690628 -0.652845
vn 0.761880 0.356379 0.540863
vn 0.789178 -0.027852 -0.613533
vn 0.765541 0.033662 -0.642506
vn 0.919000 0.367789 -0.142023
vn 0.953748 0.287279 -0.088524
vn -0.892025 -0.427696 -0.146178
vn -0.835353 -0.545948 -0.064242
vn -0.925978 -0.324566 0.192927
vn -0.808055 -0.125823 0.575513
vn -0.789140 -0.122151 0.601945
vn -0.886981 -0.399920 0.230931
vn -0.424411 0.180539 0.887289
vn -0.442933 0.218569 0.869504
vn 0.707431 0.602706 0.369169
vn 0.130466 0.866013 0.482700
vn 0.700795 0.627728 0.338887
vn 0.226140 0.826721 0.515164
vn 0.753339 0.597018 0.275772
vn 0.319889 0.820094 0.474466
vn 0.255804 0.717335 0.648070
vn 0.083514 0.727546 0.680957
vn -0.369745 0.772950 0.515593
vn -0.416652 0.865175 0.279059
vn -0.426335 0.877050 0.221408
vn 0.275845 -0.774924 0.568685
vn 0.609170 -0.523783 0.595452
vn 0.546452 -0.757567 0.357048
vn 0.327440 -0.883486 0.335015
vn 0.831759 -0.296339 0.469425
vn 0.941963 -0.104572 0.319016
vn 0.711776 -0.657919 0.246004
vn 0.805147 -0.580911 0.119505
vn 0.548975 -0.827121 0.120401
vn 0.466619 -0.857128 0.218169
vn -0.451798 -0.882516 0.130550
vn -0.163482 -0.927432 0.336367
vn 0.069393 -0.973062 0.219853
vn -0.068353 -0.994664 0.077278
vn 0.617039 -0.786705 0.018918
vn -0.586380 -0.809941 -0.012438
vn -0.138828 -0.988160 -0.065312
vn -0.676640 -0.720400 -0.152259
vn -0.180342 -0.957644 -0.224487
vn -0.712465 -0.647757 -0.269825
vn -0.189695 -0.907078 -0.375800
vn 0.667862 -0.736658 -0.106282
vn 0.701080 -0.668074 -0.249327
vn -0.693349 -0.635260 -0.340165
vn -0.709487 -0.606915 -0.358165
vn -0.169716 -0.869240 -0.464347
vn -0.131404 -0.893939 -0.428494
vn -0.649075 -0.715283 -0.258982
vn -0.043993 -0.936960 -0.346656
vn -0.558728 -0.817043 -0.142353
vn 0.021001 -0.990681 -0.134574
vn -0.043318 -0.996053 0.077476
vn -0.126660 0.692160 0.710544
vn -0.623894 0.491173 0.607869
vn -0.388308 -0.921296 -0.020754
vn -0.600783 -0.799333 -0.011264
vn 0.458786 0.473229 -0.752044
vn 0.523399 0.574800 -0.629014
vn 0.556503 0.629293 -0.542489
vn 0.890958 0.039646 0.452351
vn 0.793382 -0.393321 0.464589
vn 0.506696 -0.791749 0.341163
vn 0.642599 0.365486 0.673414
vn 0.539021 0.251531 0.803859
vn 0.960852 0.270649 -0.059275
vn 0.937355 0.339688 0.077311
vn 0.877288 0.223925 0.424528
vn 0.860801 0.339198 0.379429
vn 0.905931 0.360613 0.221918
vn 0.867622 0.233436 0.439020
vn 0.974236 0.191404 -0.119285
vn 0.942320 0.319092 -0.101063
vn 0.946650 0.140044 0.290243
vn 0.969505 0.222136 0.103513
vn 0.950570 0.106882 -0.291536
vn 0.953265 0.169565 -0.250069
vn 0.776730 -0.478477 -0.409573
vn 0.930270 -0.071064 -0.359927
vn 0.235606 -0.953757 -0.186646
vn 0.505871 -0.813900 -0.285763
vn -0.321387 -0.184854 -0.928730
vn -0.080137 -0.218638 -0.972510
vn -0.348844 -0.935263 -0.059925
vn -0.343361 -0.896107 -0.281238
vn -0.330147 -0.783078 -0.527060
vn -0.399184 -0.916127 0.036913
vn -0.462365 -0.885478 0.046330
vn -0.264001 -0.576265 -0.773448
vn -0.514501 -0.851339 0.102516
vn -0.547228 -0.831471 0.095902
vn -0.477408 -0.878233 0.028087
vn -0.495210 -0.868223 0.030913
vn -0.370017 -0.928291 -0.036936
vn -0.548636 -0.835800 -0.020925
vn -0.525982 -0.847782 -0.067888
vn -0.580275 -0.804853 -0.124473
vn -0.513263 -0.858229 0.002112
vn -0.474956 -0.874739 -0.096172
vn -0.195170 -0.973024 0.123014
vn -0.704659 -0.701677 0.105380
vn -0.374912 -0.926363 0.035956
vn -0.525395 -0.846906 -0.081922
vn -0.819566 -0.570113 0.057290
vn -0.901230 -0.433170 -0.012147
vn -0.657832 -0.736124 -0.159308
vn -0.952269 -0.162923 0.258146
vn -0.979427 -0.046671 0.196326
vn -0.930677 -0.248305 0.268673
vn -0.855439 0.239368 0.459268
vn -0.816172 0.413649 0.403431
vn -0.880975 0.172386 0.440643
vn -0.492040 0.592627 0.637722
vn 0.056834 0.728091 0.683120
vn -0.265493 0.790106 0.552490
vn -0.527276 -0.845122 0.088031
vn -0.666979 -0.685668 0.291547
vn -0.340847 -0.940069 0.009639
vn 0.066092 -0.978235 0.196692
vn -0.281403 -0.955435 0.089195
vn -0.295944 -0.938795 0.176297
vn -0.311237 -0.948168 0.064101
vn -0.244207 -0.966707 -0.076419
vn -0.241174 -0.970441 -0.008927
vn 0.131390 -0.991278 -0.010186
vn -0.271302 -0.954437 0.124279
vn -0.296358 -0.954654 0.028411
vn -0.178066 -0.970627 -0.161790
vn -0.061620 -0.994243 -0.087663
vn -0.076701 -0.996907 0.017133
vn -0.283854 -0.951939 -0.115061
vn -0.457671 -0.795940 -0.396255
vn -0.488194 -0.556750 -0.672083
vn 0.431792 0.359399 -0.827277
vn 0.768247 0.599509 -0.224466
vn 0.722524 0.445033 0.529059
vn 0.668548 0.103689 0.736405
vn 0.986538 -0.044892 -0.157252
vn 0.846153 0.529009 0.064612
vn 0.804802 0.514696 0.295602
vn 0.630337 0.549515 0.548370
vn 0.542019 0.671013 0.505922
vn 0.661271 0.737251 0.138498
vn 0.747020 0.617244 -0.246924
vn 0.834786 0.471392 -0.284466
vn 0.875052 0.472740 -0.103932
vn 0.854157 0.507125 0.115061
vn 0.785937 0.603131 0.136147
vn 0.756766 0.621296 -0.203216
vn 0.687559 0.487361 -0.538276
vn 0.785093 0.299469 -0.542170
vn 0.940563 0.258747 -0.219981
vn 0.943798 0.328582 -0.035760
vn 0.826084 0.494224 -0.270791
vn 0.598675 0.493631 -0.630807
vn -0.668392 -0.476062 0.571504
vn -0.529792 -0.174271 0.830030
vn -0.356015 -0.268449 0.895091
vn -0.494530 -0.575437 0.651393
vn 0.494928 0.862051 0.109152
vn 0.460248 0.832194 0.309233
vn 0.585371 0.793084 -0.168401
vn 0.626872 0.764526 -0.150104
vn 0.643157 0.764766 0.038499
vn 0.645440 0.686810 -0.334216
vn 0.570707 0.578273 -0.583004
vn 0.717998 0.644698 -0.262381
vn 0.217935 0.844017 0.490041
vn 0.593477 0.804622 0.019206
vn 0.629222 0.770810 -0.099657
vn 0.593642 0.792230 -0.141286
vn 0.574045 0.817688 -0.043115
vn 0.382848 0.859166 0.339502
vn 0.461548 0.868370 0.181403
vn 0.475408 0.868496 0.140362
vn 0.540759 0.831594 0.126613
vn 0.538301 0.654292 -0.531163
vn 0.548741 0.715189 -0.432884
vn 0.621056 0.721252 -0.306733
vn 0.481810 0.864692 0.142010
vn 0.443309 0.874765 0.195607
vn 0.606092 0.764108 -0.220889
vn 0.582821 0.806062 -0.102879
vn 0.522995 0.838030 0.155504
vn 0.584682 0.699907 0.410216
vn 0.670822 0.709933 0.214462
vn 0.692079 0.720706 0.040110
vn 0.797062 0.451675 -0.400852
vn 0.875422 0.467463 -0.122943
vn 0.864781 0.453809 -0.214968
vn 0.693169 0.687439 -0.216668
vn 0.740541 0.620213 -0.258718
vn 0.760555 0.638280 -0.118973
vn 0.615970 0.779062 -0.116809
vn 0.763520 0.642483 0.065214
vn 0.246533 0.607996 0.754694
vn 0.296582 0.607825 0.736606
vn 0.360472 0.879228 0.311479
vn 0.369202 0.868103 0.331792
vn 0.263663 0.844809 0.465596
vn 0.857494 -0.496627 -0.134409
vn 0.545012 -0.835396 -0.071241
vn 0.607691 0.765418 -0.211771
vn 0.639497 0.734673 -0.226494
vn 0.632218 0.743788 -0.216979
vn 0.609660 0.761639 -0.219591
vn 0.534748 0.844684 -0.023541
vn 0.566075 0.824312 -0.008282
vn 0.570904 0.821010 -0.003468
vn 0.558986 0.823617 -0.095860
vn 0.516771 0.851852 -0.085414
vn 0.443104 0.890157 0.106205
vn 0.452902 0.883111 0.122451
vn 0.503875 0.863579 0.018453
vn -0.408870 -0.888570 -0.208010
vn -0.248747 -0.946997 -0.203279
vn -0.199291 -0.965992 -0.164750
vn -0.303020 -0.942432 -0.141425
vn -0.171605 -0.977830 -0.119999
vn -0.139450 -0.975187 -0.171942
vn -0.164766 -0.981151 -0.100972
vn -0.255998 -0.949362 -0.182147
vn -0.452071 -0.875172 -0.172355
vn 0.223751 0.681916 0.696366
vn 0.198768 0.790142 0.579799
vn 0.200672 0.686239 0.699147
vn 0.230643 0.813442 0.533962
vn -0.824673 -0.286531 0.487662
vn -0.836421 -0.520319 0.172248
vn -0.582579 0.082752 0.808550
vn -0.176464 0.392886 0.902497
vn 0.640014 0.639293 0.426246
vn 0.294074 0.590927 0.751216
vn 0.787967 0.603223 0.123412
vn 0.825828 0.548072 -0.132757
vn 0.780726 0.358343 -0.511915
vn 0.219720 -0.212105 -0.952226
vn 0.532677 0.067119 -0.843653
vn -0.186219 -0.538249 -0.821955
vn -0.484084 -0.717290 -0.501156
vn -0.611744 -0.736740 -0.288070
vn -0.723566 -0.683615 -0.095513
vn -0.804573 -0.588894 0.076589
vn 0.795351 0.602423 0.067100
vn 0.178372 0.947159 0.266597
vn 0.390867 0.898505 0.199781
vn 0.386238 0.890438 0.240709
vn 0.136775 0.942459 0.305064
vn 0.089179 0.903986 0.418158
vn 0.479795 0.823356 0.303121
vn 0.284257 0.895271 0.343056
vn 0.559770 0.788028 0.256261
vn -0.166005 0.894770 0.414524
vn -0.254598 0.902145 0.348302
vn -0.058958 0.468003 0.881758
vn 0.573610 0.432868 0.695411
vn 0.828797 0.329131 0.452514
vn 0.646175 0.721009 0.250207
vn 0.917940 0.251133 0.307112
vn 0.487625 0.861075 0.144122
vn 0.970816 0.174939 -0.164048
vn 0.780760 0.611461 -0.128565
vn 0.873922 0.483399 -0.050849
vn 0.999828 -0.016185 0.009065
vn 0.911539 0.331553 -0.243249
vn 0.763708 0.629903 -0.141320
vn 0.579634 0.807946 0.106054
vn 0.712719 0.695600 0.090396
vn 0.810879 0.545396 -0.212176
vn 0.867436 0.373299 -0.328941
vn 0.917360 0.254476 -0.306093
vn 0.939359 0.257745 -0.226211
vn 0.893607 0.392780 -0.217234
vn 0.897493 0.319442 -0.304078
vn 0.854375 0.508311 0.107996
vn 0.553036 0.726407 0.408024
vn 0.541768 0.789159 0.289335
vn 0.791611 0.609372 0.044916
vn -0.033636 0.878759 0.476079
vn -0.179404 0.781250 0.597882
vn 0.892939 0.380203 0.241051
vn 0.501562 0.553465 0.664915
vn -0.361346 0.491578 0.792326
vn 0.855384 0.188179 -0.482604
vn 0.844328 0.146959 -0.515280
vn 0.961023 0.196624 -0.194353
vn 0.833733 0.195541 -0.516384
vn 0.455574 0.138873 -0.879299
vn 0.480348 0.189364 -0.856392
vn 0.456464 0.130813 -0.880073
vn -0.930449 0.081749 -0.357186
vn -0.928734 0.008632 -0.370647
vn -0.438914 0.091328 -0.893876
vn -0.418248 0.174677 -0.891379
vn -0.917184 0.090407 -0.388072
vn -0.422146 0.083656 -0.902660
vn -0.999258 0.020163 0.032832
vn -0.934097 0.072418 0.349599
vn -0.869080 0.085083 0.487300
vn -0.999543 0.003626 0.030026
vn -0.994211 0.099745 0.039942
vn -0.963023 0.080174 0.257213
vn -0.719799 0.514781 0.465714
vn -0.888810 0.316647 0.331288
vn -0.876426 0.396608 0.273093
vn -0.607323 0.675956 0.417423
vn -0.751080 0.268766 0.603029
vn -0.370442 0.156049 0.915654
vn -0.690141 0.070332 0.720250
vn 0.474447 0.267147 0.838769
vn 0.913769 0.212894 0.345981
vn 0.813408 0.065037 -0.578046
vn 0.969870 0.114653 -0.214958
vn 0.397918 0.023875 -0.917111
vn -0.936468 -0.077779 -0.342020
vn -0.470483 -0.057875 -0.880509
vn -0.848662 0.022169 0.528471
vn -0.997692 -0.036647 0.057156
vn -0.947461 0.080109 0.309677
vn -0.963135 0.061526 0.261890
vn -0.885998 0.221369 0.407434
vn -0.988035 0.036625 0.149818
vn -0.321696 0.883234 0.341189
vn -0.450854 0.811839 0.371008
vn -0.599008 0.666735 0.443457
vn -0.800046 0.205368 0.563693
vn -0.692771 0.621614 0.365603
vn -0.775752 0.564364 0.282317
vn -0.915753 0.187181 0.355471
vn -0.970366 0.133023 0.201730
vn -0.841921 0.491291 0.223163
vn -0.992530 0.097016 0.073981
vn 0.877303 -0.377125 -0.296845
vn 0.894382 -0.216902 -0.391197
vn 0.870138 -0.465176 -0.162698
vn 0.923113 -0.097417 -0.371984
vn 0.921066 -0.097559 -0.376988
vn 0.796880 -0.139978 -0.587697
vn 0.397343 -0.219004 -0.891154
vn 0.062322 -0.111799 0.991775
vn 0.051168 -0.145101 0.988093
vn 0.667177 -0.030034 0.744294
vn 0.689023 -0.013988 0.724605
vn -0.395684 -0.178953 0.900783
vn -0.427816 -0.239946 0.871436
vn -0.147766 -0.060347 0.987180
vn 0.579125 0.047548 0.813851
vn 0.605702 -0.002906 0.795687
vn -0.046442 -0.102467 0.993652
vn 0.527537 0.114135 0.841830
vn -0.270330 -0.004475 0.962757
vn 0.916704 0.053368 0.395987
vn 0.913670 0.025371 0.405665
vn 0.911070 0.035853 0.410690
vn 0.910870 0.042551 0.410493
vn 0.921342 0.110375 0.372755
vn 0.748875 -0.057653 -0.660199
vn 0.956039 -0.005810 -0.293181
vn 0.966221 0.029238 -0.256052
vn 0.776587 -0.021865 -0.629630
vn 0.261129 -0.138659 -0.955293
vn 0.334652 -0.081529 -0.938808
vn -0.944116 -0.161992 -0.287062
vn -0.940211 -0.227210 -0.253729
vn -0.569695 -0.230352 -0.788914
vn -0.523483 -0.168846 -0.835138
vn -0.855304 -0.204005 0.476275
vn -0.972552 -0.220128 0.075407
vn -0.987125 -0.140134 0.077115
vn -0.853262 -0.114033 0.508862
vn -0.640358 -0.158590 0.751526
vn -0.675762 -0.087859 0.731865
vn -0.573391 -0.205966 0.792970
vn -0.836841 -0.281227 0.469690
vn -0.947602 -0.309931 0.077419
vn -0.734938 -0.261930 0.625507
vn -0.923764 -0.314871 0.217982
vn -0.893906 -0.419259 0.158601
vn -0.751749 -0.348175 0.560043
vn -0.917555 -0.309860 -0.249157
vn -0.582415 -0.284022 -0.761659
vn 0.190682 -0.183354 -0.964376
vn 0.722906 -0.096985 -0.684106
vn 0.956546 -0.039993 -0.288826
vn -0.850544 -0.450354 -0.271580
vn -0.906812 -0.314418 -0.280773
vn -0.537175 -0.218351 -0.814719
vn -0.508915 -0.371884 -0.776343
vn 0.672786 -0.136143 -0.727203
vn 0.649314 -0.016316 -0.760345
vn 0.980236 0.028532 -0.195763
vn 0.975483 -0.052491 -0.213722
vn 0.090129 -0.238562 -0.966936
vn 0.051049 -0.096278 -0.994045
vn 0.684863 0.019925 0.728400
vn 0.905507 0.070153 0.418492
vn 0.603261 0.208307 -0.769860
vn 0.960619 0.185359 -0.207011
vn 0.001694 0.136113 -0.990692
vn -0.959977 -0.096582 -0.262901
vn -0.578919 0.020986 -0.815115
vn -0.734717 -0.125781 0.666611
vn -0.955776 -0.141474 0.257833
vn -0.400621 -0.096888 0.911107
vn 0.037240 -0.067922 0.996995
vn -0.048147 0.739149 0.671819
vn -0.088959 0.628626 0.772603
vn 0.897401 0.256354 0.359102
vn 0.771134 0.440325 0.459856
vn 0.730685 0.400321 0.553030
vn 0.855021 0.280882 0.435941
vn 0.963641 0.061056 0.260131
vn 0.952147 0.122295 0.280106
vn 0.935826 0.127728 0.328504
vn 0.952052 0.031007 0.304362
vn 0.942784 -0.019302 0.332844
vn 0.968026 -0.015606 0.250363
vn 0.973918 -0.212104 0.080601
vn 0.976246 -0.208029 0.060570
vn 0.975586 -0.218812 0.018797
vn 0.971369 -0.203281 0.122964
vn 0.997429 0.035999 0.061959
vn 0.983173 0.055192 0.174138
vn 0.986366 -0.077059 0.145407
vn 0.989957 -0.140113 0.018833
vn 0.883219 -0.427857 0.191995
vn 0.756693 -0.641622 0.125451
vn 0.931751 -0.348426 0.102170
vn 0.959749 -0.270960 0.073910
vn 0.907608 -0.201588 0.368253
vn 0.942407 -0.178252 0.283012
vn 0.959163 -0.129074 0.251688
vn 0.927710 -0.122356 0.352680
vn 0.623799 0.183960 0.759628
vn 0.491856 -0.069428 0.867904
vn 0.475246 0.011692 0.879775
vn 0.575662 -0.104307 0.811008
vn 0.672147 -0.079319 0.736157
vn 0.605838 -0.002371 0.795585
vn 0.713008 -0.122772 0.690324
vn 0.841910 -0.071516 0.534858
vn 0.882584 -0.080434 0.463223
vn 0.747689 -0.235703 0.620810
vn 0.876234 0.072496 0.476402
vn 0.774579 -0.067204 0.628897
vn 0.639287 0.309490 0.703937
vn 0.531980 0.217149 0.818440
vn 0.678903 0.151104 0.718511
vn 0.775272 0.245975 0.581765
vn 0.978892 0.190168 0.074880
vn 0.971533 0.139765 0.191284
vn 0.827262 0.503693 0.248862
vn 0.941330 0.269068 0.203717
vn 0.938658 0.337310 0.071715
vn 0.828456 0.553091 0.088047
vn 0.237063 -0.262540 0.935347
vn 0.284603 0.723395 0.629048
vn 0.231609 0.576025 0.783934
vn 0.302899 0.810348 0.501586
vn 0.314017 0.882904 0.349105
vn 0.313847 0.941832 0.120216
vn 0.150825 0.209571 0.966091
vn 0.179211 0.378755 0.907980
vn 0.909122 -0.169938 0.380288
vn 0.959613 -0.112747 0.257744
vn 0.967719 -0.150699 0.202013
vn 0.966200 -0.154201 0.206592
vn 0.971046 0.064159 0.230117
vn 0.975064 -0.038025 0.218640
vn 0.962929 0.123473 0.239837
vn 0.800792 0.462339 0.380757
vn 0.927157 0.240727 0.287109
vn 0.929436 -0.206431 -0.305834
vn 0.957716 0.012083 -0.287461
vn 0.367106 0.052127 -0.928717
vn 0.364475 -0.163621 -0.916726
vn 0.677210 0.015403 -0.735628
vn 0.822684 -0.005020 -0.568477
vn 0.805352 -0.203464 -0.556786
vn 0.683088 -0.174767 -0.709117
vn 0.943884 -0.220750 -0.245668
vn 0.994715 -0.077741 -0.067069
vn 0.922054 -0.014687 -0.386783
vn 0.794436 0.067584 -0.603576
vn 0.727758 -0.146312 -0.670045
vn 0.848128 -0.198501 -0.491199
vn 0.388070 -0.125912 -0.912989
vn 0.403999 0.075125 -0.911669
vn 0.939572 0.240078 -0.244063
vn 0.799784 0.323118 -0.505905
vn 0.372737 0.293250 -0.880382
vn 0.837246 -0.090192 0.539337
vn 0.714870 -0.030630 0.698586
vn 0.350594 0.220265 0.910257
vn 0.436918 0.347642 0.829607
vn 0.583859 0.600535 0.546321
vn 0.529898 0.509371 0.678048
vn 0.636697 0.707782 0.306041
vn 0.608462 0.652180 0.452146
vn 0.657449 0.745316 0.110749
vn 0.315137 -0.189846 0.929864
vn 0.303836 -0.140529 0.942303
vn 0.481190 -0.100261 0.870864
vn 0.394611 0.038038 0.918061
vn 0.757680 -0.221760 0.613795
vn 0.668388 -0.204759 0.715074
vn 0.579673 -0.159178 0.799151
vn 0.689878 -0.159115 0.706223
vn 0.526112 -0.132212 0.840075
vn 0.519115 -0.041185 0.853711
vn 0.343240 -0.066129 0.936917
vn 0.336622 -0.148048 0.929929
vn 0.495602 0.077828 0.865056
vn 0.315663 -0.024966 0.948543
vn 0.549352 0.044306 0.834416
vn 0.625587 -0.226480 0.746557
vn 0.350549 -0.347672 0.869620
vn 0.325751 -0.078905 0.942157
vn 0.707305 0.246881 0.662397
vn 0.396275 -0.426351 0.813137
vn 0.748611 -0.071845 0.659106
vn 0.652117 -0.328313 0.683340
vn 0.520247 -0.103689 0.847698
vn 0.627789 -0.028022 0.777879
vn 0.524074 -0.190724 0.830043
vn 0.585262 0.277919 0.761728
vn 0.407076 -0.116836 0.905891
vn 0.423510 0.012519 0.905805
vn 0.425310 0.215950 0.878907
vn 0.648794 0.291342 0.702983
vn 0.824879 -0.149972 0.545052
vn 0.853892 -0.167198 0.492863
vn 0.819773 -0.192442 0.539387
vn 0.777959 -0.147957 0.610646
vn 0.519253 0.001424 0.854620
vn 0.451688 0.037911 0.891370
vn 0.594325 -0.067643 0.801375
vn 0.463777 -0.082547 0.882098
vn 0.605944 -0.071857 0.792256
vn 0.613595 -0.125752 0.779543
vn 0.753560 -0.147247 0.640676
vn 0.714213 -0.102112 0.692439
vn 0.677996 -0.141951 0.721229
vn 0.824257 -0.355895 0.440385
vn 0.781932 -0.186975 0.594661
vn 0.644754 -0.155607 0.748384
vn 0.793124 -0.310880 0.523744
vn 0.658899 -0.124275 0.741895
vn 0.305575 -0.364942 0.879455
vn 0.825643 -0.462366 0.323313
vn 0.819882 -0.504401 0.270875
vn 0.867281 -0.209170 0.451744
vn 0.849124 -0.205557 0.486554
vn 0.638020 -0.762823 0.105033
vn 0.647421 -0.755384 0.101197
vn 0.670137 -0.727469 0.147326
vn 0.660334 -0.717570 0.221478
vn 0.304342 -0.829052 0.469093
vn 0.494953 -0.130340 0.859089
vn 0.509410 -0.145774 0.848087
vn 0.559972 -0.263326 0.785551
vn 0.584678 -0.623660 0.518845
vn 0.358411 -0.933373 0.018878
vn 0.300118 -0.953365 0.032008
vn 0.661404 -0.584422 0.470103
vn 0.463557 -0.880293 0.100998
vn 0.989472 0.124981 0.072969
vn 0.763670 -0.423903 0.486943
vn 0.929504 -0.167050 0.328811
vn 0.695302 -0.040956 0.717550
vn 0.879242 0.015863 0.476112
vn 0.575491 -0.148041 0.804297
vn 0.073880 0.652416 0.754251
vn 0.035278 0.805543 0.591486
vn 0.089400 -0.114462 0.989397
vn 0.382749 -0.278925 0.880741
vn 0.267308 -0.294324 0.917562
vn -0.069372 -0.194702 0.978406
vn 0.474913 -0.077212 0.876639
vn 0.765854 -0.169101 0.620382
vn 0.686487 -0.285104 0.668918
vn 0.860940 -0.251047 0.442446
vn 0.739252 -0.353687 0.573073
vn 0.548834 -0.200491 0.811532
vn 0.580686 -0.051581 0.812492
vn -0.098127 -0.137665 0.985606
vn -0.431927 -0.453192 0.779780
vn -0.326784 -0.515877 0.791885
vn -0.013237 -0.172462 0.984927
vn 0.846892 0.516911 -0.124807
vn 0.803439 0.589829 -0.081160
vn 0.763101 0.621073 0.178733
vn 0.815413 0.557435 0.156102
vn 0.775141 0.447814 -0.445666
vn 0.786471 0.373124 -0.492181
vn 0.014635 -0.244296 -0.969590
vn 0.373174 0.054537 -0.926157
vn 0.436366 0.049136 -0.898426
vn 0.100491 -0.315682 -0.943529
vn -0.659356 -0.663191 0.354159
vn -0.538912 -0.759266 0.364813
vn -0.689660 -0.724016 -0.013067
vn -0.664332 -0.734280 -0.139630
vn -0.563564 -0.812832 -0.147311
vn -0.604719 -0.795734 -0.033496
vn -0.464454 -0.763979 0.447904
vn -0.217406 -0.575942 0.788052
vn -0.588026 -0.761356 -0.273061
vn -0.684870 -0.724469 -0.078087
vn 0.361980 0.113086 -0.925301
vn -0.060771 -0.379491 -0.923198
vn 0.735611 0.646919 -0.200930
vn 0.671117 0.485343 -0.560396
vn 0.705160 0.699421 0.116449
vn 0.032345 -0.241746 0.969800
vn 0.751309 0.658177 -0.048340
vn 0.768851 0.521141 -0.370513
vn 0.673732 0.630335 -0.385699
vn 0.618263 0.785356 -0.031101
vn 0.686045 0.358653 -0.633017
vn 0.613290 0.401186 -0.680386
vn 0.399103 -0.019434 -0.916700
vn 0.420528 -0.034418 -0.906626
vn 0.140628 -0.349004 -0.926510
vn 0.003995 -0.403586 -0.914933
vn 0.596574 0.739223 -0.312489
vn 0.527235 0.849238 0.028596
vn 0.575230 0.512221 -0.637762
vn 0.350865 0.017739 -0.936258
vn 0.460938 -0.103807 -0.881340
vn 0.091675 -0.458945 -0.883723
vn -0.071377 -0.408562 -0.909936
vn 0.832284 0.458304 -0.311867
vn 0.822365 0.466049 -0.326365
vn 0.811121 0.583323 -0.042623
vn 0.819752 0.572625 -0.010361
vn 0.715442 -0.199994 0.669436
vn 0.527110 -0.109860 0.842666
vn 0.895014 -0.169680 0.412503
vn 0.867642 -0.309003 0.389504
vn 0.933888 -0.332922 -0.130446
vn 0.905935 -0.412143 -0.097052
vn 0.687019 -0.399715 -0.606822
vn 0.689855 -0.311958 -0.653286
vn 0.312908 -0.346249 -0.884421
vn 0.324212 -0.252193 -0.911748
vn -0.039755 -0.221217 -0.974414
vn -0.055819 -0.289494 -0.955551
vn 0.542334 0.001439 0.840162
vn 0.515724 -0.087089 0.852317
vn 0.686115 -0.041332 0.726318
vn 0.688974 0.067394 0.721646
vn 0.880086 0.026980 0.474046
vn 0.880885 0.130731 0.454919
vn 0.770086 -0.078494 -0.633093
vn 0.796635 0.138172 -0.588457
vn 0.518981 0.234081 -0.822110
vn 0.440275 -0.004444 -0.897852
vn 0.108564 0.114098 -0.987520
vn 0.133947 0.282267 -0.949939
vn 0.698506 0.605537 0.381333
vn 0.686353 0.638014 0.349082
vn 0.408165 0.538642 0.737066
vn 0.432948 0.497339 0.751804
vn -0.366340 -0.107577 0.924242
vn -0.342072 -0.145644 0.928318
vn 0.021339 0.210416 0.977379
vn -0.019440 0.239117 0.970796
vn 0.775156 0.329989 -0.538739
vn 0.802566 0.314075 -0.507193
vn 0.496505 -0.087266 -0.863636
vn 0.557871 -0.131103 -0.819507
vn 0.276728 -0.480148 -0.832394
vn 0.232111 -0.407469 -0.883229
vn -0.375372 -0.880476 -0.289583
vn -0.393864 -0.897864 -0.196752
vn -0.526668 -0.834936 0.159698
vn -0.500484 -0.858686 0.110338
vn 0.687041 0.587633 0.427391
vn 0.743015 0.541929 0.392736
vn 0.642968 0.669114 0.372665
vn -0.536520 -0.486663 0.689424
vn -0.151480 -0.166683 0.974305
vn 0.823448 0.552374 0.129679
vn 0.773052 0.449439 0.447656
vn 0.519801 -0.154973 0.840114
vn 0.404939 0.174491 0.897540
vn 0.759853 0.636258 -0.133415
vn 0.199106 0.065537 0.977784
vn 0.261877 -0.044661 0.964067
vn -0.168986 0.135179 0.976304
vn 0.167231 0.134768 0.976664
vn 0.361122 0.137313 0.922354
vn 0.324531 0.276651 0.904513
vn 0.144130 0.376468 0.915149
vn -0.150693 0.361889 0.919961
vn 0.119700 0.484670 0.866468
vn -0.111891 0.484733 0.867476
vn 0.240118 0.406280 0.881635
vn 0.458869 -0.011309 0.888432
vn 0.665865 0.103556 0.738851
vn -0.122512 -0.364567 0.923083
vn 0.460011 -0.621621 0.634017
vn 0.481794 -0.692155 0.537398
vn -0.508352 -0.648826 0.566218
vn 0.321151 -0.150116 0.935055
vn 0.478478 -0.318997 0.818107
vn 0.897356 0.440289 0.029976
vn 0.799742 0.513331 -0.311295
vn 0.709770 0.498014 0.498205
vn 0.842546 0.303152 0.445213
vn 0.768865 0.637880 0.044234
vn 0.490236 0.861596 0.131609
vn 0.309217 0.915904 0.255940
vn 0.223027 0.797991 0.559884
vn 0.446266 0.716179 0.536595
vn 0.692348 0.599834 -0.401064
vn 0.471474 0.806737 -0.356213
vn 0.426363 0.878377 -0.216030
vn 0.439150 0.659404 -0.610191
vn 0.409419 0.622011 -0.667442
vn 0.915784 -0.128561 0.380543
vn -0.602930 -0.782701 0.154446
vn 0.654405 -0.661415 0.366449
vn -0.760650 -0.606045 0.232642
vn 0.178415 -0.192906 0.964860
vn 0.104681 -0.582300 0.806206
vn -0.522272 -0.301453 0.797720
vn -0.144544 -0.072268 0.986856
vn -0.110865 -0.865834 0.487893
vn -0.783323 -0.454911 0.423628
vn 0.162453 0.126891 0.978523
vn 0.286741 0.033202 0.957433
vn 0.270326 -0.130848 0.953836
vn 0.441337 -0.066938 0.894841
vn 0.564591 0.247691 0.787329
vn 0.651308 0.032438 0.758120
vn 0.872049 0.057914 0.485980
vn 0.856953 0.264743 0.442202
vn 0.601147 0.268181 0.752796
vn -0.920387 -0.390942 0.007246
vn -0.979622 -0.188697 -0.068802
vn -0.946518 -0.123600 0.298037
vn -0.732422 -0.054941 0.678630
vn -0.324293 0.035931 0.945274
vn 0.167385 0.124150 0.978043
vn 0.669101 0.203746 0.714696
vn 0.923821 0.246719 0.292720
vn 0.889720 0.300698 0.343482
vn 0.769111 -0.078871 0.634230
vn -0.312975 -0.050723 0.948406
vn -0.308374 -0.169905 0.935969
vn 0.222582 -0.042927 0.973969
vn 0.205948 0.054499 0.977044
vn -0.453107 -0.313415 0.834545
vn -0.268119 -0.188101 0.944844
vn 0.194728 0.014056 0.980757
vn 0.230773 -0.153308 0.960854
vn -0.340026 -0.239657 0.909367
vn 0.220040 -0.115073 0.968680
vn 0.735472 0.056277 0.675214
vn 0.708746 0.137584 0.691918
vn 0.756721 -0.014479 0.653578
vn 0.784020 -0.001362 0.620735
vn 0.681283 0.147333 0.717040
vn -0.723421 -0.294064 0.624651
vn -0.918003 -0.349645 0.187130
vn -0.915857 -0.363252 0.171036
vn -0.740683 -0.340150 0.579384
vn -0.921126 -0.348335 0.173753
vn -0.920826 -0.347203 0.177565
vn -0.754274 -0.392948 0.525988
vn -0.761530 -0.365695 0.535106
vn 0.944238 0.064815 0.322822
vn 0.892091 0.052185 0.448833
vn 0.936017 0.049911 0.348397
vn 0.795734 0.115616 -0.594509
vn 0.803601 0.195380 -0.562185
vn 0.506682 0.208427 -0.836560
vn 0.515237 0.033498 -0.856393
vn -0.018019 0.125287 -0.991957
vn -0.010430 -0.104838 -0.994435
vn -0.896915 -0.229055 -0.378256
vn -0.885561 -0.302733 -0.352327
vn -0.569082 -0.222877 -0.791500
vn -0.593059 -0.056032 -0.803207
vn -0.910776 -0.354026 -0.212494
vn -0.920620 -0.345809 -0.181315
vn -0.723128 -0.285820 -0.628803
vn -0.675292 -0.333952 -0.657615
vn -0.098909 -0.244883 -0.964494
vn -0.164074 -0.141938 -0.976183
vn 0.472132 -0.002725 -0.881524
vn 0.539540 -0.100110 -0.835987
vn 0.820656 0.054596 -0.568809
vn 0.846756 -0.018252 -0.531668
vn 0.961143 0.089015 0.261307
vn 0.969413 0.014807 0.244988
vn 0.946180 0.171526 0.274448
vn 0.784579 0.118973 -0.608507
vn 0.404625 0.059889 -0.912520
vn -0.228280 -0.073409 -0.970824
vn -0.947852 -0.284626 -0.143405
vn -0.753032 -0.232052 -0.615707
vn -0.915888 -0.362136 0.173227
vn -0.755506 -0.357842 0.548781
vn -0.602812 -0.340011 -0.721810
vn -0.894331 -0.354625 -0.272786
vn 0.547454 -0.130775 -0.826554
vn -0.020682 -0.274262 -0.961433
vn 0.834741 -0.020600 -0.550258
vn 0.770431 -0.050471 0.635523
vn 0.966677 0.010424 0.255789
vn 0.227344 -0.160653 0.960471
vn -0.375374 -0.286670 0.881428
vn -0.743683 -0.297815 0.598534
vn -0.949879 -0.212993 0.228831
vn -0.957051 -0.051866 -0.285244
vn -0.625925 0.147220 -0.765861
vn -0.035074 0.310742 -0.949847
vn 0.518387 0.380272 -0.765943
vn 0.865546 0.296689 -0.403492
vn 0.834980 -0.117185 0.537658
vn 0.938909 0.010213 0.344015
vn 0.728629 -0.239500 0.641669
vn 0.131221 -0.512872 0.848377
vn 0.051457 -0.381990 0.922733
vn -0.596778 -0.407591 0.691177
vn -0.510306 -0.366298 0.778083
vn -0.368376 -0.530416 0.763517
vn -0.365297 -0.372584 0.853077
vn 0.914335 0.073735 0.398189
vn 0.719811 -0.030263 0.693510
vn 0.533617 0.398286 -0.746071
vn 0.904968 0.337357 -0.259274
vn -0.036894 0.311280 -0.949602
vn -0.971837 0.048557 -0.230599
vn -0.609007 0.181533 -0.772112
vn -0.741671 -0.080308 0.665939
vn -0.962231 -0.032898 0.270241
vn 0.012015 -0.148678 0.988813
vn -0.445061 -0.132161 0.885694
vn -0.492548 -0.248150 0.834157
vn 0.017946 -0.140387 0.989934
vn -0.910121 -0.401305 0.103120
vn -0.791911 -0.350239 0.500208
vn -0.553464 -0.339632 -0.760479
vn -0.874730 -0.404116 -0.267465
vn 0.693787 -0.129300 -0.708479
vn 0.129400 -0.224652 -0.965809
vn 0.964859 -0.057090 -0.256492
vn 0.629798 -0.024505 0.776372
vn 0.911823 0.031307 0.409389
vn 0.425041 -0.095280 -0.900145
vn 0.837176 0.126512 -0.532100
vn -0.239695 -0.224559 -0.944521
vn -0.731306 -0.159434 0.663153
vn -0.940934 -0.243352 0.235419
vn -0.778679 -0.244423 -0.577854
vn 0.757244 -0.004850 -0.653114
vn 0.837253 0.166100 -0.520978
vn 0.914801 0.221988 -0.337433
vn 0.381745 -0.386971 -0.839359
vn -0.238986 -0.586718 -0.773723
vn 0.854334 0.114959 -0.506852
vn 0.947796 0.127371 -0.292335
vn 0.828268 0.188128 -0.527807
vn 0.951739 0.114998 -0.284549
vn 0.620854 0.177699 -0.763521
vn 0.570916 0.284999 -0.769955
vn 0.279498 -0.123646 0.952152
vn 0.276095 -0.036761 0.960427
vn 0.289014 -0.182575 0.939754
vn 0.565024 -0.192565 0.802289
vn 0.726882 -0.227748 0.647900
vn 0.901490 -0.217767 0.374022
vn 0.964339 0.002395 -0.264660
vn 0.947322 0.096403 -0.305429
vn 0.325380 -0.307045 -0.894344
vn 0.727977 -0.331986 -0.599862
vn 0.949679 -0.301688 -0.084222
vn -0.022459 -0.235350 -0.971651
vn 0.137676 0.320500 -0.937190
vn -0.102095 -0.474504 -0.874313
vn 0.036980 -0.102609 -0.994034
vn 0.306517 -0.395361 -0.865874
vn 0.528006 -0.033518 -0.848579
vn 0.622210 0.120254 -0.773559
vn 0.159513 0.238033 -0.958069
vn 0.142189 0.095742 -0.985198
vn 0.284437 -0.098711 0.953599
vn 0.577863 -0.060028 0.813923
vn 0.726847 -0.017586 0.686574
vn 0.910549 0.050850 0.410261
vn 0.983324 -0.094083 -0.155635
vn 0.761999 -0.195393 -0.617397
vn 0.362914 -0.176145 -0.915023
vn 0.043910 -0.077341 -0.996037
vn -0.714177 -0.525794 -0.462053
vn -0.052108 -0.974476 -0.218363
vn -0.341406 -0.935255 -0.093494
vn -0.438579 -0.864997 -0.243779
vn -0.158772 -0.968076 -0.193960
vn 0.345441 -0.922735 -0.170969
vn 0.454339 -0.868097 -0.199959
vn -0.216672 -0.972426 -0.086257
vn -0.075637 -0.976072 -0.203871
vn -0.132789 -0.989454 -0.057869
vn -0.224971 -0.972261 0.064009
vn 0.341553 -0.933664 -0.107762
vn 0.849832 -0.526844 0.014874
vn 0.348539 -0.937288 0.003438
vn 0.701611 -0.666824 0.251173
vn 0.625015 -0.674250 0.393375
vn -0.003880 -0.999964 0.007525
vn -0.011946 -0.998586 0.051792
vn 0.505789 -0.599371 0.620428
vn 0.028135 -0.998721 0.041999
vn -0.069568 -0.997117 -0.030292
vn -0.041385 -0.998759 0.027692
vn -0.046147 -0.998085 -0.041188
vn -0.000729 -0.999430 0.033747
vn 0.018560 -0.998434 0.052779
vn -0.045224 -0.993467 0.104773
vn 0.028909 -0.998652 0.043101
vn -0.218938 -0.520950 0.825032
vn -0.086141 -0.987612 0.131154
vn 0.090254 -0.994721 0.048826
vn -0.188881 -0.971404 0.143872
vn -0.092930 -0.995465 -0.020317
vn 0.074086 -0.997115 -0.016505
vn -0.789667 -0.610738 0.058525
vn -0.845698 -0.513572 -0.145045
vn -0.738954 -0.619950 0.263833
vn -0.157714 -0.983530 0.088287
vn -0.679089 -0.617426 0.397018
vn -0.397133 -0.286703 -0.871830
vn -0.880003 -0.195059 -0.433067
vn -0.997581 -0.063400 0.028508
vn -0.957647 -0.047341 0.284028
vn -0.909626 -0.343701 0.233346
vn -0.933982 -0.169208 0.314716
vn -0.864800 -0.501276 0.029046
vn 0.183756 0.088398 -0.978989
vn 0.228287 0.096404 -0.968809
vn -0.160610 -0.184830 -0.969558
vn -0.106564 -0.289801 -0.951136
vn 0.194537 -0.058315 -0.979160
vn 0.264927 0.272692 -0.924907
vn 0.400086 0.248284 -0.882205
vn 0.411757 -0.144139 -0.899822
vn -0.028526 -0.034780 -0.998988
vn -0.000059 0.209244 -0.977864
vn -0.362079 -0.691181 -0.625434
vn -0.339436 -0.709305 -0.617794
vn -0.459556 -0.611407 -0.644197
vn 0.694408 -0.230825 -0.681555
vn 0.314462 -0.179384 -0.932167
vn 0.964977 -0.230846 -0.124615
vn -0.522953 -0.827774 0.203248
vn 0.881106 -0.471725 0.033571
vn 0.774225 -0.421439 -0.472192
vn -0.351816 -0.877433 -0.326093
vn 0.541427 -0.478627 -0.691212
vn -0.301427 -0.594013 -0.745849
vn 0.406269 0.116427 -0.906306
vn 0.422534 -0.305569 -0.853283
vn -0.778530 -0.627452 0.013936
vn -0.762675 -0.629514 -0.148460
vn -0.590411 -0.493148 -0.638921
vn 0.504990 -0.301419 -0.808784
vn 0.234329 -0.222309 -0.946398
vn -0.014121 -0.166347 -0.985966
vn -0.014918 -0.161964 -0.986684
vn 0.670670 0.598963 -0.437543
vn 0.654356 0.540627 -0.528716
vn 0.350165 0.467910 -0.811446
vn 0.390110 0.450207 -0.803199
vn 0.420876 0.374684 -0.826121
vn 0.470550 0.339722 -0.814354
vn 0.571448 0.203251 -0.795070
vn 0.612044 0.198887 -0.765406
vn 0.547250 0.348159 -0.761119
vn 0.551454 0.307862 -0.775319
vn 0.614761 0.202294 -0.762329
vn 0.564591 0.188199 -0.803628
vn 0.549131 0.236384 -0.801609
vn 0.658708 0.137030 -0.739816
vn 0.718812 0.121844 -0.684444
vn 0.564174 0.501709 -0.655740
vn 0.427756 0.346617 -0.834794
vn 0.665501 0.093261 0.740547
vn 0.627899 0.170428 0.759406
vn 0.251957 0.547263 0.798136
vn 0.444817 0.383029 0.809584
vn 0.317980 0.188978 0.929073
vn 0.351219 0.208081 0.912879
vn 0.286297 0.229185 0.930327
vn 0.239724 0.155442 0.958316
vn 0.534534 0.522658 0.664155
vn 0.610979 0.460330 0.644050
vn 0.559718 0.484972 0.671951
vn 0.582658 0.358701 0.729276
vn 0.062803 0.377188 -0.924005
vn 0.082646 0.808130 0.583177
vn 0.141952 0.638574 0.756355
vn 0.260378 0.862903 0.433131
vn 0.516689 0.855918 -0.020917
vn 0.495119 0.707784 -0.503884
vn 0.069527 0.510491 -0.857067
vn 0.358451 0.588290 -0.724864
vn 0.605223 0.719300 0.341047
vn 0.454740 0.823717 0.338678
vn 0.405962 0.844643 0.348960
vn 0.152621 0.683916 0.713419
vn 0.220857 0.673053 0.705849
vn 0.300234 0.616011 0.728279
vn -0.541667 -0.535228 0.648173
vn -0.557578 -0.556776 0.615717
vn -0.504857 -0.395465 0.767285
vn -0.503681 -0.346186 0.791493
vn -0.442154 -0.036525 0.896195
vn -0.136127 0.297045 0.945111
vn -0.224056 0.344891 0.911509
vn -0.491931 0.005038 0.870620
vn -0.245382 -0.158525 0.956377
vn -0.022412 0.285903 0.957997
vn -0.401864 -0.391348 0.827860
vn -0.595638 -0.157830 0.787594
vn -0.551697 -0.239116 0.799033
vn -0.600264 -0.474763 0.643648
vn -0.668059 -0.312160 0.675465
vn -0.595182 -0.436388 0.674777
vn -0.531090 -0.681321 -0.503732
vn -0.698065 -0.710422 -0.089475
vn -0.773322 -0.621658 -0.124558
vn -0.623506 -0.627874 -0.465848
vn -0.292627 -0.561534 -0.773983
vn -0.411130 -0.588004 -0.696580
vn -0.261925 -0.533402 -0.804287
vn -0.113090 -0.728753 -0.675374
vn -0.101333 -0.796516 -0.596065
vn -0.426309 -0.802951 -0.416569
vn -0.577866 -0.816063 0.010550
vn -0.177889 -0.633145 -0.753315
vn 0.345495 0.148143 0.926654
vn 0.114598 0.621027 0.775366
vn 0.186170 0.759561 0.623224
vn 0.578258 0.266377 0.771143
vn 0.104398 0.742052 0.662163
vn 0.251652 0.756461 0.603687
vn 0.448101 0.655634 0.607742
vn 0.489369 0.373221 0.788178
vn 0.761050 0.200519 0.616924
vn 0.819803 0.459347 0.341941
vn 0.795247 0.603666 -0.056297
vn 0.440445 0.891191 0.108570
vn 0.474180 0.874726 0.100036
vn 0.399987 0.853822 -0.333166
vn 0.475199 0.848411 -0.233204
vn 0.703400 0.609164 -0.366262
vn 0.287925 0.556340 -0.779477
vn 0.432187 0.752494 -0.496957
vn 0.316092 0.744086 -0.588576
vn 0.108596 0.611642 -0.783646
vn 0.925019 -0.149537 0.349255
vn 0.886299 -0.162809 0.433552
vn 0.863662 -0.214618 0.456100
vn 0.814143 -0.186657 0.549845
vn 0.746848 -0.210050 0.630950
vn 0.818315 -0.236522 0.523850
vn 0.861176 -0.204633 0.465297
vn 0.893871 -0.201061 0.400712
vn 0.858693 -0.161870 0.486256
vn 0.595075 0.369977 0.713444
vn 0.596498 0.218032 0.772433
vn 0.745310 0.246917 0.619310
vn 0.109084 -0.006491 0.994011
vn 0.213364 -0.435207 0.874683
vn 0.341630 -0.392014 0.854175
vn 0.447321 -0.010416 0.894313
vn 0.282150 -0.026882 0.958994
vn 0.420898 -0.380901 0.823261
vn 0.557268 -0.082961 0.826178
vn 0.491439 -0.406948 0.769988
vn 0.637790 -0.259216 0.725280
vn 0.515192 -0.349872 0.782411
vn 0.638410 -0.330035 0.695349
vn 0.509130 -0.197779 0.837658
vn 0.644957 -0.161862 0.746881
vn 0.483115 -0.061595 0.873388
vn 0.615104 -0.016949 0.788264
vn 0.393424 -0.000337 0.919357
vn 0.508972 0.016872 0.860618
vn 0.273443 0.046202 0.960778
vn 0.363691 0.067702 0.929056
vn 0.326298 0.145800 0.933955
vn 0.261057 0.140788 0.955002
vn 0.304841 0.927257 -0.217409
vn 0.333865 0.607114 -0.721073
vn 0.359375 0.359420 -0.861201
vn 0.307958 0.784483 -0.538283
vn 0.800617 0.589751 -0.105860
vn 0.637958 0.754480 -0.154175
vn 0.901125 0.402052 -0.162257
vn 0.942265 0.247470 -0.225598
vn 0.820562 0.255024 -0.511509
vn 0.637614 0.300352 -0.709391
vn 0.567155 0.537059 -0.624421
vn 0.781333 0.449006 -0.433489
vn 0.726625 0.592082 -0.348504
vn 0.552983 0.684638 -0.474849
vn 0.160443 -0.188983 0.968785
vn 0.744226 0.025343 0.667447
vn -0.569182 -0.700466 0.430556
vn -0.543845 -0.712195 0.443859
vn -0.623062 -0.661139 0.417958
vn -0.742087 -0.551468 0.381038
vn -0.773075 -0.558650 0.300442
vn -0.642637 -0.757858 0.112557
vn -0.595113 -0.803568 -0.010922
vn -0.700640 -0.713035 -0.026164
vn -0.800439 -0.599362 -0.007892
vn -0.630459 -0.752513 0.190386
vn 0.646974 -0.632663 0.425631
vn 0.966227 -0.136229 0.218739
vn 0.931209 -0.269437 0.245467
vn 0.896131 -0.365829 0.251233
vn 0.946153 -0.224041 0.233666
vn 0.984248 0.043134 0.171450
vn 0.987961 0.121394 0.095899
vn 0.994837 0.082969 0.058450
vn 0.994728 0.077450 0.067221
vn 0.981957 0.184804 0.040092
vn 0.961671 0.269753 -0.049224
vn 0.961952 0.239258 -0.131928
vn 0.972563 0.161086 -0.167846
vn 0.981567 0.081049 -0.173079
vn 0.986481 0.008997 -0.163627
vn 0.988636 0.031397 -0.147016
vn 0.983217 0.142448 -0.113984
vn 0.991713 0.122389 -0.039071
vn 0.989997 0.105887 0.093239
vn 0.959816 0.163434 0.228128
vn 0.953303 0.100781 0.284704
vn 0.958624 0.039161 0.281968
vn 0.973278 0.013896 0.229207
vn 0.987587 0.010571 0.156719
vn 0.993946 0.016147 0.108679
vn 0.993616 0.034857 0.107297
vn 0.989797 0.079011 0.118574
vn 0.979669 0.166103 0.112510
vn 0.958508 0.278060 0.062813
vn 0.924719 0.379518 -0.029322
vn 0.858880 0.501989 -0.101649
vn 0.680665 0.731880 -0.032339
vn 0.783257 0.617418 -0.072829
vn 0.574750 0.818159 0.016679
vn 0.698037 0.676756 0.233981
vn 0.942408 0.098851 0.319524
vn 0.755996 -0.610431 0.236313
vn 0.064668 -0.989112 0.132199
vn -0.103904 -0.987471 0.118766
vn -0.175179 -0.984451 -0.012945
vn -0.243761 -0.969834 -0.001750
vn -0.245548 -0.964014 0.101899
vn -0.624134 -0.137642 -0.769098
vn -0.299548 0.143264 -0.943264
vn -0.768759 -0.624729 0.136830
vn -0.831490 -0.464078 -0.305380
vn -0.566006 -0.675526 0.472548
vn -0.270172 -0.624267 0.733006
vn 0.029480 -0.494646 0.868595
vn 0.714826 0.047125 0.697713
vn 0.400662 -0.248152 0.881981
vn 0.907419 0.343238 0.242442
vn 0.733706 0.515380 -0.442785
vn 0.180632 0.400643 -0.898252
vn 0.744999 0.665897 0.039481
vn 0.750712 0.657237 0.066870
vn 0.802979 0.571394 -0.169510
vn 0.781269 0.584529 -0.218965
vn 0.251332 0.632935 0.732274
vn 0.599662 0.708393 0.372271
vn 0.595368 0.716379 0.363784
vn 0.269047 0.635807 0.723439
vn -0.693642 -0.316621 0.647002
vn -0.752238 -0.331923 0.569179
vn -0.553874 0.030164 0.832054
vn -0.514578 -0.000345 0.857443
vn -0.713562 -0.667276 0.213474
vn -0.757218 -0.575796 0.308351
vn -0.720321 -0.545124 0.428926
vn -0.686026 -0.666508 0.291781
vn -0.207756 -0.810304 -0.547946
vn -0.318889 -0.781208 -0.536679
vn -0.512262 -0.821998 -0.248812
vn -0.460058 -0.856739 -0.233119
vn 0.432752 -0.248526 -0.866580
vn 0.328176 -0.267365 -0.905989
vn -0.004200 -0.583471 -0.812123
vn 0.133817 -0.583421 -0.801070
vn -0.642185 -0.766260 0.021075
vn -0.612978 -0.787018 0.069715
vn -0.192204 0.375343 0.906739
vn -0.158677 0.360570 0.919136
vn 0.611834 0.059776 -0.788724
vn 0.557531 0.023912 -0.829812
vn 0.744670 0.372842 -0.553585
vn 0.759623 0.354589 -0.545196
vn 0.634025 0.660141 0.402772
vn 0.800140 0.597853 0.048456
vn 0.811329 0.583546 0.034919
vn 0.662880 0.625541 0.411447
vn 0.328668 0.589499 0.737881
vn 0.378938 0.535959 0.754423
vn -0.411882 -0.104586 0.905215
vn -0.475717 -0.041858 0.878602
vn -0.097134 0.323102 0.941366
vn -0.034387 0.267193 0.963029
vn -0.577566 -0.356072 0.734595
vn -0.647797 -0.307584 0.696959
vn -0.630332 -0.517521 0.578666
vn -0.694303 -0.502112 0.515584
vn -0.676664 -0.646249 0.352827
vn -0.635756 -0.659494 0.401102
vn -0.426429 -0.887194 -0.176196
vn -0.439094 -0.875574 -0.201409
vn -0.605497 -0.787518 0.114845
vn -0.582493 -0.798338 0.152834
vn -0.114060 -0.827260 -0.550120
vn -0.143822 -0.826688 -0.543969
vn 0.283535 -0.541512 -0.791437
vn 0.235229 -0.568675 -0.788211
vn 0.580110 -0.181811 -0.793988
vn 0.532822 -0.216861 -0.817968
vn 0.694048 0.077586 -0.715736
vn 0.734320 0.098633 -0.671599
vn 0.838132 0.484602 -0.250390
vn 0.791608 0.308951 -0.527169
vn 0.804512 0.292280 -0.517042
vn 0.841799 0.454722 -0.290863
vn 0.203697 0.153654 -0.966901
vn 0.461655 0.397289 -0.793118
vn -0.126007 -0.237610 -0.963153
vn 0.543546 0.368354 -0.754237
vn 0.162450 0.813625 0.558233
vn 0.221539 0.747506 0.626223
vn 0.564904 -0.794872 -0.221498
vn 0.590573 -0.760388 -0.270248
vn 0.536001 -0.731162 -0.422024
vn -0.554216 -0.832226 0.015653
vn -0.689292 -0.682211 0.243855
vn -0.786688 -0.507864 0.350994
vn -0.636646 -0.709309 -0.302594
vn -0.842568 -0.536762 0.044331
vn -0.281243 -0.771827 -0.570250
vn 0.285332 -0.723982 -0.628041
vn -0.863344 -0.381830 0.329914
vn -0.442561 -0.861434 0.249140
vn -0.521770 -0.782108 0.340681
vn -0.306737 -0.948643 0.077391
vn -0.259955 -0.935826 0.238019
vn -0.293346 -0.918251 0.266013
vn -0.194178 -0.971101 0.138771
vn -0.147298 -0.968625 0.200175
vn -0.116576 -0.985160 0.125973
vn -0.187698 -0.967167 0.171342
vn -0.078118 -0.989551 0.121187
vn -0.179500 -0.971239 0.156447
vn 0.072622 -0.997310 -0.009938
vn 0.022766 -0.998944 0.039897
vn 0.091796 -0.992359 -0.082440
vn -0.017629 -0.999680 0.018157
vn -0.070078 -0.987510 -0.141111
vn -0.231438 -0.972391 -0.029871
vn -0.439223 -0.883861 0.160848
vn -0.618984 -0.704044 0.348111
vn 0.058295 -0.980763 -0.186295
vn 0.332283 0.217120 0.917849
vn 0.217510 -0.466525 0.857347
vn 0.191709 -0.100338 0.976309
vn 0.370976 -0.352476 0.859149
vn 0.355181 -0.228086 0.906545
vn 0.332074 -0.400916 0.853811
vn 0.457188 -0.127052 0.880248
vn 0.291962 -0.251847 0.922676
vn 0.246487 -0.415359 0.875626
vn 0.330185 -0.106201 0.937923
vn 0.197481 -0.548293 0.812635
vn 0.546539 0.036477 0.836639
vn 0.328432 -0.123053 0.936478
vn 0.215178 -0.018528 0.976399
vn 0.198672 0.007061 0.980041
vn 0.225660 0.035373 0.973564
vn 0.255116 -0.525093 0.811907
vn 0.317957 -0.486746 0.813622
vn 0.376024 -0.444398 0.813091
vn 0.291693 -0.026561 0.956143
vn 0.193604 -0.552011 0.811049
vn 0.332136 0.031356 0.942710
vn 0.478199 0.183199 0.858932
vn 0.201931 -0.152918 0.967388
vn 0.200907 -0.286124 0.936894
vn 0.187455 -0.428332 0.883964
vn 0.191404 -0.139672 0.971523
vn 0.202648 -0.285364 0.936750
vn 0.218844 -0.423213 0.879203
vn 0.254095 -0.263194 0.930680
vn 0.226276 -0.129662 0.965395
vn 0.279119 -0.390180 0.877412
vn 0.727093 0.159397 0.667778
vn 0.826187 0.311833 0.469229
vn 0.685438 0.060302 0.725629
vn 0.513671 -0.259876 0.817684
vn 0.312294 -0.423433 0.850398
vn 0.217788 -0.230316 0.948432
vn 0.797510 0.303728 0.521274
s 1
g Body_Lores_GEO
f 98/1/1 99/2/2 79/3/3 80/4/4
f 81/5/5 97/6/6 98/1/1 80/4/4
f 96/7/7 97/6/6 81/5/5 281/8/8
f 1821/9/9 1822/10/10 83/11/11 91/12/12
f 84/13/13 95/14/14 96/7/7 281/8/8
f 85/15/15 82/16/16 90/17/17 92/18/18
f 86/19/19 1804/20/20 1805/21/21 94/22/22
f 87/23/23 85/15/15 92/18/18 93/24/24
f 1527/25/25 1528/26/26 125/27/27 120/28/28
f 155/29/29 100/30/30 103/31/31 154/32/32
f 1528/26/26 1529/33/33 123/34/34 125/27/27
f 1806/35/35 1807/36/36 1530/37/37 124/38/38
f 1530/39/37 1521/40/39 122/41/40 124/42/38
f 102/43/41 122/41/40 1521/40/39 1522/44/42
f 1522/44/42 1523/45/43 149/46/44 102/43/41
f 1523/45/43 1524/47/45 148/48/46 149/46/44
f 104/49/47 107/50/48 108/51/49 127/52/50
f 1524/47/45 1525/53/51 106/54/52 148/48/46
f 1526/55/53 1819/56/54 1820/57/55 121/58/56
f 119/59/57 118/60/58 110/61/59 111/62/60
f 114/63/61 112/64/62 113/65/63 115/66/64
f 114/63/61 115/66/64 116/67/65 117/68/66
f 113/65/63 112/64/62 118/60/58 119/59/57
f 1820/57/55 1821/9/9 91/12/12 121/58/56
f 92/18/18 90/17/17 120/28/28 125/27/27
f 123/34/34 93/24/24 92/18/18 125/27/27
f 124/38/38 94/22/22 1805/21/21 1806/35/35
f 124/42/38 122/41/40 95/14/14 94/69/22
f 96/7/7 95/14/14 122/41/40 102/43/41
f 149/46/44 97/6/6 96/7/7 102/43/41
f 98/1/1 97/6/6 149/46/44 148/48/46
f 106/54/52 99/2/2 98/1/1 148/48/46
f 106/54/52 121/70/56 91/71/12 99/2/2
f 101/72/67 89/73/68 152/74/69 153/75/70
f 126/76/71 1808/77/72 1809/78/73 156/79/74
f 1817/80/75 1818/81/76 109/82/77 150/83/78
f 89/73/68 88/84/79 151/85/80 152/74/69
f 114/63/61 117/68/66 136/86/81 137/87/82
f 137/87/82 138/88/83 112/64/62 114/63/61
f 138/88/83 139/89/84 118/60/58 112/64/62
f 110/61/59 118/60/58 139/89/84 140/90/85
f 1812/91/86 1813/92/87 138/93/83 137/94/82
f 1813/92/87 1814/95/88 139/96/84 138/93/83
f 142/97/89 143/98/90 146/99/91 145/100/92
f 1811/101/93 1812/91/86 137/94/82 136/102/81
f 139/96/84 1814/95/88 1815/103/94 140/104/85
f 145/100/92 144/105/95 141/106/96 142/97/89
f 147/107/97 113/65/63 119/59/57 111/62/60
f 116/67/65 115/66/64 113/65/63 147/107/97
f 117/68/66 116/67/65 131/108/98 132/109/99
f 136/86/81 117/68/66 132/109/99 130/110/100
f 1810/111/101 1811/101/93 136/102/81 130/112/100
f 129/113/102 128/114/103 142/97/89 141/106/96
f 128/114/103 135/115/104 143/98/90 142/97/89
f 140/104/85 1815/103/94 1816/116/105 133/117/106
f 134/118/107 110/61/59 140/90/85 133/119/106
f 111/62/60 110/61/59 134/118/107 158/120/108
f 135/115/104 128/114/103 152/74/69 151/85/80
f 133/117/106 1816/116/105 1817/80/75 150/83/78
f 134/118/107 133/119/106 150/121/78 107/50/48
f 158/120/108 134/118/107 107/50/48 104/49/47
f 104/49/47 105/122/109 157/123/110 158/120/108
f 105/122/109 100/30/30 131/108/98 157/123/110
f 132/109/99 131/108/98 100/30/30 155/29/29
f 130/110/100 132/109/99 155/29/29 156/124/74
f 156/79/74 1809/78/73 1810/111/101 130/112/100
f 153/75/70 152/74/69 128/114/103 129/113/102
f 116/67/65 147/107/97 157/123/110 131/108/98
f 147/107/97 111/62/60 158/120/108 157/123/110
f 154/32/32 126/125/71 156/124/74 155/29/29
f 1525/53/51 1526/126/53 121/70/56 106/54/52
f 150/121/78 109/127/77 108/51/49 107/50/48
f 84/13/13 86/128/19 94/69/22 95/14/14
f 79/3/3 99/2/2 91/71/12 83/129/11
f 1801/130/111 1802/131/112 162/132/113 1542/133/114
f 164/134/115 161/135/116 1541/136/117 1550/137/118
f 1771/138/119 1772/139/120 166/140/121 1549/141/122
f 1549/141/122 166/140/121 164/134/115 1550/137/118
f 167/142/123 168/143/124 169/144/125 170/145/126
f 179/146/127 1560/147/128 1551/148/129 207/149/130
f 1559/150/131 1560/147/128 179/146/127 177/151/132
f 174/152/133 173/153/134 169/144/125 168/143/124
f 1768/154/135 1769/155/136 173/153/134 174/152/133
f 177/151/132 176/156/137 175/157/138 205/158/139
f 178/159/140 176/156/137 177/151/132 179/146/127
f 207/149/130 1551/148/129 1552/160/141 206/161/142
f 181/162/143 201/163/144 176/156/137 178/159/140
f 173/153/134 1769/155/136 1770/164/145 202/165/146
f 173/153/134 202/165/146 204/166/147 169/144/125
f 170/145/126 169/144/125 204/166/147 199/167/148
f 179/146/127 207/149/130 227/168/149 178/159/140
f 182/169/150 227/168/149 207/149/130 206/161/142
f 183/170/151 184/171/152 226/172/153 182/169/150
f 1552/160/141 1553/173/154 186/174/155 206/161/142
f 206/161/142 186/174/155 183/170/151 182/169/150
f 183/170/151 186/174/155 187/175/156 188/176/157
f 187/177/156 1798/178/158 1799/179/159 188/180/157
f 188/180/157 1799/179/159 1800/181/160 200/182/161
f 198/183/162 189/184/163 196/185/164 190/186/165
f 191/187/166 192/188/167 193/189/168 194/190/169
f 191/187/166 194/190/169 197/191/170 195/192/171
f 193/189/168 192/188/167 189/184/163 198/183/162
f 1800/181/160 1801/130/111 1542/133/114 200/182/161
f 1550/137/118 1541/136/117 199/167/148 204/166/147
f 202/165/146 1549/141/122 1550/137/118 204/166/147
f 1770/164/145 1771/138/119 1549/141/122 202/165/146
f 203/193/172 201/163/144 1547/194/173 1548/195/174
f 1546/196/175 1547/194/173 201/163/144 181/162/143
f 228/197/176 1545/198/177 1546/196/175 181/162/143
f 1544/199/178 1545/198/177 228/197/176 226/172/153
f 184/171/152 1543/200/179 1544/199/178 226/172/153
f 184/171/152 200/201/161 1542/202/114 1543/200/179
f 1557/203/180 174/152/133 168/143/124 1556/204/181
f 1767/205/182 1768/154/135 174/152/133 1557/203/180
f 1797/206/183 1798/178/158 187/177/156 1554/207/184
f 168/143/124 167/142/123 1555/208/185 1556/204/181
f 191/187/166 195/192/171 214/209/186 215/210/187
f 215/210/187 216/211/188 192/188/167 191/187/166
f 216/211/188 217/212/189 189/184/163 192/188/167
f 196/185/164 189/184/163 217/212/189 218/213/190
f 1793/214/191 1946/215/192 222/216/193 223/217/194
f 1793/214/191 1794/218/195 217/219/189 216/220/188
f 220/221/196 221/222/197 224/223/198 223/217/194
f 219/224/199 222/216/193 1946/215/192 1765/225/200
f 217/219/189 1794/218/195 1795/226/201 218/227/190
f 222/216/193 219/224/199 220/221/196 223/217/194
f 225/228/202 193/189/168 198/183/162 190/186/165
f 197/191/170 194/190/169 193/189/168 225/228/202
f 195/192/171 197/191/170 172/229/203 211/230/204
f 214/209/186 195/192/171 211/230/204 210/231/205
f 219/224/199 1765/225/200 1766/232/206 209/233/207
f 219/224/199 209/233/207 208/234/208 220/221/196
f 208/234/208 213/235/209 221/222/197 220/221/196
f 218/227/190 1795/226/201 1796/236/210 212/237/211
f 185/238/212 196/185/164 218/213/190 212/239/211
f 190/186/165 196/185/164 185/238/212 180/240/213
f 228/197/176 227/168/149 182/169/150 226/172/153
f 228/197/176 181/162/143 178/159/140 227/168/149
f 197/191/170 225/228/202 229/241/214 172/229/203
f 225/228/202 190/186/165 180/240/213 229/241/214
f 177/151/132 205/158/139 1558/242/215 1559/150/131
f 175/157/138 176/156/137 201/163/144 203/193/172
f 183/170/151 188/176/157 200/201/161 184/171/152
f 1553/173/154 1554/243/184 187/175/156 186/174/155
f 163/244/216 165/245/217 1548/195/174 1547/194/173
f 1590/246/218 1581/247/219 230/248/220 231/249/221
f 232/250/222 1589/251/223 1590/246/218 231/249/221
f 1589/251/223 232/250/222 305/252/224 1588/253/225
f 233/254/226 1774/255/227 1775/256/228 1583/257/229
f 235/258/230 1587/259/231 1588/253/225 305/252/224
f 236/260/232 233/254/226 1583/257/229 1584/261/233
f 1789/262/234 1790/263/235 238/264/236 1585/265/237
f 236/260/232 1584/261/233 1585/265/237 238/264/236
f 239/266/238 240/267/239 1574/268/240 1575/269/241
f 1561/270/242 243/271/243 247/272/244 1570/273/245
f 1569/274/246 1570/273/245 247/272/244 245/275/247
f 1574/268/240 240/267/239 244/276/248 1573/277/249
f 244/276/248 1786/278/250 1787/279/251 1573/277/249
f 245/275/247 1571/280/252 1572/281/253 264/282/254
f 1580/283/255 1571/280/252 245/275/247 247/272/244
f 243/271/243 1561/270/242 1562/284/256 265/285/257
f 243/271/243 1579/286/258 1580/283/255 247/272/244
f 243/271/243 265/285/257 1578/287/259 1579/286/258
f 1562/284/256 1563/288/260 250/289/261 265/285/257
f 265/285/257 250/289/261 1577/290/262 1578/287/259
f 1777/291/263 1778/292/264 239/266/238 1575/269/241
f 254/293/265 255/294/266 256/295/267 253/296/268
f 258/297/269 252/298/270 279/299/271 248/300/272
f 253/296/268 256/295/267 242/301/273 257/302/274
f 255/294/266 254/293/265 252/298/270 258/297/269
f 240/267/239 1566/303/275 1567/304/276 244/276/248
f 1785/305/277 1786/278/250 244/276/248 1567/304/276
f 239/266/238 1778/292/264 1779/306/278 1565/307/279
f 240/267/239 239/266/238 1565/307/279 1566/303/275
f 271/308/280 253/296/268 257/302/274 268/309/281
f 272/310/282 254/293/265 253/296/268 271/308/280
f 272/310/282 273/311/283 252/298/270 254/293/265
f 279/299/271 252/298/270 273/311/283 269/312/284
f 1783/313/285 1784/314/286 267/315/287 274/316/288
f 266/317/289 275/318/290 274/316/288 267/315/287
f 1780/319/291 1781/320/292 276/321/293 270/322/294
f 266/317/289 270/322/294 276/321/293 275/318/290
f 275/318/290 1782/323/295 1783/313/285 274/316/288
f 275/318/290 276/321/293 1781/320/292 1782/323/295
f 255/294/266 280/324/296 242/301/273 256/295/267
f 258/297/269 248/300/272 280/324/296 255/294/266
f 245/275/247 264/282/254 1568/325/297 1569/274/246
f 250/289/261 251/326/298 1576/327/299 1577/290/262
f 1563/288/260 1564/328/300 251/326/298 250/289/261
f 235/258/230 237/329/301 1586/330/302 1587/259/231
f 230/248/220 1581/247/219 1582/331/303 234/332/304
f 287/333/305 285/334/306 282/335/307 284/336/308
f 285/334/306 286/337/309 283/338/310 282/335/307
f 286/337/309 292/339/311 288/340/312 283/338/310
f 299/341/313 297/342/314 294/343/315 296/344/316
f 297/342/314 298/345/317 295/346/318 294/343/315
f 298/345/317 304/347/319 300/348/320 295/346/318
f 311/349/321 309/350/322 306/351/323 308/352/324
f 306/351/323 309/350/322 310/353/325 307/354/326
f 310/353/325 316/355/327 312/356/328 307/354/326
f 1601/357/329 1602/358/330 317/359/331 446/360/332
f 317/359/331 1602/358/330 1603/361/333 505/362/334
f 1870/363/335 1871/364/336 319/365/337 1604/366/338
f 1699/367/339 1700/368/340 668/369/341 667/370/342
f 1696/371/343 1697/372/344 390/373/345 389/374/346
f 323/375/347 427/376/348 443/377/349 548/378/350
f 324/379/351 325/380/352 326/381/353 327/382/354
f 324/379/351 327/382/354 444/383/355 442/384/356
f 329/385/357 328/386/358 422/387/359 423/388/360
f 329/385/357 330/389/361 331/390/362 328/386/358
f 327/382/354 329/385/357 423/388/360 444/383/355
f 326/381/353 330/389/361 329/385/357 327/382/354
f 332/391/363 333/392/364 584/393/365 334/394/366
f 334/394/366 584/393/365 335/395/367 336/396/368
f 589/397/369 337/398/370 338/399/371 590/400/372
f 1697/372/344 1698/401/373 393/402/374 390/373/345
f 340/403/375 341/404/376 342/405/377 343/406/378
f 344/407/379 340/403/375 343/406/378 345/408/380
f 344/407/379 345/408/380 347/409/381 346/410/382
f 348/411/383 349/412/384 346/410/382 347/409/381
f 1595/413/385 1596/414/386 356/415/387 357/416/388
f 1597/417/389 354/418/390 356/415/387 1596/414/386
f 345/408/380 351/419/391 350/420/392 347/409/381
f 352/421/393 351/419/391 345/408/380 343/406/378
f 353/422/394 352/421/393 343/406/378 342/405/377
f 354/418/390 355/423/395 360/424/396 356/415/387
f 359/425/397 357/416/388 356/415/387 360/424/396
f 358/426/398 359/425/397 360/424/396 361/427/399
f 355/423/395 362/428/400 361/427/399 360/424/396
f 349/429/384 348/430/383 364/431/401 365/432/402
f 1594/433/403 1595/434/385 357/435/388 363/436/404
f 357/435/388 359/437/397 367/438/405 363/436/404
f 359/437/397 358/439/398 366/440/406 367/438/405
f 377/441/407 375/442/408 370/443/409 372/444/410
f 375/442/408 376/445/411 371/446/412 370/443/409
f 372/444/410 374/447/413 378/448/414 377/441/407
f 467/449/415 468/450/416 756/451/417 373/452/418
f 369/453/419 466/454/420 467/449/415 373/452/418
f 465/455/421 466/454/420 369/453/419 368/456/422
f 1841/457/423 1842/458/424 380/459/425 460/460/426
f 384/461/427 464/462/428 465/455/421 368/456/422
f 385/463/429 386/464/430 387/465/431 388/466/432
f 388/466/432 387/465/431 389/374/346 390/373/345
f 391/467/433 392/468/434 385/463/429 388/466/432
f 390/373/345 393/402/374 391/467/433 388/466/432
f 505/362/334 1603/361/333 1604/469/338 319/470/337
f 394/471/435 395/472/436 331/390/362 330/389/361
f 340/403/375 318/473/437 398/474/438 341/404/376
f 1871/364/336 1872/475/439 400/476/440 319/365/337
f 401/477/441 399/478/442 318/473/437 340/403/375
f 402/479/443 401/477/441 340/403/375 344/407/379
f 349/412/384 410/480/444 411/481/445 346/410/382
f 412/482/446 410/483/444 349/429/384 365/432/402
f 402/479/443 344/407/379 346/410/382 411/481/445
f 415/484/447 416/485/448 1940/486/449 1941/487/450
f 416/485/448 417/488/451 1939/489/452 1940/486/449
f 417/488/451 1695/490/453 1847/491/454 1939/489/452
f 418/492/455 420/493/456 421/494/457 419/495/458
f 385/463/429 392/468/434 424/496/459 425/497/460
f 757/498/461 386/464/430 385/463/429 425/497/460
f 575/499/462 420/493/456 418/492/455 426/500/463
f 427/376/348 324/379/351 442/384/356 443/377/349
f 428/501/464 325/380/352 324/379/351 427/376/348
f 757/498/461 425/497/460 322/502/465 320/503/466
f 425/497/460 424/496/459 339/504/467 322/502/465
f 429/505/468 1848/506/469 1849/507/470 321/508/471
f 1845/509/472 1846/510/473 577/511/474 430/512/475
f 433/513/476 434/514/477 585/515/478 582/516/479
f 1850/517/480 1851/518/481 437/519/482 438/520/483
f 576/521/484 608/522/485 440/523/486 439/524/487
f 447/525/488 448/526/489 579/527/490 578/528/491
f 448/526/489 447/525/488 450/529/492 451/530/493
f 452/531/494 379/532/495 459/533/496 461/534/497
f 453/535/498 1824/536/499 1825/537/500 463/538/501
f 454/539/502 452/531/494 461/534/497 462/540/503
f 455/541/504 456/542/505 457/543/506 458/544/507
f 470/545/508 457/543/506 456/542/505 471/546/509
f 472/547/510 1827/548/511 1828/549/512 556/550/513
f 748/551/514 473/552/515 472/553/510 556/554/513
f 474/555/516 473/552/515 748/551/514 557/556/517
f 1539/557/518 1540/558/519 1512/559/520 1513/560/521
f 475/561/522 552/562/523 473/552/515 474/555/516
f 1826/563/524 1827/548/511 472/547/510 554/564/525
f 457/543/506 470/545/508 553/565/526 555/566/527
f 458/544/507 457/543/506 555/566/527 550/567/528
f 557/556/517 469/568/529 746/569/530 474/555/516
f 469/568/529 558/570/531 476/571/532 746/569/530
f 477/572/533 478/573/534 745/574/535 476/571/532
f 558/570/531 479/575/536 477/572/533 476/571/532
f 477/572/533 479/575/536 480/576/537 481/577/538
f 480/578/537 1838/579/539 1839/580/540 481/581/538
f 481/581/538 1839/580/540 1840/582/541 551/583/542
f 483/584/543 448/526/489 451/530/493 484/585/544
f 483/584/543 485/586/545 579/527/490 448/526/489
f 486/587/546 485/586/545 483/584/543 487/588/547
f 413/589/548 576/521/484 439/524/487 414/590/549
f 488/591/550 489/592/551 528/593/552 753/594/553
f 533/595/554 490/596/555 362/428/400 355/423/395
f 366/440/406 315/597/556 491/598/557 367/438/405
f 608/522/485 609/599/558 441/600/559 440/523/486
f 492/601/560 493/602/561 494/603/562 495/604/563
f 496/605/564 588/606/565 587/607/566 497/608/567
f 337/398/370 589/397/369 588/606/565 496/605/564
f 498/609/568 499/610/569 500/611/570 501/612/571
f 501/612/571 502/613/572 503/614/573 498/609/568
f 318/473/437 1605/615/574 1703/616/575 398/474/438
f 505/362/334 319/470/337 400/617/440 506/618/576
f 398/474/438 737/619/577 396/620/578 341/404/376
f 1693/621/579 1694/622/580 431/623/581 741/624/582
f 317/359/331 505/362/334 506/618/576 507/625/583
f 508/626/584 509/627/585 1710/628/586 1711/629/587
f 510/630/588 511/631/589 512/632/590 513/633/591
f 508/626/584 512/632/590 511/631/589 509/627/585
f 513/633/591 519/634/592 520/635/593 510/630/588
f 521/636/594 520/635/593 519/634/592 522/637/595
f 521/636/594 522/637/595 524/638/596 523/639/597
f 365/432/402 523/639/597 524/638/596 412/482/446
f 525/640/598 446/360/332 317/359/331 507/625/583
f 527/641/599 526/642/600 528/593/552 489/592/551
f 526/642/600 529/643/601 397/644/602 528/593/552
f 530/645/603 531/646/604 537/647/605 532/648/606
f 534/649/607 533/595/554 355/423/395 354/418/390
f 1598/650/608 534/649/607 354/418/390 1597/417/389
f 1599/651/609 1600/652/610 535/653/611 536/654/612
f 534/649/607 1598/650/608 1599/651/609 536/654/612
f 535/653/611 537/647/605 531/646/604 536/654/612
f 536/654/612 531/646/604 533/595/554 534/649/607
f 490/596/555 533/595/554 531/646/604 530/645/603
f 547/655/613 538/656/614 539/657/615 545/658/616
f 540/659/617 541/660/618 542/661/619 543/662/620
f 540/659/617 543/662/620 544/663/621 546/664/622
f 542/661/619 541/660/618 538/656/614 547/655/613
f 333/392/364 323/375/347 548/378/350 445/665/623
f 1849/507/470 1850/517/480 438/520/483 321/508/471
f 500/611/570 499/610/569 322/502/465 339/504/467
f 323/375/347 333/392/364 332/391/363 549/666/624
f 1840/582/541 1841/457/423 460/460/426 551/583/542
f 461/534/497 459/533/496 550/567/528 555/566/527
f 553/565/526 462/540/503 461/534/497 555/566/527
f 554/564/525 463/538/501 1825/537/500 1826/563/524
f 554/667/525 552/562/523 464/462/428 463/668/501
f 465/455/421 464/462/428 552/562/523 475/561/522
f 747/669/625 466/454/420 465/455/421 475/561/522
f 467/449/415 466/454/420 747/669/625 745/574/535
f 478/573/534 468/450/416 467/449/415 745/574/535
f 478/573/534 551/670/542 460/671/426 468/450/416
f 1534/672/626 1535/673/627 1517/674/628 1518/675/629
f 1829/676/630 1830/677/631 1519/678/632 1533/679/633
f 540/659/617 546/664/622 559/680/634 560/681/635
f 560/681/635 561/682/636 541/660/618 540/659/617
f 561/682/636 562/683/637 538/656/614 541/660/618
f 539/657/615 538/656/614 562/683/637 563/684/638
f 1832/685/639 1833/686/640 561/687/636 560/688/635
f 1833/686/640 1834/689/641 562/690/637 561/687/636
f 565/691/642 566/692/643 569/693/644 568/694/645
f 1831/695/646 1832/685/639 560/688/635 559/696/634
f 562/690/637 1834/689/641 1835/697/647 563/698/638
f 568/694/645 567/699/648 564/700/649 565/691/642
f 570/701/650 542/661/619 547/655/613 545/658/616
f 544/663/621 543/662/620 542/661/619 570/701/650
f 1520/702/651 1511/703/652 1531/704/653 1532/705/654
f 1519/706/632 1520/702/651 1532/705/654 1533/707/633
f 1516/708/655 1517/674/628 1535/673/627 1536/709/656
f 1836/710/657 1837/711/658 1537/712/659 1515/713/660
f 1514/714/661 1515/715/660 1537/716/659 1538/717/662
f 1538/717/662 1539/557/518 1513/560/521 1514/714/661
f 582/516/479 581/718/663 571/719/664 433/513/476
f 572/720/665 571/719/664 581/718/663 432/721/666
f 426/500/463 429/722/468 321/723/471 573/724/667
f 572/720/665 573/724/667 321/723/471 438/725/483
f 571/719/664 572/720/665 438/725/483 437/726/482
f 573/724/667 572/720/665 432/721/666 574/727/668
f 445/665/623 548/378/350 574/727/668 432/721/666
f 575/499/462 574/727/668 548/378/350 443/377/349
f 420/493/456 575/499/462 443/377/349 442/384/356
f 421/494/457 420/493/456 442/384/356 444/383/355
f 421/494/457 444/383/355 423/388/360 752/728/669
f 423/388/360 422/387/359 740/729/670 752/728/669
f 535/653/611 1600/652/610 353/422/394 529/643/601
f 529/643/601 526/642/600 537/647/605 535/653/611
f 532/648/606 537/647/605 526/642/600 527/641/599
f 580/730/671 581/718/663 582/516/479 583/731/672
f 584/393/365 580/730/671 583/731/672 335/395/367
f 582/516/479 585/515/478 586/732/673 583/731/672
f 585/515/478 434/514/477 497/608/567 587/607/566
f 586/732/673 585/515/478 587/607/566 588/606/565
f 494/603/562 493/602/561 503/614/573 502/613/572
f 590/400/372 338/399/371 336/396/368 335/395/367
f 589/397/369 590/400/372 586/732/673 588/606/565
f 586/732/673 590/400/372 335/395/367 583/731/672
f 496/605/564 497/608/567 593/733/674 592/734/675
f 1854/735/676 1855/736/677 592/737/675 593/738/674
f 497/608/567 434/514/477 595/739/678 593/733/674
f 434/514/477 433/513/476 597/740/679 595/739/678
f 433/513/476 571/719/664 437/726/482 597/740/679
f 1853/741/680 1854/735/676 593/738/674 595/742/678
f 1852/743/681 1853/741/680 595/742/678 597/744/679
f 1851/518/481 1852/743/681 597/744/679 437/519/482
f 492/601/560 591/745/682 594/746/683 493/602/561
f 338/399/371 337/398/370 599/747/684 598/748/685
f 1856/749/686 1857/750/687 598/751/685 599/752/684
f 1855/736/677 1856/749/686 599/752/684 592/737/675
f 337/398/370 496/605/564 592/734/675 599/747/684
f 493/602/561 594/746/683 596/753/688 503/614/573
f 336/396/368 338/399/371 598/748/685 600/754/689
f 1857/750/687 1858/755/690 600/756/689 598/751/685
f 334/394/366 336/396/368 600/754/689 601/757/691
f 1858/755/690 1859/758/692 601/759/691 600/756/689
f 332/391/363 334/394/366 601/757/691 602/760/693
f 1859/758/692 1860/761/694 602/762/693 601/759/691
f 436/763/695 498/609/568 503/614/573 596/753/688
f 435/764/696 499/610/569 498/609/568 436/763/695
f 499/610/569 435/764/696 320/503/466 322/502/465
f 603/765/697 428/501/464 549/666/624 604/766/698
f 1861/767/699 1862/768/700 603/769/697 604/770/698
f 549/666/624 332/391/363 602/760/693 604/766/698
f 1860/761/694 1861/767/699 604/770/698 602/762/693
f 603/765/697 605/771/701 325/380/352 428/501/464
f 1862/768/700 1863/772/702 605/773/701 603/769/697
f 1863/772/702 1864/774/703 606/775/704 605/773/701
f 606/776/704 326/381/353 325/380/352 605/771/701
f 330/389/361 326/381/353 606/776/704 394/471/435
f 1698/401/373 1699/367/339 667/370/342 393/402/374
f 1864/774/703 1865/777/705 394/778/435 606/775/704
f 422/387/359 607/779/706 1705/780/707 740/729/670
f 754/781/708 610/782/709 488/591/550 753/594/553
f 611/783/710 363/436/404 367/438/405 491/598/557
f 1593/784/711 1594/433/403 363/436/404 611/783/710
f 523/639/597 365/432/402 364/431/401 612/785/712
f 83/129/11 615/786/713 616/787/714 79/3/3
f 83/11/11 1822/10/10 1823/788/715 615/789/713
f 618/790/716 287/333/305 284/336/308 613/791/717
f 371/446/412 376/445/411 619/792/718 383/793/719
f 614/794/720 620/795/721 618/790/716 613/791/717
f 623/796/722 299/341/313 296/344/316 621/797/723
f 622/798/724 624/799/725 623/796/722 621/797/723
f 628/800/726 625/801/727 311/349/321 308/352/324
f 300/348/320 304/347/319 626/802/728 627/803/729
f 165/245/217 163/244/216 629/804/730 630/805/731
f 1772/139/120 1773/806/732 631/807/733 166/140/121
f 316/355/327 638/808/734 637/809/735 312/356/328
f 645/810/736 646/811/737 490/596/555 530/645/603
f 490/596/555 646/811/737 647/812/738 362/428/400
f 627/803/729 626/802/728 625/801/727 628/800/726
f 630/805/731 629/804/730 230/248/220 234/332/304
f 631/807/733 1773/806/732 1774/255/227 233/254/226
f 532/648/606 648/813/739 645/810/736 530/645/603
f 527/641/599 649/814/740 648/813/739 532/648/606
f 362/428/400 647/812/738 1792/815/741 361/427/399
f 288/340/312 292/339/311 624/799/725 622/798/724
f 615/789/713 1823/788/715 1824/536/499 453/535/498
f 616/787/714 615/786/713 453/816/498 384/461/427
f 383/793/719 619/792/718 620/795/721 614/794/720
f 649/814/740 527/641/599 489/592/551 657/817/742
f 489/592/551 488/591/550 658/818/743 657/817/742
f 487/588/547 483/584/543 484/585/544 659/819/744
f 660/820/745 661/821/746 487/588/547 659/819/744
f 610/782/709 662/822/747 663/823/748 664/824/749
f 488/591/550 610/782/709 664/824/749 658/818/743
f 663/823/748 662/822/747 665/825/750 666/826/751
f 660/820/745 666/826/751 665/825/750 661/821/746
f 1865/777/705 1866/827/752 395/828/436 394/778/435
f 1866/827/752 1867/829/753 669/830/754 395/828/436
f 1868/831/755 1869/832/756 672/833/757 673/834/758
f 675/835/759 673/836/758 672/837/757 674/838/760
f 669/839/754 676/840/761 331/390/362 395/472/436
f 678/841/762 675/835/759 674/838/760 677/842/763
f 676/840/761 679/843/764 328/386/358 331/390/362
f 607/779/706 422/387/359 328/386/358 679/843/764
f 681/844/765 1706/845/766 1705/780/707 607/779/706
f 680/846/767 681/844/765 678/841/762 677/842/763
f 80/4/4 284/336/308 282/335/307 81/5/5
f 79/3/3 613/791/717 284/336/308 80/4/4
f 616/787/714 614/794/720 613/791/717 79/3/3
f 384/461/427 383/793/719 614/794/720 616/787/714
f 384/461/427 368/456/422 371/446/412 383/793/719
f 369/453/419 370/443/409 371/446/412 368/456/422
f 373/452/418 372/444/410 370/443/409 369/453/419
f 374/447/413 372/444/410 373/452/418 756/451/417
f 449/847/768 381/848/769 379/532/495 452/531/494
f 454/539/502 482/849/770 449/847/768 452/531/494
f 617/850/771 651/851/772 482/849/770 454/539/502
f 82/16/16 652/852/773 651/851/772 617/850/771
f 653/853/774 652/852/773 82/16/16 85/15/15
f 654/854/775 653/853/774 85/15/15 87/23/23
f 654/854/775 87/23/23 682/855/776 656/856/777
f 655/857/778 656/856/777 682/855/776 161/135/116
f 164/134/115 650/858/779 655/857/778 161/135/116
f 166/140/121 633/859/780 650/858/779 164/134/115
f 631/807/733 632/860/781 633/859/780 166/140/121
f 233/254/226 636/861/782 632/860/781 631/807/733
f 233/254/226 236/260/232 634/862/783 636/861/782
f 634/862/783 236/260/232 238/264/236 635/863/784
f 1790/263/235 1791/864/785 635/863/784 238/264/236
f 312/356/328 637/809/735 237/329/301 235/258/230
f 235/258/230 305/252/224 307/354/326 312/356/328
f 232/250/222 306/351/323 307/354/326 305/252/224
f 231/249/221 308/352/324 306/351/323 232/250/222
f 628/800/726 308/352/324 231/249/221 230/248/220
f 629/804/730 627/803/729 628/800/726 230/248/220
f 300/348/320 627/803/729 629/804/730 163/244/216
f 163/244/216 293/865/786 295/346/318 300/348/320
f 160/866/787 294/343/315 295/346/318 293/865/786
f 159/867/788 296/344/316 294/343/315 160/866/787
f 171/868/789 621/797/723 296/344/316 159/867/788
f 622/798/724 621/797/723 171/868/789 683/869/790
f 288/340/312 622/798/724 683/869/790 84/13/13
f 84/13/13 281/8/8 283/338/310 288/340/312
f 81/5/5 282/335/307 283/338/310 281/8/8
f 377/441/407 378/448/414 414/590/549 439/524/487
f 439/524/487 440/523/486 375/442/408 377/441/407
f 440/523/486 441/600/559 376/445/411 375/442/408
f 619/792/718 376/445/411 441/600/559 684/870/791
f 620/795/721 619/792/718 684/870/791 685/871/792
f 618/790/716 620/795/721 685/871/792 686/872/793
f 289/873/794 287/333/305 618/790/716 686/872/793
f 289/873/794 290/874/795 285/334/306 287/333/305
f 290/874/795 291/875/796 286/337/309 285/334/306
f 687/876/797 292/339/311 286/337/309 291/875/796
f 624/799/725 292/339/311 687/876/797 688/877/798
f 623/796/722 624/799/725 688/877/798 689/878/799
f 301/879/800 299/341/313 623/796/722 689/878/799
f 301/879/800 302/880/801 297/342/314 299/341/313
f 302/880/801 303/881/802 298/345/317 297/342/314
f 690/882/803 304/347/319 298/345/317 303/881/802
f 626/802/728 304/347/319 690/882/803 691/883/804
f 625/801/727 626/802/728 691/883/804 692/884/805
f 311/349/321 625/801/727 692/884/805 313/885/806
f 313/885/806 314/886/807 309/350/322 311/349/321
f 309/350/322 314/886/807 315/597/556 310/353/325
f 366/440/406 316/355/327 310/353/325 315/597/556
f 451/530/493 450/529/492 381/848/769 449/847/768
f 484/585/544 451/530/493 449/847/768 482/849/770
f 659/819/744 484/585/544 482/849/770 651/851/772
f 652/852/773 660/820/745 659/819/744 651/851/772
f 653/853/774 666/826/751 660/820/745 652/852/773
f 663/823/748 666/826/751 653/853/774 654/854/775
f 663/823/748 654/854/775 656/856/777 664/824/749
f 658/818/743 664/824/749 656/856/777 655/857/778
f 657/817/742 658/818/743 655/857/778 650/858/779
f 633/859/780 649/814/740 657/817/742 650/858/779
f 648/813/739 649/814/740 633/859/780 632/860/781
f 645/810/736 648/813/739 632/860/781 636/861/782
f 636/861/782 634/862/783 646/811/737 645/810/736
f 646/811/737 634/862/783 635/863/784 647/812/738
f 1791/864/785 1792/815/741 647/812/738 635/863/784
f 1843/887/808 1844/888/809 693/889/810 382/890/811
f 1844/888/809 1845/509/472 430/512/475 693/889/810
f 695/891/812 290/874/795 289/873/794 694/892/813
f 290/874/795 695/891/812 696/893/814 291/875/796
f 301/879/800 641/894/815 642/895/816 302/880/801
f 302/880/801 642/895/816 698/896/817 303/881/802
f 314/886/807 643/897/818 491/598/557 315/597/556
f 643/897/818 314/886/807 313/885/806 644/898/819
f 446/360/332 1710/628/586 1709/899/820 1601/357/329
f 510/630/588 520/635/593 700/900/821 701/901/822
f 702/902/823 703/903/824 701/901/822 700/900/821
f 699/904/825 704/905/826 705/906/827 706/907/828
f 509/627/585 511/631/589 704/905/826 699/904/825
f 511/631/589 510/630/588 701/901/822 704/905/826
f 710/908/829 1592/909/830 1593/784/711 611/783/710
f 520/635/593 521/636/594 707/910/831 700/900/821
f 707/910/831 521/636/594 523/639/597 612/785/712
f 708/911/832 706/907/828 705/906/827 709/912/833
f 711/913/834 712/914/835 703/903/824 702/902/823
f 643/897/818 710/908/829 611/783/710 491/598/557
f 711/913/834 698/896/817 642/895/816 712/914/835
f 639/915/836 708/911/832 709/912/833 694/892/813
f 686/872/793 713/916/837 694/892/813 289/873/794
f 714/917/838 639/915/836 694/892/813 713/916/837
f 714/917/838 715/918/839 609/599/558 639/915/836
f 715/918/839 684/870/791 441/600/559 609/599/558
f 684/870/791 715/918/839 714/917/838 685/871/792
f 713/916/837 686/872/793 685/871/792 714/917/838
f 716/919/840 690/882/803 303/881/802 698/896/817
f 692/884/805 717/920/841 644/898/819 313/885/806
f 718/921/842 697/922/843 644/898/819 717/920/841
f 697/922/843 718/921/842 716/919/840 698/896/817
f 690/882/803 716/919/840 718/921/842 691/883/804
f 691/883/804 718/921/842 717/920/841 692/884/805
f 719/923/844 687/876/797 291/875/796 696/893/814
f 696/893/814 640/924/845 720/925/846 719/923/844
f 720/925/846 640/924/845 641/894/815 721/926/847
f 689/878/799 721/926/847 641/894/815 301/879/800
f 721/926/847 689/878/799 688/877/798 720/925/846
f 687/876/797 719/923/844 720/925/846 688/877/798
f 1692/927/848 1693/621/579 741/624/582 749/928/849
f 609/599/558 722/929/850 708/911/832 639/915/836
f 722/929/850 723/930/851 706/907/828 708/911/832
f 723/930/851 724/931/852 699/904/825 706/907/828
f 86/128/19 84/13/13 683/869/790 725/932/853
f 1803/933/854 1804/20/20 86/19/19 725/934/853
f 171/868/789 162/935/113 725/932/853 683/869/790
f 162/132/113 1802/131/112 1803/933/854 725/934/853
f 342/405/377 341/404/376 396/620/578 397/644/602
f 529/643/601 353/422/394 342/405/377 397/644/602
f 1591/936/855 1592/909/830 710/908/829 728/937/856
f 727/938/857 726/939/858 1591/936/855 728/937/856
f 697/922/843 727/938/857 728/937/856 644/898/819
f 710/908/829 643/897/818 644/898/819 728/937/856
f 701/901/822 703/903/824 729/940/859 730/941/860
f 703/903/824 712/914/835 731/942/861 729/940/859
f 641/894/815 731/942/861 712/914/835 642/895/816
f 640/924/845 732/943/862 731/942/861 641/894/815
f 729/940/859 731/942/861 732/943/862 730/941/860
f 726/939/858 727/938/857 711/913/834 702/902/823
f 727/938/857 697/922/843 698/896/817 711/913/834
f 726/939/858 702/902/823 700/900/821 707/910/831
f 733/944/863 696/893/814 695/891/812 734/945/864
f 694/892/813 709/912/833 734/945/864 695/891/812
f 735/946/865 734/945/864 709/912/833 705/906/827
f 736/947/866 733/944/863 734/945/864 735/946/865
f 705/906/827 704/905/826 736/947/866 735/946/865
f 736/947/866 704/905/826 701/901/822 730/941/860
f 730/941/860 732/943/862 733/944/863 736/947/866
f 696/893/814 733/944/863 732/943/862 640/924/845
f 671/948/867 670/949/868 1701/950/869 1702/951/870
f 431/623/581 419/495/458 421/494/457 741/624/582
f 396/620/578 737/619/577 738/952/871 742/953/872
f 668/369/341 1700/368/340 1701/950/869 670/949/868
f 1867/829/753 1868/831/755 673/834/758 669/830/754
f 673/836/758 675/835/759 676/840/761 669/839/754
f 675/835/759 678/841/762 679/843/764 676/840/761
f 607/779/706 679/843/764 678/841/762 681/844/765
f 487/588/547 661/821/746 743/954/873 486/587/546
f 744/955/874 743/954/873 661/821/746 665/825/750
f 665/825/750 662/822/747 755/956/875 744/955/874
f 754/781/708 755/956/875 662/822/747 610/782/709
f 747/669/625 746/569/530 476/571/532 745/574/535
f 747/669/625 475/561/522 474/555/516 746/569/530
f 1540/558/519 1531/704/653 1511/703/652 1512/559/520
f 472/553/510 473/552/515 552/562/523 554/667/525
f 478/573/534 477/572/533 481/577/538 551/670/542
f 463/668/501 464/462/428 384/461/427 453/816/498
f 460/671/426 380/957/425 756/451/417 468/450/416
f 1707/958/876 749/928/849 752/728/669 740/729/670
f 576/521/484 750/959/877 751/960/878 608/522/485
f 608/522/485 751/960/878 722/929/850 609/599/558
f 723/930/851 722/929/850 751/960/878 724/931/852
f 750/959/877 739/961/879 724/931/852 751/960/878
f 741/624/582 421/494/457 752/728/669 749/928/849
f 528/593/552 397/644/602 396/620/578 753/594/553
f 754/781/708 753/594/553 396/620/578 742/953/872
f 323/375/347 549/666/624 428/501/464 427/376/348
f 575/499/462 426/500/463 573/724/667 574/727/668
f 744/955/874 742/953/872 738/952/871 743/954/873
f 744/955/874 755/956/875 754/781/708 742/953/872
f 506/618/576 400/617/440 406/962/880 504/963/881
f 507/625/583 506/618/576 504/963/881 518/964/882
f 525/640/598 507/625/583 518/964/882 516/965/883
f 508/626/584 1711/629/587 1712/966/884 517/967/885
f 515/968/886 512/632/590 508/626/584 517/967/885
f 513/633/591 512/632/590 515/968/886 514/969/887
f 522/637/595 514/969/887 1997/970/888 524/638/596
f 407/971/889 410/483/444 412/482/446 409/972/890
f 411/481/445 410/480/444 407/973/889 408/974/891
f 404/975/892 402/479/443 411/481/445 408/974/891
f 404/975/892 403/976/893 401/477/441 402/479/443
f 405/977/894 399/478/442 401/477/441 403/976/893
f 400/476/440 1872/475/439 1873/978/895 406/979/880
f 693/980/810 378/448/414 374/447/413 382/981/811
f 430/982/475 414/590/549 378/448/414 693/980/810
f 430/982/475 577/983/474 413/589/548 414/590/549
f 431/623/581 1694/622/580 1695/984/453 417/985/451
f 416/986/448 419/495/458 431/623/581 417/985/451
f 416/986/448 415/987/447 418/492/455 419/495/458
f 756/451/417 380/957/425 382/981/811 374/447/413
f 418/492/455 415/987/447 429/722/468 426/500/463
f 380/459/425 1842/458/424 1843/887/808 382/890/811
f 1848/506/469 429/505/468 415/484/447 1941/487/450
f 758/988/896 105/122/109 104/49/47 127/52/50
f 103/31/31 100/30/30 105/122/109 758/988/896
f 445/665/623 432/721/666 581/718/663 580/730/671
f 333/392/364 445/665/623 580/730/671 584/393/365
f 759/989/897 760/990/898 761/991/899 762/992/900
f 1764/993/901 1749/994/902 761/991/899 760/990/898
f 762/992/900 765/995/903 766/996/904 759/989/897
f 768/997/905 767/998/906 759/989/897 766/996/904
f 768/997/905 766/996/904 769/999/907 770/1000/908
f 771/1001/909 769/999/907 766/996/904 765/995/903
f 1503/1002/910 1504/1003/911 771/1001/909 765/995/903
f 1502/1004/912 1503/1002/910 765/995/903 762/992/900
f 775/1005/913 773/1006/914 772/1007/915 774/1008/916
f 774/1008/916 776/1009/917 777/1010/918 775/1005/913
f 761/991/899 1501/1011/919 1502/1004/912 762/992/900
f 761/991/899 1749/994/902 1750/1012/920 1501/1011/919
f 1751/1013/921 1752/1014/922 777/1010/918 776/1009/917
f 781/1015/923 779/1016/924 778/1017/925 780/1018/926
f 1499/1019/927 1500/1020/928 763/1021/929 782/1022/930
f 764/1023/931 783/1024/932 782/1022/930 763/1021/929
f 1498/1025/933 1499/1019/927 782/1022/930 784/1026/934
f 786/1027/935 784/1026/934 782/1022/930 783/1024/932
f 1157/1028/936 780/1018/926 785/1029/937 787/1030/938
f 780/1018/926 1157/1028/936 1156/1031/939 781/1015/923
f 789/1032/940 788/1033/941 1157/1028/936 787/1030/938
f 790/1034/942 1156/1031/939 1157/1028/936 788/1033/941
f 792/1035/943 1138/1036/944 1139/1037/945 791/1038/946
f 793/1039/947 1137/1040/948 1138/1036/944 792/1035/943
f 1277/1041/949 1278/1042/950 1307/1043/951 1308/1044/952
f 1308/1044/952 1309/1045/953 1276/1046/954 1277/1041/949
f 798/1047/955 799/1048/956 800/1049/957 795/1050/958
f 799/1048/956 798/1047/955 783/1024/932 764/1023/931
f 786/1027/935 783/1024/932 798/1047/955 797/1051/959
f 797/1051/959 807/1052/960 801/1053/961 786/1027/935
f 786/1027/935 801/1053/961 802/1054/962 784/1026/934
f 784/1026/934 802/1054/962 1497/1055/963 1498/1025/933
f 804/1056/964 787/1030/938 785/1029/937 803/1057/965
f 789/1032/940 787/1030/938 804/1056/964 805/1058/966
f 806/1059/967 791/1038/946 1139/1037/945 1140/1060/968
f 1278/1042/950 1279/1061/969 1306/1062/970 1307/1043/951
f 808/1063/971 794/1064/972 795/1050/958 796/1065/973
f 794/1064/972 797/1051/959 798/1047/955 795/1050/958
f 809/1066/974 796/1065/973 795/1050/958 800/1049/957
f 810/1067/975 1763/1068/976 1764/993/901 760/990/898
f 767/998/906 810/1067/975 760/990/898 759/989/897
f 814/1069/977 768/997/905 770/1000/908 1942/1070/978
f 814/1069/977 815/1071/979 767/998/906 768/997/905
f 810/1067/975 767/998/906 815/1071/979 816/1072/980
f 1942/1070/978 1943/1073/981 815/1071/979 814/1069/977
f 816/1072/980 815/1071/979 1943/1073/981 812/1074/982
f 1762/1075/983 1763/1068/976 810/1067/975 816/1072/980
f 1761/1076/984 1762/1075/983 816/1072/980 812/1074/982
f 1752/1014/922 1753/1077/985 817/1078/986 777/1010/918
f 817/1078/986 819/1079/987 775/1005/913 777/1010/918
f 779/1016/924 781/1015/923 820/1080/988 818/1081/989
f 1155/1082/990 820/1080/988 781/1015/923 1156/1031/939
f 821/1083/991 1155/1082/990 1156/1031/939 790/1034/942
f 849/1084/992 843/1085/993 1116/1086/994 1111/1087/995
f 848/1088/996 849/1084/992 1111/1087/995 1112/1089/997
f 828/1090/998 1117/1091/999 1118/1092/1000 827/1093/1001
f 1129/1094/1002 1124/1095/1003 828/1090/998 827/1093/1001
f 1118/1092/1000 1494/1096/1004 1495/1097/1005 827/1093/1001
f 843/1085/993 1491/1098/1006 1492/1099/1007 1116/1086/994
f 1495/1097/1005 1496/1100/1008 1129/1094/1002 827/1093/1001
f 832/1101/1009 1158/1102/1010 1128/1103/1011 829/1104/1012
f 833/1105/1013 1127/1106/1014 1158/1102/1010 832/1101/1009
f 1126/1107/1015 1141/1108/1016 1142/1109/1017 834/1110/1018
f 1304/1111/1019 1305/1112/1020 1280/1113/1021 1281/1114/1022
f 1124/1095/1003 1125/1115/1023 835/1116/1024 828/1090/998
f 835/1116/1024 1123/1117/1025 1117/1091/999 828/1090/998
f 1281/1114/1022 1282/1118/1026 1303/1119/1027 1304/1111/1019
f 1300/1120/1028 1301/1121/1029 1284/1122/1030 1285/1123/1031
f 1142/1109/1017 1143/1124/1032 1122/1125/1033 834/1110/1018
f 832/1101/1009 1120/1126/1034 1121/1127/1035 833/1105/1013
f 829/1104/1012 1119/1128/1036 1120/1126/1034 832/1101/1009
f 1113/1129/1037 1145/1130/1038 1146/1131/1039 847/1132/1040
f 1159/1133/1041 1115/1134/1042 844/1135/1043 845/1136/1044
f 1114/1137/1045 1159/1133/1041 845/1136/1044 846/1138/1046
f 1104/1139/1047 1490/1140/1048 1491/1098/1006 843/1085/993
f 845/1136/1044 844/1135/1043 1105/1141/1049 1106/1142/1050
f 846/1138/1046 845/1136/1044 1106/1142/1050 1107/1143/1051
f 847/1132/1040 1146/1131/1039 1147/1144/1052 1108/1145/1053
f 1299/1146/1054 1300/1120/1028 1285/1123/1031 1286/1147/1055
f 1109/1148/1056 1110/1149/1057 849/1084/992 848/1088/996
f 1110/1149/1057 1104/1139/1047 843/1085/993 849/1084/992
f 1018/1150/1058 1732/1151/1059 76/1152/1060 2/1153/1061
f 900/1154/1062 901/1155/1063 904/1156/1064 905/1157/1065
f 853/1158/1066 873/1159/1067 874/1160/1068 850/1161/1069
f 872/1162/1070 873/1159/1067 853/1158/1066 854/1163/1071
f 883/1164/1072 895/1165/1073 896/1166/1074 858/1167/1075
f 859/1168/1076 857/1169/1077 884/1170/1078 885/1171/1079
f 882/1172/1080 1335/1173/1081 1336/1174/1082 860/1175/1083
f 871/1176/1084 893/1177/1085 894/1178/1086 856/1179/1087
f 2034/1180/1088 53/1181/1089 78/1182/1090 2035/1183/1091
f 863/1184/1092 1069/1185/1093 1070/1186/1094 870/1187/1095
f 855/1188/1096 852/1189/1097 1361/1190/1098 1362/1191/1099
f 1360/1192/1100 1361/1190/1098 852/1189/1097 851/1193/1101
f 1358/1194/1102 1359/1195/1103 902/1196/1104 903/1197/1105
f 885/1171/1079 878/1198/1106 876/1199/1107 859/1168/1076
f 906/1200/1108 907/1201/1109 898/1202/1110 899/1203/1111
f 66/1204/1112 2036/1205/1113 2035/1183/1091 78/1182/1090
f 880/1206/1114 875/1207/1115 4/1208/1116 3/1209/1117
f 1353/1210/1118 61/1211/1119 6/1212/1120 877/1213/1121
f 6/1212/1120 5/1214/1122 881/1215/1123 877/1213/1121
f 62/1216/1124 1357/1217/1125 879/1218/1126 7/1219/1127
f 1073/1220/1128 1347/1221/1129 1335/1173/1081 882/1172/1080
f 1074/1222/1130 1348/1223/1131 895/1165/1073 883/1164/1072
f 885/1171/1079 884/1170/1078 1349/1224/1132 1350/1225/1133
f 1350/1225/1133 1351/1226/1134 878/1198/1106 885/1171/1079
f 899/1203/1111 1075/1227/1135 1352/1228/1136 906/1200/1108
f 859/1168/1076 937/1229/1137 938/1230/1138 857/1169/1077
f 9/1231/1139 888/1232/1140 1342/1233/1141 8/1234/1142
f 1971/1235/1143 1972/1236/1144 887/1237/1145 886/1238/1146
f 939/1239/1147 940/1240/1148 858/1167/1075 896/1166/1074
f 889/1241/1149 897/1242/1150 1973/1243/1151 1974/1244/1152
f 1343/1245/1153 12/1246/1154 10/1247/1155 890/1248/1156
f 1974/1244/1152 1975/1249/1157 891/1250/1158 889/1241/1149
f 10/1247/1155 11/1251/1159 892/1252/1160 890/1248/1156
f 869/1253/1161 862/1254/1162 855/1188/1096 1362/1191/1099
f 894/1178/1086 893/1177/1085 872/1162/1070 854/1163/1071
f 895/1165/1073 1348/1223/1131 1349/1224/1132 884/1170/1078
f 896/1166/1074 895/1165/1073 884/1170/1078 857/1169/1077
f 938/1230/1138 939/1239/1147 896/1166/1074 857/1169/1077
f 1972/1236/1144 1973/1243/1151 897/1242/1150 887/1237/1145
f 9/1231/1139 12/1246/1154 1343/1245/1153 888/1232/1140
f 899/1203/1111 898/1202/1110 876/1199/1107 878/1198/1106
f 878/1198/1106 1351/1226/1134 1075/1227/1135 899/1203/1111
f 874/1160/1068 901/1155/1063 900/1154/1062 850/1161/1069
f 851/1193/1101 902/1196/1104 1359/1195/1103 1360/1192/1100
f 1960/1255/1163 1961/1256/1164 1358/1194/1102 903/1197/1105
f 905/1157/1065 904/1156/1064 1962/1257/1165 1963/1258/1166
f 906/1200/1108 1352/1228/1136 1964/1259/1167 1965/1260/1168
f 1965/1260/1168 1966/1261/1169 907/1201/1109 906/1200/1108
f 1379/1262/1170 932/1263/1171 18/1264/1172 14/1265/1173
f 1955/1266/1174 1956/1267/1175 863/1184/1092 870/1187/1095
f 925/1268/1176 1954/1269/1177 2047/1270/1178 2046/1271/1179
f 914/1272/1180 1378/1273/1181 1377/1274/1182 915/1275/1183
f 1377/1274/1182 2051/1276/1184 2050/1277/1185 915/1275/1183
f 916/1278/1186 1376/1279/1187 1375/1280/1188 917/1281/1189
f 2027/1282/1190 2028/1283/1191 53/1181/1089 2034/1180/1088
f 1377/1274/1182 1378/1273/1181 20/1284/1192 15/1285/1193
f 2051/1276/1184 1377/1274/1182 15/1285/1193 2052/1286/1194
f 1375/1280/1188 1376/1279/1187 16/1287/1195 17/1288/1196
f 52/1289/1197 868/1290/1198 1375/1280/1188 17/1288/1196
f 920/1291/1199 919/1292/1200 921/1293/1201 922/1294/1202
f 1381/1295/1203 64/1296/1204 65/1297/1205 2039/1298/1206
f 922/1294/1202 921/1293/1201 916/1278/1186 917/1281/1189
f 1381/1295/1203 920/1291/1199 922/1294/1202 868/1290/1198
f 917/1281/1189 1375/1280/1188 868/1290/1198 922/1294/1202
f 921/1293/1201 919/1292/1200 867/1299/1207 912/1300/1208
f 867/1299/1207 919/1292/1200 1382/1301/1209 923/1302/1210
f 1952/1303/1211 1953/1304/1212 1372/1305/1213 908/1306/1214
f 915/1275/1183 2050/1277/1185 2049/1307/1215 927/1308/1216
f 927/1308/1216 2049/1307/1215 2048/1309/1217 926/1310/1218
f 1370/1311/1219 1371/1312/1220 913/1313/1221 1369/1314/1222
f 928/1315/1223 1072/1316/1224 1346/1317/1225 909/1318/1226
f 1367/1319/1227 1368/1320/1228 928/1315/1223 909/1318/1226
f 932/1263/1171 933/1321/1229 13/1322/1230 18/1264/1172
f 1950/1323/1231 1951/1324/1232 1354/1325/1233 1355/1326/1234
f 1355/1326/1234 1356/1327/1235 1949/1328/1236 1950/1323/1231
f 930/1329/1237 1366/1330/1238 1367/1319/1227 909/1318/1226
f 933/1321/1229 934/1331/1239 19/1332/1240 13/1322/1230
f 929/1333/1241 932/1263/1171 1379/1262/1170 911/1334/1242
f 910/1335/1243 933/1321/1229 932/1263/1171 929/1333/1241
f 931/1336/1244 934/1331/1239 933/1321/1229 910/1335/1243
f 911/1334/1242 1379/1262/1170 1378/1273/1181 914/1272/1180
f 20/1284/1192 1378/1273/1181 1379/1262/1170 14/1265/1173
f 21/1337/1245 63/1338/1246 1380/1339/1247 935/1340/1248
f 930/1329/1237 935/1340/1248 1380/1339/1247 1366/1330/1238
f 22/1341/1249 1947/1342/1250 1948/1343/1251 936/1344/1252
f 938/1230/1138 937/1229/1137 886/1238/1146 887/1237/1145
f 897/1242/1150 939/1239/1147 938/1230/1138 887/1237/1145
f 889/1241/1149 940/1240/1148 939/1239/1147 897/1242/1150
f 941/1345/1253 940/1240/1148 889/1241/1149 891/1250/1158
f 1336/1174/1082 1337/1346/1254 942/1347/1255 860/1175/1083
f 1337/1346/1254 1338/1348/1256 943/1349/1257 942/1347/1255
f 936/1344/1252 942/1347/1255 943/1349/1257 944/1350/1258
f 23/1351/1259 22/1341/1249 936/1344/1252 944/1350/1258
f 1731/1352/1260 1732/1151/1059 1018/1150/1058 1029/1353/1261
f 946/1354/1262 1016/1355/1263 953/1356/1264 947/1357/1265
f 947/1357/1265 949/1358/1266 950/1359/1267 948/1360/1268
f 952/1361/1269 950/1359/1267 949/1358/1266 951/1362/1270
f 953/1356/1264 954/1363/1271 949/1358/1266 947/1357/1265
f 954/1363/1271 955/1364/1272 951/1362/1270 949/1358/1266
f 1006/1365/1273 1007/1366/1274 968/1367/1275 956/1368/1276
f 972/1369/1277 973/1370/1278 957/1371/1279 960/1372/1280
f 1985/1373/1281 1986/1374/1282 972/1369/1277 960/1372/1280
f 965/1375/1283 970/1376/1284 971/1377/1285 963/1378/1286
f 968/1367/1275 1466/1379/1287 1467/1380/1288 956/1368/1276
f 966/1381/1289 969/1382/1290 1232/1383/1291 1233/1384/1292
f 1465/1385/1293 1466/1379/1287 968/1367/1275 959/1386/1294
f 1231/1387/1295 1232/1383/1291 969/1382/1290 967/1388/1296
f 971/1377/1285 970/1376/1284 964/1389/1297 962/1390/1298
f 972/1369/1277 1986/1374/1282 1987/1391/1299 961/1392/1300
f 958/1393/1301 973/1370/1278 972/1369/1277 961/1392/1300
f 959/1386/1294 968/1367/1275 1007/1366/1274 1008/1394/1302
f 975/1395/1303 978/1396/1304 979/1397/1305 974/1398/1306
f 979/1397/1305 1989/1399/1307 1990/1400/1308 974/1398/1306
f 980/1401/1309 981/1402/1310 977/1403/1311 976/1404/1312
f 979/1397/1305 978/1396/1304 1644/1405/1313 1632/1406/1314
f 1632/1406/1314 1988/1407/1315 1989/1399/1307 979/1397/1305
f 1634/1408/1316 1659/1409/1317 1664/1410/1318 1660/1411/1319
f 1657/1412/1320 1645/1413/1321 1631/1414/1322 1619/1415/1323
f 985/1416/1324 984/1417/1325 948/1360/1268 950/1359/1267
f 1472/1418/1326 1473/1419/1327 985/1416/1324 950/1359/1267
f 986/1420/1328 988/1421/1329 989/1422/1330 987/1423/1331
f 1185/1424/1332 989/1422/1330 988/1421/1329 990/1425/1333
f 991/1426/1334 24/1427/1335 25/1428/1336 992/1429/1337
f 1189/1430/1338 1190/1431/1339 993/1432/1340 1169/1433/1341
f 1190/1431/1339 1476/1434/1342 1477/1435/1343 993/1432/1340
f 1192/1436/1344 1193/1437/1345 1186/1438/1346 1173/1439/1347
f 29/1440/1348 1175/1441/1349 1194/1442/1350 46/1443/1351
f 1646/1444/1352 1717/1445/1353 1718/1446/1354 1630/1447/1355
f 1628/1448/1356 1629/1449/1357 1647/1450/1358 1648/1451/1359
f 1991/1452/1360 1992/1453/1361 1657/1412/1320 1619/1415/1323
f 1621/1454/1362 1622/1455/1363 1654/1456/1364 1655/1457/1365
f 1624/1458/1366 1625/1459/1367 1651/1460/1368 1652/1461/1369
f 973/1370/1278 1266/1462/1370 1267/1463/1371 957/1371/1279
f 1265/1464/1372 1266/1462/1370 973/1370/1278 958/1393/1301
f 1004/1465/1373 1005/1466/1374 1006/1365/1273 956/1368/1276
f 1267/1463/1371 1268/1467/1375 1009/1468/1376 957/1371/1279
f 1010/1469/1377 951/1362/1270 955/1364/1272 1011/1470/1378
f 957/1371/1279 1009/1468/1376 1012/1471/1379 960/1372/1280
f 948/1360/1268 1015/1472/1380 946/1354/1262 947/1357/1265
f 1015/1472/1380 54/1473/1381 77/1474/1382 946/1354/1262
f 1015/1472/1380 1017/1475/1383 31/1476/1384 54/1473/1381
f 984/1417/1325 1017/1475/1383 1015/1472/1380 948/1360/1268
f 945/1477/1385 1016/1355/1263 30/1478/1386 1/1479/1387
f 953/1356/1264 1016/1355/1263 945/1477/1385 1019/1480/1388
f 953/1356/1264 1019/1480/1388 1020/1481/1389 954/1363/1271
f 955/1364/1272 954/1363/1271 1020/1481/1389 1021/1482/1390
f 1019/1480/1388 1022/1483/1391 1021/1482/1390 1020/1481/1389
f 1019/1480/1388 945/1477/1385 1023/1484/1392 1022/1483/1391
f 32/1485/1393 1023/1484/1392 945/1477/1385 1/1479/1387
f 1022/1483/1391 1023/1484/1392 1024/1486/1394 1025/1487/1395
f 33/1488/1396 1024/1486/1394 1023/1484/1392 32/1485/1393
f 1021/1482/1390 1026/1489/1397 1011/1470/1378 955/1364/1272
f 1026/1489/1397 1021/1482/1390 1022/1483/1391 1025/1487/1395
f 944/1350/1258 1027/1490/1398 34/1491/1399 23/1351/1259
f 943/1349/1257 1028/1492/1400 1027/1490/1398 944/1350/1258
f 1031/1493/1401 1030/1494/1402 1426/1495/1403 1415/1496/1404
f 1032/1497/1405 1031/1493/1401 1415/1496/1404 1416/1498/1406
f 1005/1466/1374 1004/1465/1373 1030/1494/1402 1031/1493/1401
f 1014/1499/1407 1035/1500/1408 1012/1471/1379 1009/1468/1376
f 1417/1501/1409 1418/1502/1410 1014/1499/1407 1013/1503/1411
f 1036/1504/1412 1034/1505/1413 1033/1506/1414 1037/1507/1415
f 1035/1500/1408 1014/1499/1407 1418/1502/1410 1419/1508/1416
f 1038/1509/1417 1036/1510/1412 1037/1511/1415 1039/1512/1418
f 1980/1513/1419 1981/1514/1420 1038/1509/1417 1039/1512/1418
f 952/1361/1269 1471/1515/1421 1472/1418/1326 950/1359/1267
f 1469/1516/1422 1470/1517/1423 1426/1495/1403 1030/1494/1402
f 1004/1465/1373 1468/1518/1424 1469/1516/1422 1030/1494/1402
f 1467/1380/1288 1468/1518/1424 1004/1465/1373 956/1368/1276
f 1047/1519/1425 1052/1520/1426 1048/1521/1427 1049/1522/1428
f 1048/1521/1427 1050/1523/1429 1051/1524/1430 1049/1522/1428
f 36/1525/1431 35/1526/1432 1051/1524/1430 1050/1523/1429
f 35/1526/1432 37/1527/1433 1049/1522/1428 1051/1524/1430
f 37/1527/1433 38/1528/1434 1047/1519/1425 1049/1522/1428
f 1052/1520/1426 1047/1519/1425 1045/1529/1435 1046/1530/1436
f 38/1528/1434 39/1531/1437 1053/1532/1438 1047/1519/1425
f 1047/1519/1425 1053/1532/1438 1054/1533/1439 1045/1529/1435
f 1056/1534/1440 1045/1529/1435 1054/1533/1439 1055/1535/1441
f 1478/1536/1442 1479/1537/1443 1056/1534/1440 1055/1535/1441
f 1045/1529/1435 1056/1534/1440 1059/1538/1444 1046/1530/1436
f 55/1539/1445 36/1525/1431 1050/1523/1429 1060/1540/1446
f 1050/1541/1429 1061/1542/1447 1062/1543/1448 1060/1544/1446
f 1061/1542/1447 1050/1541/1429 1048/1545/1427 1063/1546/1449
f 1063/1546/1449 1048/1545/1427 1052/1547/1426 1064/1548/1450
f 1046/1549/1436 1065/1550/1451 1064/1548/1450 1052/1547/1426
f 1059/1551/1444 1066/1552/1452 1065/1550/1451 1046/1549/1436
f 1066/1552/1452 1059/1551/1444 1480/1553/1453 1481/1554/1454
f 1056/1534/1440 1479/1537/1443 1480/1555/1453 1059/1538/1444
f 1070/1186/1094 1069/1185/1093 862/1254/1162 2043/1556/1455
f 1136/1557/1456 1130/1558/1457 1077/1559/1458 1081/1560/1459
f 1436/1561/1460 1427/1562/1461 1448/1563/1462 1452/1564/1463
f 1081/1560/1459 1077/1559/1458 1097/1565/1464 1092/1566/1465
f 1130/1558/1457 1131/1567/1466 1078/1568/1467 1077/1559/1458
f 1078/1568/1467 1096/1569/1468 1097/1565/1464 1077/1559/1458
f 1428/1570/1469 1451/1571/1470 1448/1563/1462 1427/1562/1461
f 1294/1572/1471 1295/1573/1472 1290/1574/1473 1291/1575/1474
f 1434/1576/1475 1435/1577/1476 1297/1578/1477 1288/1579/1478
f 1486/1580/1479 1487/1581/1480 1102/1582/1481 1428/1570/1469
f 1429/1583/1482 1430/1584/1483 1160/1585/1484 1101/1586/1485
f 1430/1584/1483 1431/1587/1486 1100/1588/1487 1160/1585/1484
f 1099/1589/1488 1149/1590/1489 1432/1591/1490 1433/1592/1491
f 1093/1593/1492 1151/1594/1493 1152/1595/1494 1082/1596/1495
f 1094/1597/1496 1161/1598/1497 1088/1599/1498 1087/1600/1499
f 1161/1598/1497 1095/1601/1500 1089/1602/1501 1088/1599/1498
f 1483/1603/1502 1484/1604/1503 1096/1569/1468 1078/1568/1467
f 1131/1567/1466 1482/1605/1504 1483/1603/1502 1078/1568/1467
f 1132/1606/1505 1133/1607/1506 1088/1599/1498 1089/1602/1501
f 1088/1599/1498 1133/1607/1506 1134/1608/1507 1087/1600/1499
f 1152/1595/1494 1153/1609/1508 1135/1610/1509 1082/1596/1495
f 1289/1611/1510 1290/1574/1473 1295/1573/1472 1296/1612/1511
f 1150/1613/1512 1151/1594/1493 1093/1593/1492 1083/1614/1513
f 1085/1615/1514 1161/1598/1497 1094/1597/1496 1086/1616/1515
f 1084/1617/1516 1095/1601/1500 1161/1598/1497 1085/1615/1514
f 1079/1618/1517 1096/1569/1468 1484/1604/1503 1485/1619/1518
f 1097/1565/1464 1096/1569/1468 1079/1618/1517 1076/1620/1519
f 1092/1566/1465 1097/1565/1464 1076/1620/1519 1080/1621/1520
f 1438/1622/1521 1439/1623/1522 1288/1579/1478 1297/1578/1477
f 1440/1624/1523 1441/1625/1524 1149/1590/1489 1099/1589/1488
f 1442/1626/1525 1443/1627/1526 1160/1585/1484 1100/1588/1487
f 1101/1586/1485 1160/1585/1484 1443/1627/1526 1444/1628/1527
f 1487/1581/1480 1488/1629/1528 1445/1630/1529 1102/1582/1481
f 1445/1630/1529 1446/1631/1530 1450/1632/1531 1454/1633/1532
f 1098/1634/1533 1449/1635/1534 1453/1636/1535 1437/1637/1536
f 1489/1638/1537 1490/1140/1048 1104/1139/1047 825/1639/1538
f 1106/1142/1050 1105/1141/1049 831/1640/1539 842/1641/1540
f 1107/1143/1051 1106/1142/1050 842/1641/1540 841/1642/1541
f 1108/1145/1053 1147/1144/1052 1148/1643/1542 838/1644/1543
f 1298/1645/1544 1299/1146/1054 1286/1147/1055 1287/1646/1545
f 824/1647/1546 1110/1149/1057 1109/1148/1056 826/1648/1547
f 825/1639/1538 1104/1139/1047 1110/1149/1057 824/1647/1546
f 1112/1089/997 1111/1087/995 823/1649/1548 836/1650/1549
f 1283/1651/1550 1284/1122/1030 1301/1121/1029 1302/1652/1551
f 1144/1653/1552 1145/1130/1038 1113/1129/1037 837/1654/1553
f 840/1655/1554 1159/1133/1041 1114/1137/1045 839/1656/1555
f 830/1657/1556 1115/1134/1042 1159/1133/1041 840/1655/1554
f 1116/1086/994 1492/1099/1007 1493/1658/1557 822/1659/1558
f 1111/1087/995 1116/1086/994 822/1659/1558 823/1649/1548
f 1118/1092/1000 1117/1091/999 823/1649/1548 822/1659/1558
f 1493/1658/1557 1494/1096/1004 1118/1092/1000 822/1659/1558
f 1120/1126/1034 1119/1128/1036 830/1657/1556 840/1655/1554
f 839/1656/1555 1121/1127/1035 1120/1126/1034 840/1655/1554
f 1122/1125/1033 1143/1124/1032 1144/1653/1552 837/1654/1553
f 1302/1652/1551 1303/1119/1027 1282/1118/1026 1283/1651/1550
f 1117/1091/999 1123/1117/1025 836/1650/1549 823/1649/1548
f 807/1660/960 1125/1115/1023 1124/1095/1003 801/1661/961
f 1279/1662/969 1280/1113/1021 1305/1112/1020 1306/1663/970
f 1140/1664/968 1141/1108/1016 1126/1107/1015 806/1665/967
f 804/1666/964 1158/1102/1010 1127/1106/1014 805/1667/966
f 1128/1103/1011 1158/1102/1010 804/1666/964 803/1668/965
f 1129/1094/1002 1496/1100/1008 1497/1669/963 802/1670/962
f 801/1661/961 1124/1095/1003 1129/1094/1002 802/1670/962
f 1065/1550/1451 1130/1558/1457 1136/1557/1456 1064/1548/1450
f 1066/1552/1452 1131/1567/1466 1130/1558/1457 1065/1550/1451
f 1481/1554/1454 1482/1605/1504 1131/1567/1466 1066/1552/1452
f 1090/1671/1559 1133/1607/1506 1132/1606/1505 1068/1672/1560
f 1091/1673/1561 1134/1608/1507 1133/1607/1506 1090/1671/1559
f 1291/1575/1474 1292/1674/1562 1293/1675/1563 1294/1572/1471
f 1138/1036/944 1137/1040/948 790/1034/942 788/1033/941
f 1139/1037/945 1138/1036/944 788/1033/941 789/1032/940
f 1140/1060/968 1139/1037/945 789/1032/940 805/1058/966
f 805/1667/966 1127/1106/1014 1141/1108/1016 1140/1664/968
f 1142/1109/1017 1141/1108/1016 1127/1106/1014 833/1105/1013
f 833/1105/1013 1121/1127/1035 1143/1124/1032 1142/1109/1017
f 1144/1653/1552 1143/1124/1032 1121/1127/1035 839/1656/1555
f 839/1656/1555 1114/1137/1045 1145/1130/1038 1144/1653/1552
f 1146/1131/1039 1145/1130/1038 1114/1137/1045 846/1138/1046
f 1147/1144/1052 1146/1131/1039 846/1138/1046 1107/1143/1051
f 1148/1643/1542 1147/1144/1052 1107/1143/1051 841/1642/1541
f 1441/1625/1524 1442/1626/1525 1100/1588/1487 1149/1590/1489
f 1431/1587/1486 1432/1591/1490 1149/1590/1489 1100/1588/1487
f 1086/1616/1515 1094/1597/1496 1151/1594/1493 1150/1613/1512
f 1152/1595/1494 1151/1594/1493 1094/1597/1496 1087/1600/1499
f 1087/1600/1499 1134/1608/1507 1153/1609/1508 1152/1595/1494
f 1154/1676/1564 1153/1609/1508 1134/1608/1507 1091/1673/1561
f 1154/1676/1564 1062/1677/1448 1135/1610/1509 1153/1609/1508
f 1068/1672/1560 1067/1678/1565 1162/1679/1566 1163/1680/1567
f 1068/1672/1560 1163/1680/1567 1164/1681/1568 1090/1671/1559
f 1165/1682/1569 1091/1673/1561 1090/1671/1559 1164/1681/1568
f 1162/1683/1566 1067/1684/1565 1058/1685/1570 1166/1686/1571
f 1166/1686/1571 1058/1685/1570 1057/1687/1572 1167/1688/1573
f 1168/1689/1574 1166/1686/1571 1167/1688/1573 1187/1690/1575
f 45/1691/1576 1188/1692/1577 1172/1693/1578 26/1694/1579
f 1188/1692/1577 1189/1430/1338 1169/1433/1341 1172/1693/1578
f 27/1695/1580 31/1476/1384 1017/1475/1383 1171/1696/1581
f 1170/1697/1582 1171/1696/1581 1017/1475/1383 984/1417/1325
f 994/1698/1583 1170/1697/1582 984/1417/1325 985/1416/1324
f 985/1416/1324 1473/1419/1327 1474/1699/1584 994/1698/1583
f 1191/1700/1585 1192/1436/1344 1173/1439/1347 995/1701/1586
f 997/1702/1587 1174/1703/1588 989/1422/1330 1185/1424/1332
f 1174/1703/1588 996/1704/1589 987/1423/1331 989/1422/1330
f 992/1429/1337 25/1428/1336 28/1705/1590 1176/1706/1591
f 39/1531/1437 26/1694/1579 1172/1693/1578 1053/1532/1438
f 1053/1532/1438 1172/1693/1578 1169/1433/1341 1054/1533/1439
f 993/1432/1340 1055/1535/1441 1054/1533/1439 1169/1433/1341
f 1055/1535/1441 993/1432/1340 1477/1435/1343 1478/1536/1442
f 995/1701/1586 1173/1439/1347 1167/1688/1573 1057/1687/1572
f 1186/1438/1346 1187/1690/1575 1167/1688/1573 1173/1439/1347
f 29/1440/1348 40/1707/1592 1177/1708/1593 1175/1441/1349
f 1178/1709/1594 1183/1710/1595 43/1711/1596 41/1712/1597
f 56/1713/1598 1165/1714/1569 1178/1709/1594 41/1712/1597
f 1164/1715/1568 1179/1716/1599 1178/1709/1594 1165/1714/1569
f 1179/1716/1599 1164/1715/1568 1163/1717/1567 1180/1718/1600
f 1163/1717/1567 1162/1683/1566 1181/1719/1601 1180/1718/1600
f 1162/1683/1566 1166/1686/1571 1168/1689/1574 1181/1719/1601
f 44/1720/1602 1184/1721/1603 1177/1708/1593 40/1707/1592
f 43/1711/1596 1183/1710/1595 1182/1722/1604 42/1723/1605
f 1179/1716/1599 1180/1718/1600 1183/1710/1595 1178/1709/1594
f 1180/1718/1600 1181/1719/1601 1182/1722/1604 1183/1710/1595
f 42/1723/1605 1182/1722/1604 1184/1721/1603 44/1720/1602
f 1168/1689/1574 1184/1721/1603 1182/1722/1604 1181/1719/1601
f 992/1429/1337 1185/1424/1332 990/1425/1333 991/1426/1334
f 1176/1706/1591 997/1702/1587 1185/1424/1332 992/1429/1337
f 1193/1437/1345 1194/1442/1350 1175/1441/1349 1186/1438/1346
f 1177/1708/1593 1187/1690/1575 1186/1438/1346 1175/1441/1349
f 1187/1690/1575 1177/1708/1593 1184/1721/1603 1168/1689/1574
f 75/1724/1606 1455/1725/1607 1188/1692/1577 45/1691/1576
f 1455/1725/1607 1456/1726/1608 1189/1430/1338 1188/1692/1577
f 1456/1726/1608 1457/1727/1609 1190/1431/1339 1189/1430/1338
f 1457/1727/1609 1475/1728/1610 1476/1434/1342 1190/1431/1339
f 1458/1729/1611 1459/1730/1612 1192/1436/1344 1191/1700/1585
f 1459/1730/1612 1460/1731/1613 1193/1437/1345 1192/1436/1344
f 1460/1731/1613 1461/1732/1614 1194/1442/1350 1193/1437/1345
f 46/1443/1351 1194/1442/1350 1461/1732/1614 74/1733/1615
f 1154/1676/1564 1091/1673/1561 1165/1682/1569 1195/1734/1616
f 1062/1677/1448 1154/1676/1564 1195/1734/1616 1060/1735/1446
f 1060/1540/1446 1195/1736/1616 57/1737/1617 55/1539/1445
f 56/1713/1598 57/1738/1617 1195/1739/1616 1165/1714/1569
f 1197/1740/1618 1758/1741/1619 1759/1742/1620 1218/1743/1621
f 1753/1744/985 1754/1745/1622 1208/1746/1623 817/1747/986
f 1509/1748/1624 1756/1749/1625 1757/1750/1626 1215/1751/1627
f 1208/1746/1623 1209/1752/1628 819/1753/987 817/1747/986
f 819/1753/987 1209/1752/1628 1210/1754/1629 1202/1755/1630
f 819/1079/987 1202/1756/1630 773/1006/914 775/1005/913
f 1505/1757/1631 1506/1758/1632 1211/1759/1633 1203/1760/1634
f 1504/1003/911 1505/1761/1631 1203/1762/1634 771/1001/909
f 1211/1759/1633 1212/1763/1635 1206/1764/1636 1203/1760/1634
f 1203/1762/1634 1206/1765/1636 769/999/907 771/1001/909
f 1208/1746/1623 1754/1745/1622 1755/1766/1637 1199/1767/1638
f 1199/1767/1638 1200/1768/1639 1209/1752/1628 1208/1746/1623
f 1210/1754/1629 1209/1752/1628 1200/1768/1639 1201/1769/1640
f 1204/1770/1641 1211/1759/1633 1506/1758/1632 1507/1771/1642
f 1204/1770/1641 1205/1772/1643 1212/1763/1635 1211/1759/1633
f 1212/1763/1635 811/1773/1644 813/1774/1645 1206/1764/1636
f 770/1000/908 769/999/907 1206/1765/1636 813/1775/1645
f 1197/1740/1618 1218/1743/1621 1219/1776/1646 1213/1777/1647
f 1508/1778/1648 1509/1748/1624 1215/1751/1627 1216/1779/1649
f 1215/1751/1627 1757/1750/1626 1758/1741/1619 1197/1740/1618
f 1216/1779/1649 1215/1751/1627 1197/1740/1618 1213/1777/1647
f 1507/1771/1642 1508/1778/1648 1216/1779/1649 1204/1770/1641
f 1216/1779/1649 1213/1777/1647 1205/1772/1643 1204/1770/1641
f 1218/1743/1621 1759/1742/1620 1760/1780/1650 1222/1781/1651
f 1219/1776/1646 1218/1743/1621 1222/1781/1651 1945/1782/1652
f 1219/1776/1646 1220/1783/1653 1205/1772/1643 1213/1777/1647
f 1220/1783/1653 1219/1776/1646 1945/1782/1652 1944/1784/1654
f 1222/1785/1651 1760/1786/1650 1761/1076/984 812/1074/982
f 1220/1783/1653 811/1773/1644 1212/1763/1635 1205/1772/1643
f 1137/1040/948 1223/1787/1655 821/1083/991 790/1034/942
f 793/1039/947 1224/1788/1656 1223/1787/1655 1137/1040/948
f 1309/1045/953 1310/1789/1657 1275/1790/1658 1276/1046/954
f 1226/1791/1659 1225/1792/1660 808/1063/971 796/1065/973
f 796/1065/973 809/1066/974 1221/1793/1661 1226/1791/1659
f 1228/1794/1662 1227/1795/1663 1241/1796/1664 1242/1797/1665
f 1230/1798/1666 1238/1799/1667 1239/1800/1668 1229/1801/1669
f 1229/1801/1669 1249/1802/1670 1250/1803/1671 1230/1798/1666
f 1243/1804/1672 1244/1805/1673 1232/1383/1291 1231/1387/1295
f 1233/1384/1292 1232/1383/1291 1244/1805/1673 1245/1806/1674
f 1234/1807/1675 1248/1808/1676 990/1425/1333 988/1421/1329
f 988/1421/1329 986/1420/1328 1042/1809/1677 1234/1807/1675
f 1043/1810/1678 1235/1811/1679 1424/1812/1680 1425/1813/1681
f 1235/1811/1679 1236/1814/1682 1423/1815/1683 1424/1812/1680
f 1421/1816/1684 1422/1817/1685 1227/1795/1663 1228/1794/1662
f 1423/1815/1683 1236/1814/1682 1227/1795/1663 1422/1817/1685
f 966/1381/1289 1233/1384/1292 1240/1818/1686 1044/1819/1687
f 1235/1811/1679 1043/1810/1678 1044/1819/1687 1240/1818/1686
f 1242/1797/1665 1241/1796/1664 965/1375/1283 963/1378/1286
f 1233/1384/1292 1245/1806/1674 1246/1820/1688 1240/1818/1686
f 1244/1805/1673 1243/1804/1672 964/1389/1297 970/1376/1284
f 1245/1806/1674 1244/1805/1673 970/1376/1284 965/1375/1283
f 1246/1820/1688 1245/1806/1674 965/1375/1283 1241/1796/1664
f 1236/1814/1682 1246/1820/1688 1241/1796/1664 1227/1795/1663
f 1240/1818/1686 1246/1820/1688 1236/1814/1682 1235/1811/1679
f 1237/1821/1689 1247/1822/1690 1248/1808/1676 1234/1807/1675
f 1247/1822/1690 1237/1821/1689 1238/1799/1667 1230/1798/1666
f 1250/1803/1671 1249/1802/1670 47/1823/1691 48/1824/1692
f 49/1825/1693 1251/1826/1694 1250/1803/1671 48/1824/1692
f 1250/1803/1671 1251/1826/1694 1247/1822/1690 1230/1798/1666
f 1247/1822/1690 1251/1826/1694 1252/1827/1695 1248/1808/1676
f 991/1426/1334 990/1425/1333 1248/1808/1676 1252/1827/1695
f 50/1828/1696 1252/1827/1695 1251/1826/1694 49/1825/1693
f 24/1427/1335 991/1426/1334 1252/1827/1695 50/1828/1696
f 1984/1829/1697 1985/1373/1281 960/1372/1280 1012/1471/1379
f 1983/1830/1698 1984/1829/1697 1012/1471/1379 1035/1500/1408
f 1239/1800/1668 1041/1831/1699 1040/1832/1700 1229/1801/1669
f 1242/1797/1665 1254/1833/1701 1253/1834/1702 1228/1794/1662
f 963/1378/1286 1255/1835/1703 1254/1833/1701 1242/1797/1665
f 963/1378/1286 971/1377/1285 1256/1836/1704 1255/1835/1703
f 1257/1837/1705 1256/1836/1704 971/1377/1285 962/1390/1298
f 1660/1411/1319 1663/1838/1706 1661/1839/1707 1634/1408/1316
f 1259/1840/1708 1258/1841/1709 980/1401/1309 976/1404/1312
f 1655/1457/1365 1656/1842/1710 1620/1843/1711 1621/1454/1362
f 1982/1844/1712 1983/1830/1698 1035/1500/1408 1419/1508/1416
f 1228/1794/1662 1253/1834/1702 1420/1845/1713 1421/1816/1684
f 1726/1846/1714 1727/1847/1715 1417/1501/1409 1013/1503/1411
f 1034/1505/1413 1728/1848/1716 1729/1849/1717 1033/1506/1414
f 1008/1394/1302 1007/1366/1274 1262/1850/1718 1261/1851/1719
f 1263/1852/1720 1262/1850/1718 1007/1366/1274 1006/1365/1273
f 1006/1365/1273 1005/1466/1374 1264/1853/1721 1263/1852/1720
f 1005/1466/1374 1031/1493/1401 1032/1497/1405 1264/1853/1721
f 1722/1854/1722 1723/1855/1723 1266/1462/1370 1265/1464/1372
f 1267/1463/1371 1266/1462/1370 1723/1855/1723 1724/1856/1724
f 1724/1856/1724 1725/1857/1725 1268/1467/1375 1267/1463/1371
f 1725/1857/1725 1726/1846/1714 1013/1503/1411 1268/1467/1375
f 1268/1467/1375 1013/1503/1411 1014/1499/1407 1009/1468/1376
f 1269/1858/1726 1249/1802/1670 1229/1801/1669 1040/1832/1700
f 1249/1802/1670 1269/1858/1726 51/1859/1727 47/1823/1691
f 1729/1849/1717 1730/1860/1728 1270/1861/1729 1033/1506/1414
f 1271/1862/1730 1037/1507/1415 1033/1506/1414 1270/1861/1729
f 1271/1863/1730 1272/1864/1731 1039/1512/1418 1037/1511/1415
f 1272/1864/1731 1979/1865/1732 1980/1513/1419 1039/1512/1418
f 58/1866/1733 51/1859/1727 1269/1858/1726 1274/1867/1734
f 1274/1867/1734 1269/1858/1726 1040/1832/1700 1273/1868/1735
f 1029/1353/1261 1270/1861/1729 1730/1860/1728 1731/1352/1260
f 1276/1046/954 1275/1790/1658 1224/1869/1656 793/1870/947
f 1277/1041/949 1276/1046/954 793/1870/947 792/1871/943
f 791/1872/946 1278/1042/950 1277/1041/949 792/1871/943
f 806/1873/967 1279/1061/969 1278/1042/950 791/1872/946
f 1126/1874/1015 1280/1113/1021 1279/1662/969 806/1875/967
f 1281/1114/1022 1280/1113/1021 1126/1874/1015 834/1876/1018
f 834/1876/1018 1122/1877/1033 1282/1118/1026 1281/1114/1022
f 1283/1651/1550 1282/1118/1026 1122/1877/1033 837/1878/1553
f 837/1878/1553 1113/1879/1037 1284/1122/1030 1283/1651/1550
f 1285/1123/1031 1284/1122/1030 1113/1879/1037 847/1880/1040
f 1286/1147/1055 1285/1123/1031 847/1880/1040 1108/1881/1053
f 1287/1646/1545 1286/1147/1055 1108/1881/1053 838/1882/1543
f 1099/1883/1488 1288/1579/1478 1439/1623/1522 1440/1884/1523
f 1433/1885/1491 1434/1576/1475 1288/1579/1478 1099/1883/1488
f 1083/1886/1513 1093/1887/1492 1290/1574/1473 1289/1611/1510
f 1291/1575/1474 1290/1574/1473 1093/1887/1492 1082/1888/1495
f 1135/1889/1509 1292/1674/1562 1291/1575/1474 1082/1888/1495
f 1294/1572/1471 1293/1675/1563 1136/1557/1456 1081/1560/1459
f 1092/1566/1465 1295/1573/1472 1294/1572/1471 1081/1560/1459
f 1296/1612/1511 1295/1573/1472 1092/1566/1465 1080/1621/1520
f 1435/1577/1476 1436/1561/1460 1098/1634/1533 1297/1578/1477
f 1437/1637/1536 1438/1622/1521 1297/1578/1477 1098/1634/1533
f 1109/1148/1056 1299/1146/1054 1298/1645/1544 826/1648/1547
f 848/1088/996 1300/1120/1028 1299/1146/1054 1109/1148/1056
f 1112/1089/997 1301/1121/1029 1300/1120/1028 848/1088/996
f 1302/1652/1551 1301/1121/1029 1112/1089/997 836/1650/1549
f 1123/1117/1025 1303/1119/1027 1302/1652/1551 836/1650/1549
f 1304/1111/1019 1303/1119/1027 1123/1117/1025 835/1116/1024
f 835/1116/1024 1125/1115/1023 1305/1112/1020 1304/1111/1019
f 1306/1663/970 1305/1112/1020 1125/1115/1023 807/1660/960
f 1307/1043/951 1306/1062/970 807/1052/960 797/1051/959
f 1308/1044/952 1307/1043/951 797/1051/959 794/1064/972
f 808/1063/971 1309/1045/953 1308/1044/952 794/1064/972
f 1225/1792/1660 1310/1789/1657 1309/1045/953 808/1063/971
f 1135/1889/1509 1062/1543/1448 1061/1542/1447 1292/1674/1562
f 1292/1674/1562 1061/1542/1447 1063/1546/1449 1293/1675/1563
f 1064/1548/1450 1136/1557/1456 1293/1675/1563 1063/1546/1449
f 1645/1413/1321 1646/1444/1352 1630/1447/1355 1631/1414/1322
f 1311/1890/1736 1313/1891/1737 978/1396/1304 975/1395/1303
f 1643/1892/1738 1644/1405/1313 978/1396/1304 1313/1891/1737
f 1720/1893/1739 1721/1894/1740 1643/1892/1738 1313/1891/1737
f 1719/1895/1741 1720/1893/1739 1313/1891/1737 1311/1890/1736
f 1626/1896/1742 1627/1897/1743 1649/1898/1744 1650/1899/1745
f 1316/1900/1746 1317/1901/1747 1314/1902/1748 998/1903/1749
f 1641/1904/1750 1642/1905/1751 1314/1902/1748 1317/1901/1747
f 1640/1906/1752 1641/1904/1750 1317/1901/1747 1318/1907/1753
f 1627/1897/1743 1628/1448/1356 1648/1451/1359 1649/1898/1744
f 1317/1901/1747 1316/1900/1746 1319/1908/1754 1318/1907/1753
f 1639/1909/1755 1640/1906/1752 1318/1907/1753 1464/1910/1756
f 1463/1911/1757 1464/1910/1756 1318/1907/1753 1319/1908/1754
f 1322/1912/1758 1637/1913/1759 1638/1914/1760 1321/1915/1761
f 1323/1916/1762 1636/1917/1763 1637/1913/1759 1322/1912/1758
f 1636/1917/1763 1323/1916/1762 981/1402/1310 1635/1918/1764
f 1623/1919/1765 1653/1920/1766 1654/1456/1364 1622/1455/1363
f 1623/1919/1765 1624/1458/1366 1652/1461/1369 1653/1920/1766
f 1321/1915/1761 1001/1921/1767 1327/1922/1768 1322/1912/1758
f 1322/1912/1758 1327/1922/1768 1325/1923/1769 1323/1916/1762
f 1323/1916/1762 1325/1923/1769 977/1403/1311 981/1402/1310
f 1409/1924/1770 1410/1925/1771 1329/1926/1772 1328/1927/1773
f 1328/1927/1773 1329/1926/1772 1029/1353/1261 1018/1150/1058
f 1329/1926/1772 1330/1928/1774 1270/1861/1729 1029/1353/1261
f 1331/1929/1775 1271/1862/1730 1270/1861/1729 1330/1928/1774
f 1330/1928/1774 1411/1930/1776 1412/1931/1777 1331/1929/1775
f 1410/1925/1771 1411/1930/1776 1330/1928/1774 1329/1926/1772
f 1335/1173/1081 1347/1221/1129 1074/1222/1130 883/1164/1072
f 1336/1174/1082 1335/1173/1081 883/1164/1072 858/1167/1075
f 940/1240/1148 1337/1346/1254 1336/1174/1082 858/1167/1075
f 941/1345/1253 1338/1348/1256 1337/1346/1254 940/1240/1148
f 1028/1492/1400 943/1349/1257 1338/1348/1256 1332/1932/1778
f 941/1345/1253 1333/1933/1779 1332/1932/1778 1338/1348/1256
f 941/1345/1253 891/1250/1158 1339/1934/1780 1333/1933/1779
f 1412/1935/1777 1413/1936/1781 1340/1937/1782 1331/1938/1775
f 1331/1938/1775 1340/1937/1782 1272/1864/1731 1271/1863/1730
f 1340/1937/1782 1978/1939/1783 1979/1865/1732 1272/1864/1731
f 1340/1937/1782 1413/1936/1781 1977/1940/1784 1978/1939/1783
f 1339/1934/1780 891/1250/1158 1975/1249/1157 1976/1941/1785
f 1344/1942/1786 1345/1943/1787 1341/1944/1788 1414/1945/1789
f 1345/1943/1787 1344/1942/1786 59/1946/1790 60/1947/1791
f 1345/1943/1787 1274/1867/1734 1273/1868/1735 1341/1944/1788
f 60/1947/1791 58/1866/1733 1274/1867/1734 1345/1943/1787
f 913/1313/1221 1346/1317/1225 1072/1316/1224 1369/1314/1222
f 1347/1221/1129 1073/1220/1128 861/1948/1792 1334/1949/1793
f 1074/1222/1130 1347/1221/1129 1334/1949/1793 856/1179/1087
f 894/1178/1086 1348/1223/1131 1074/1222/1130 856/1179/1087
f 1349/1224/1132 1348/1223/1131 894/1178/1086 854/1163/1071
f 854/1163/1071 853/1158/1066 1350/1225/1133 1349/1224/1132
f 1351/1226/1134 1350/1225/1133 853/1158/1066 850/1161/1069
f 900/1154/1062 1075/1227/1135 1351/1226/1134 850/1161/1069
f 905/1157/1065 1352/1228/1136 1075/1227/1135 900/1154/1062
f 1963/1258/1166 1964/1259/1167 1352/1228/1136 905/1157/1065
f 3/1209/1117 61/1211/1119 1353/1210/1118 880/1206/1114
f 1355/1326/1234 1354/1325/1233 1073/1220/1128 882/1172/1080
f 860/1175/1083 1356/1327/1235 1355/1326/1234 882/1172/1080
f 1356/1327/1235 860/1175/1083 942/1347/1255 936/1344/1252
f 908/1306/1214 1354/1325/1233 1951/1324/1232 1952/1303/1211
f 1073/1220/1128 1354/1325/1233 908/1306/1214 861/1948/1792
f 4/1208/1116 875/1207/1115 1357/1217/1125 62/1216/1124
f 904/1156/1064 1358/1194/1102 1961/1256/1164 1962/1257/1165
f 901/1155/1063 1359/1195/1103 1358/1194/1102 904/1156/1064
f 1360/1192/1100 1359/1195/1103 901/1155/1063 874/1160/1068
f 874/1160/1068 873/1159/1067 1361/1190/1098 1360/1192/1100
f 1362/1191/1099 1361/1190/1098 873/1159/1067 872/1162/1070
f 869/1253/1161 1362/1191/1099 872/1162/1070 893/1177/1085
f 1364/1950/1794 1365/1951/1795 2045/1952/1796 2044/1953/1797
f 2045/1952/1796 1365/1951/1795 925/1268/1176 2046/1271/1179
f 861/1948/1792 908/1306/1214 1372/1305/1213 1373/1954/1798
f 861/1948/1792 1373/1954/1798 1374/1955/1799 1334/1949/1793
f 934/1331/1239 1380/1339/1247 63/1338/1246 19/1332/1240
f 1366/1330/1238 1380/1339/1247 934/1331/1239 931/1336/1244
f 1367/1319/1227 1366/1330/1238 931/1336/1244 910/1335/1243
f 929/1333/1241 1368/1320/1228 1367/1319/1227 910/1335/1243
f 911/1334/1242 928/1315/1223 1368/1320/1228 929/1333/1241
f 1072/1316/1224 928/1315/1223 911/1334/1242 914/1272/1180
f 1369/1314/1222 1072/1316/1224 914/1272/1180 915/1275/1183
f 927/1308/1216 1370/1311/1219 1369/1314/1222 915/1275/1183
f 926/1310/1218 1371/1312/1220 1370/1311/1219 927/1308/1216
f 1372/1305/1213 1953/1304/1212 1954/1269/1177 925/1268/1176
f 1373/1954/1798 1372/1305/1213 925/1268/1176 1365/1951/1795
f 1374/1955/1799 1373/1954/1798 1365/1951/1795 1364/1950/1794
f 871/1176/1084 1374/1955/1799 1364/1950/1794 1363/1956/1800
f 1374/1955/1799 871/1176/1084 856/1179/1087 1334/1949/1793
f 52/1289/1197 64/1296/1204 1381/1295/1203 868/1290/1198
f 2039/1298/1206 65/1297/1205 2023/1957/1801 2040/1958/1802
f 923/1302/1210 1382/1301/1209 2022/1959/1803 2029/1960/1804
f 66/1204/1112 67/1961/1805 2037/1962/1806 2036/1205/1113
f 1998/1963/1807 1959/1964/1808 1391/1965/1809 1384/1966/1810
f 1391/1965/1809 1392/1967/1811 1385/1968/1812 1384/1966/1810
f 1386/1969/1813 1385/1968/1812 1392/1967/1811 1393/1970/1814
f 866/1971/1815 1386/1969/1813 1393/1970/1814 1394/1972/1816
f 1071/1973/1817 866/1971/1815 1394/1972/1816 1395/1974/1818
f 1395/1974/1818 1396/1975/1819 1387/1976/1820 1071/1973/1817
f 1396/1975/1819 1397/1977/1821 1388/1978/1822 1387/1976/1820
f 1389/1979/1823 1388/1978/1822 1397/1977/1821 1398/1980/1824
f 7/1219/1127 879/1218/1126 2037/1962/1806 67/1961/1805
f 903/1197/1105 1391/1965/1809 1959/1964/1808 1960/1255/1163
f 902/1196/1104 1392/1967/1811 1391/1965/1809 903/1197/1105
f 1393/1970/1814 1392/1967/1811 902/1196/1104 851/1193/1101
f 1394/1972/1816 1393/1970/1814 851/1193/1101 852/1189/1097
f 1395/1974/1818 1394/1972/1816 852/1189/1097 855/1188/1096
f 862/1254/1162 1396/1975/1819 1395/1974/1818 855/1188/1096
f 1069/1185/1093 1397/1977/1821 1396/1975/1819 862/1254/1162
f 1398/1980/1824 1397/1977/1821 1069/1185/1093 863/1184/1092
f 863/1184/1092 1956/1267/1175 1957/1981/1825 1398/1980/1824
f 1398/1980/1824 1957/1981/1825 1958/1982/1826 1389/1979/1823
f 5/1214/1122 70/1983/1827 1399/1984/1828 881/1215/1123
f 68/1985/1829 69/1986/1830 1404/1987/1831 1405/1988/1832
f 1404/1987/1831 69/1986/1830 8/1234/1142 1342/1233/1141
f 1399/1989/1828 70/1990/1827 71/1991/1833 1407/1992/1834
f 1966/1261/1169 1967/1993/1835 1400/1994/1836 907/1201/1109
f 1401/1995/1837 898/1202/1110 907/1201/1109 1400/1994/1836
f 1402/1996/1838 876/1199/1107 898/1202/1110 1401/1995/1837
f 859/1168/1076 876/1199/1107 1402/1996/1838 937/1229/1137
f 1403/1997/1839 886/1238/1146 937/1229/1137 1402/1996/1838
f 1970/1998/1840 1971/1235/1143 886/1238/1146 1403/1997/1839
f 1403/1997/1839 1406/1999/1841 1969/2000/1842 1970/1998/1840
f 1402/1996/1838 1401/1995/1837 1406/1999/1841 1403/1997/1839
f 1967/2001/1835 1968/2002/1843 1408/2003/1844 1400/2004/1836
f 1407/1992/1834 71/1991/1833 68/1985/1829 1405/1988/1832
f 1406/1999/1841 1408/2003/1844 1968/2002/1843 1969/2000/1842
f 1408/2003/1844 1406/1999/1841 1401/1995/1837 1400/2004/1836
f 892/1252/1160 11/1251/1159 59/2005/1790 1344/2006/1786
f 1028/1492/1400 1410/1925/1771 1409/1924/1770 1027/1490/1398
f 1028/1492/1400 1332/1932/1778 1411/1930/1776 1410/1925/1771
f 1412/1931/1777 1411/1930/1776 1332/1932/1778 1333/1933/1779
f 1333/2007/1779 1339/2008/1780 1413/1936/1781 1412/1935/1777
f 1976/2009/1785 1977/1940/1784 1413/1936/1781 1339/2008/1780
f 72/2010/1845 34/1491/1399 1027/1490/1398 1409/1924/1770
f 73/2011/1846 72/2010/1845 1409/1924/1770 1328/1927/1773
f 2/1153/1061 73/2011/1846 1328/1927/1773 1018/1150/1058
f 1948/1343/1251 1949/1328/1236 1356/1327/1235 936/1344/1252
f 1416/2012/1406 1415/2013/1404 951/1362/1270 1010/1469/1377
f 1417/2014/1409 1727/2015/1715 1728/1848/1716 1034/1505/1413
f 1034/1505/1413 1036/1504/1412 1418/2016/1410 1417/2014/1409
f 1419/2017/1416 1418/2018/1410 1036/1510/1412 1038/1509/1417
f 1981/1514/1420 1982/2019/1712 1419/2017/1416 1038/1509/1417
f 1421/2020/1684 1420/2021/1713 1041/1831/1699 1239/1800/1668
f 1239/1800/1668 1238/1799/1667 1422/2022/1685 1421/2020/1684
f 1237/1821/1689 1423/2023/1683 1422/2022/1685 1238/1799/1667
f 1424/2024/1680 1423/2023/1683 1237/1821/1689 1234/1807/1675
f 1425/2025/1681 1424/2024/1680 1234/1807/1675 1042/1809/1677
f 1470/2026/1423 1471/1515/1421 952/1361/1269 1426/2027/1403
f 1415/2013/1404 1426/2027/1403 952/1361/1269 951/1362/1270
f 1428/1570/1469 1427/1562/1461 1076/1620/1519 1079/1618/1517
f 1485/1619/1518 1486/1580/1479 1428/1570/1469 1079/1618/1517
f 1085/1615/1514 1430/1584/1483 1429/1583/1482 1084/1617/1516
f 1086/1616/1515 1431/1587/1486 1430/1584/1483 1085/1615/1514
f 1150/1613/1512 1432/1591/1490 1431/1587/1486 1086/1616/1515
f 1433/1592/1491 1432/1591/1490 1150/1613/1512 1083/1614/1513
f 1289/1611/1510 1434/1576/1475 1433/1885/1491 1083/1886/1513
f 1296/1612/1511 1435/1577/1476 1434/1576/1475 1289/1611/1510
f 1080/1621/1520 1436/1561/1460 1435/1577/1476 1296/1612/1511
f 1080/1621/1520 1076/1620/1519 1427/1562/1461 1436/1561/1460
f 1298/1645/1544 1438/1622/1521 1437/1637/1536 826/1648/1547
f 1287/1646/1545 1439/1623/1522 1438/1622/1521 1298/1645/1544
f 1440/1884/1523 1439/1623/1522 1287/1646/1545 838/1882/1543
f 1148/1643/1542 1441/1625/1524 1440/1624/1523 838/1644/1543
f 841/1642/1541 1442/1626/1525 1441/1625/1524 1148/1643/1542
f 842/1641/1540 1443/1627/1526 1442/1626/1525 841/1642/1541
f 1444/1628/1527 1443/1627/1526 842/1641/1540 831/1640/1539
f 825/1639/1538 1445/1630/1529 1488/1629/1528 1489/1638/1537
f 824/1647/1546 1446/1631/1530 1445/1630/1529 825/1639/1538
f 1437/1637/1536 1446/1631/1530 824/1647/1546 826/1648/1547
f 1448/1563/1462 1451/1571/1470 1447/2028/1847 1103/2029/1848
f 1449/1635/1534 1452/1564/1463 1448/1563/1462 1103/2029/1848
f 1450/1632/1531 1453/1636/1535 1449/1635/1534 1103/2029/1848
f 1447/2028/1847 1454/1633/1532 1450/1632/1531 1103/2029/1848
f 1102/1582/1481 1447/2028/1847 1451/1571/1470 1428/1570/1469
f 1436/1561/1460 1452/1564/1463 1449/1635/1534 1098/1634/1533
f 1437/1637/1536 1453/1636/1535 1450/1632/1531 1446/1631/1530
f 1445/1630/1529 1454/1633/1532 1447/2028/1847 1102/1582/1481
f 1171/1696/1581 1455/1725/1607 75/1724/1606 27/1695/1580
f 1170/1697/1582 1456/1726/1608 1455/1725/1607 1171/1696/1581
f 994/1698/1583 1457/1727/1609 1456/1726/1608 1170/1697/1582
f 1474/1699/1584 1475/1728/1610 1457/1727/1609 994/1698/1583
f 1174/1703/1588 1459/1730/1612 1458/1729/1611 996/1704/1589
f 997/1702/1587 1460/1731/1613 1459/1730/1612 1174/1703/1588
f 1176/1706/1591 1461/1732/1614 1460/1731/1613 997/1702/1587
f 74/1733/1615 1461/1732/1614 1176/1706/1591 28/1705/1590
f 1878/2030/1849 1879/2031/1850 1626/2032/1742 1650/2033/1745
f 1880/2034/1851 1881/2035/1852 1464/2036/1756 1463/2037/1757
f 1881/2035/1852 1882/2038/1853 1639/2039/1755 1464/2036/1756
f 1883/2040/1854 1884/2041/1855 1466/2042/1287 1465/2043/1293
f 1467/2044/1288 1466/2042/1287 1884/2041/1855 1885/2045/1856
f 1885/2045/1856 1886/2046/1857 1468/2047/1424 1467/2044/1288
f 1469/2048/1422 1468/2047/1424 1886/2046/1857 1887/2049/1858
f 1887/2049/1858 1888/2050/1859 1470/2051/1423 1469/2048/1422
f 1888/2052/1859 1889/2053/1860 1471/1515/1421 1470/2026/1423
f 1472/1418/1326 1471/1515/1421 1889/2053/1860 1890/2054/1861
f 1890/2054/1861 1891/2055/1862 1473/1419/1327 1472/1418/1326
f 1474/1699/1584 1473/1419/1327 1891/2055/1862 1892/2056/1863
f 1892/2056/1863 1893/2057/1864 1475/1728/1610 1474/1699/1584
f 1476/1434/1342 1475/1728/1610 1893/2057/1864 1894/2058/1865
f 1477/1435/1343 1476/1434/1342 1894/2058/1865 1895/2059/1866
f 1478/1536/1442 1477/1435/1343 1895/2059/1866 1896/2060/1867
f 1896/2060/1867 1897/2061/1868 1479/1537/1443 1478/1536/1442
f 1480/1555/1453 1479/1537/1443 1897/2061/1868 1898/2062/1869
f 1481/1554/1454 1480/1553/1453 1898/2063/1869 1899/2064/1870
f 1899/2064/1870 1900/2065/1871 1482/1605/1504 1481/1554/1454
f 1483/1603/1502 1482/1605/1504 1900/2065/1871 1901/2066/1872
f 1901/2066/1872 1902/2067/1873 1484/1604/1503 1483/1603/1502
f 1485/1619/1518 1484/1604/1503 1902/2067/1873 1903/2068/1874
f 1903/2068/1874 1904/2069/1875 1486/1580/1479 1485/1619/1518
f 1904/2069/1875 1905/2070/1876 1487/1581/1480 1486/1580/1479
f 1905/2070/1876 1906/2071/1877 1488/1629/1528 1487/1581/1480
f 1489/1638/1537 1488/1629/1528 1906/2071/1877 1907/2072/1878
f 1907/2072/1878 1908/2073/1879 1490/1140/1048 1489/1638/1537
f 1491/1098/1006 1490/1140/1048 1908/2073/1879 1909/2074/1880
f 1492/1099/1007 1491/1098/1006 1909/2074/1880 1910/2075/1881
f 1493/1658/1557 1492/1099/1007 1910/2075/1881 1911/2076/1882
f 1911/2076/1882 1912/2077/1883 1494/1096/1004 1493/1658/1557
f 1495/1097/1005 1494/1096/1004 1912/2077/1883 1913/2078/1884
f 1913/2078/1884 1914/2079/1885 1496/1100/1008 1495/1097/1005
f 1497/1669/963 1496/1100/1008 1914/2079/1885 1915/2080/1886
f 1498/1025/933 1497/1055/963 1915/2081/1886 1916/2082/1887
f 1916/2082/1887 1917/2083/1888 1499/1019/927 1498/1025/933
f 1917/2083/1888 1918/2084/1889 1500/1020/928 1499/1019/927
f 1501/1011/919 1750/1012/920 1919/2085/1890 1920/2086/1891
f 1502/1004/912 1501/1011/919 1920/2086/1891 1921/2087/1892
f 1921/2087/1892 1922/2088/1893 1503/1002/910 1502/1004/912
f 1922/2088/1893 1923/2089/1894 1504/1003/911 1503/1002/910
f 1923/2089/1894 1924/2090/1895 1505/1761/1631 1504/1003/911
f 1924/2091/1895 1925/2092/1896 1506/1758/1632 1505/1757/1631
f 1507/1771/1642 1506/1758/1632 1925/2092/1896 1926/2093/1897
f 1926/2093/1897 1927/2094/1898 1508/1778/1648 1507/1771/1642
f 1927/2094/1898 1928/2095/1899 1509/1748/1624 1508/1778/1648
f 1928/2095/1899 1929/2096/1900 1756/1749/1625 1509/1748/1624
f 1512/559/520 1511/703/652 544/663/621 570/701/650
f 1513/560/521 1512/559/520 570/701/650 545/658/616
f 1514/714/661 1513/560/521 545/658/616 539/657/615
f 539/657/615 563/684/638 1515/715/660 1514/714/661
f 1835/697/647 1836/710/657 1515/713/660 563/698/638
f 566/692/643 565/691/642 1517/674/628 1516/708/655
f 1518/675/629 1517/674/628 565/691/642 564/700/649
f 559/696/634 1519/678/632 1830/677/631 1831/695/646
f 559/680/634 546/664/622 1520/702/651 1519/706/632
f 546/664/622 544/663/621 1511/703/652 1520/702/651
f 1522/44/42 1521/40/39 154/32/32 103/31/31
f 103/31/31 758/988/896 1523/45/43 1522/44/42
f 758/988/896 127/52/50 1524/47/45 1523/45/43
f 127/52/50 108/51/49 1525/53/51 1524/47/45
f 109/127/77 1526/126/53 1525/53/51 108/51/49
f 109/82/77 1818/81/76 1819/56/54 1526/55/53
f 88/84/79 89/73/68 1528/26/26 1527/25/25
f 89/73/68 101/72/67 1529/33/33 1528/26/26
f 1807/36/36 1808/77/72 126/76/71 1530/37/37
f 154/32/32 1521/40/39 1530/39/37 126/125/71
f 1532/705/654 1531/704/653 557/556/517 748/551/514
f 1533/707/633 1532/705/654 748/551/514 556/554/513
f 1828/549/512 1829/676/630 1533/679/633 556/550/513
f 471/546/509 456/542/505 1535/673/627 1534/672/626
f 1536/709/656 1535/673/627 456/542/505 455/541/504
f 480/578/537 1537/712/659 1837/711/658 1838/579/539
f 1538/717/662 1537/716/659 480/576/537 479/575/536
f 558/570/531 1539/557/518 1538/717/662 479/575/536
f 558/570/531 469/568/529 1540/558/519 1539/557/518
f 557/556/517 1531/704/653 1540/558/519 469/568/529
f 1542/202/114 162/935/113 171/868/789 1543/200/179
f 1544/199/178 1543/200/179 171/868/789 159/867/788
f 159/867/788 160/866/787 1545/198/177 1544/199/178
f 1546/196/175 1545/198/177 160/866/787 293/865/786
f 293/865/786 163/244/216 1547/194/173 1546/196/175
f 1552/160/141 1551/148/129 229/241/214 180/240/213
f 180/240/213 185/238/212 1553/173/154 1552/160/141
f 212/239/211 1554/243/184 1553/173/154 185/238/212
f 1796/236/210 1797/206/183 1554/207/184 212/237/211
f 1556/204/181 1555/208/185 213/235/209 208/234/208
f 209/233/207 1557/203/180 1556/204/181 208/234/208
f 1766/232/206 1767/205/182 1557/203/180 209/233/207
f 1559/150/131 1558/242/215 210/231/205 211/230/204
f 211/230/204 172/229/203 1560/147/128 1559/150/131
f 1551/148/129 1560/147/128 172/229/203 229/241/214
f 1562/284/256 1561/270/242 280/324/296 248/300/272
f 248/300/272 279/299/271 1563/288/260 1562/284/256
f 269/312/284 1564/328/300 1563/288/260 279/299/271
f 1565/307/279 1779/306/278 1780/319/291 270/322/294
f 1566/303/275 1565/307/279 270/322/294 266/317/289
f 1566/303/275 266/317/289 267/315/287 1567/304/276
f 1784/314/286 1785/305/277 1567/304/276 267/315/287
f 1569/274/246 1568/325/297 268/309/281 257/302/274
f 257/302/274 242/301/273 1570/273/245 1569/274/246
f 280/324/296 1561/270/242 1570/273/245 242/301/273
f 1572/281/253 1571/280/252 260/2097/1901 262/2098/1902
f 1573/277/249 1787/279/251 1788/2099/1903 261/2100/1904
f 263/2101/1905 1574/268/240 1573/277/249 261/2100/1904
f 1575/269/241 1574/268/240 263/2101/1905 259/2102/1906
f 1776/2103/1907 1777/291/263 1575/269/241 259/2102/1906
f 1577/290/262 1576/327/299 241/2104/1908 249/2105/1909
f 1578/287/259 1577/290/262 249/2105/1909 277/2106/1910
f 1579/286/258 1578/287/259 277/2106/1910 278/2107/1911
f 1579/286/258 278/2107/1911 246/2108/1912 1580/283/255
f 246/2108/1912 260/2097/1901 1571/280/252 1580/283/255
f 1581/247/219 249/2105/1909 241/2104/1908 1582/331/303
f 1583/257/229 1775/256/228 1776/2103/1907 259/2102/1906
f 1584/261/233 1583/257/229 259/2102/1906 263/2101/1905
f 1584/261/233 263/2101/1905 261/2100/1904 1585/265/237
f 1788/2099/1903 1789/262/234 1585/265/237 261/2100/1904
f 1587/259/231 1586/330/302 262/2098/1902 260/2097/1901
f 1588/253/225 1587/259/231 260/2097/1901 246/2108/1912
f 278/2107/1911 1589/251/223 1588/253/225 246/2108/1912
f 1590/246/218 1589/251/223 278/2107/1911 277/2106/1910
f 277/2106/1910 249/2105/1909 1581/247/219 1590/246/218
f 726/939/858 707/910/831 1592/909/830 1591/936/855
f 1592/909/830 707/910/831 612/785/712 1593/784/711
f 364/431/401 1594/433/403 1593/784/711 612/785/712
f 364/431/401 348/430/383 1595/434/385 1594/433/403
f 348/411/383 347/409/381 1596/414/386 1595/413/385
f 350/420/392 1597/417/389 1596/414/386 347/409/381
f 351/419/391 1598/650/608 1597/417/389 350/420/392
f 1599/651/609 1598/650/608 351/419/391 352/421/393
f 352/421/393 353/422/394 1600/652/610 1599/651/609
f 680/846/767 677/842/763 1602/358/330 1601/357/329
f 1603/361/333 1602/358/330 677/842/763 674/838/760
f 1604/469/338 1603/361/333 674/838/760 672/837/757
f 1869/832/756 1870/363/335 1604/366/338 672/833/757
f 1702/951/870 1703/616/575 1605/615/574 671/948/867
f 1666/2109/1913 1667/2110/1914 1691/2111/1915 1679/2112/1916
f 1713/2113/1917 1714/2114/1918 1678/2115/1919 1680/2116/1920
f 1675/2117/1921 1676/2118/1922 1682/2119/1923 1683/2120/1924
f 1874/2121/1925 1875/2122/1926 1674/2123/1927 1684/2124/1928
f 1671/2125/1929 1672/2126/1930 1686/2127/1931 1687/2128/1932
f 1669/2129/1933 1670/2130/1934 1688/2131/1935 1689/2132/1936
f 1671/2125/1929 1687/2128/1932 1688/2131/1935 1670/2130/1934
f 1672/2126/1930 1673/2133/1937 1685/2134/1938 1686/2127/1931
f 1674/2135/1927 1675/2117/1921 1683/2120/1924 1684/2136/1928
f 1681/2137/1939 1682/2119/1923 1676/2118/1922 1677/2138/1940
f 1678/2115/1919 1666/2109/1913 1679/2112/1916 1680/2116/1920
f 1668/2139/1941 1669/2129/1933 1689/2132/1936 1690/2140/1942
f 1995/2141/1943 1996/2142/1944 1691/2111/1915 1667/2110/1914
f 1312/2143/1945 1607/2144/1946 1606/2145/1947 983/2146/1948
f 1715/2147/1949 1716/2148/1950 1607/2144/1946 1312/2143/1945
f 1609/2149/1951 1608/2150/1952 999/2151/1953 1315/2152/1954
f 1610/2153/1955 1609/2149/1951 1315/2152/1954 1320/2154/1956
f 1611/2155/1957 1610/2153/1955 1320/2154/1956 1462/2156/1958
f 1876/2157/1959 1877/2158/1960 1611/2159/1957 1462/2160/1958
f 1613/2161/1961 1612/2162/1962 1000/2163/1963 1326/2164/1964
f 1614/2165/1965 1613/2161/1961 1326/2164/1964 1324/2166/1966
f 1614/2165/1965 1324/2166/1966 1003/2167/1967 1615/2168/1968
f 1616/2169/1969 1615/2168/1968 1003/2167/1967 1002/2170/1970
f 1260/2171/1971 1617/2172/1972 1616/2169/1969 1002/2170/1970
f 982/2173/1973 1618/2174/1974 1993/2175/1975 1994/2176/1976
f 983/2146/1948 1606/2145/1947 1618/2174/1974 982/2173/1973
f 1990/1400/1308 1991/1452/1360 1619/1415/1323 974/1398/1306
f 1621/1454/1362 1620/1843/1711 1259/1840/1708 976/1404/1312
f 977/1403/1311 1622/1455/1363 1621/1454/1362 976/1404/1312
f 1325/1923/1769 1623/1919/1765 1622/1455/1363 977/1403/1311
f 1327/1922/1768 1624/1458/1366 1623/1919/1765 1325/1923/1769
f 1001/1921/1767 1625/1459/1367 1624/1458/1366 1327/1922/1768
f 1463/2037/1757 1626/2032/1742 1879/2031/1850 1880/2034/1851
f 1319/1908/1754 1627/1897/1743 1626/1896/1742 1463/1911/1757
f 1316/1900/1746 1628/1448/1356 1627/1897/1743 1319/1908/1754
f 998/1903/1749 1629/1449/1357 1628/1448/1356 1316/1900/1746
f 1630/1447/1355 1718/1446/1354 1719/1895/1741 1311/1890/1736
f 1631/1414/1322 1630/1447/1355 1311/1890/1736 975/1395/1303
f 1619/1415/1323 1631/1414/1322 975/1395/1303 974/1398/1306
f 1987/1391/1299 1988/1407/1315 1632/1406/1314 961/1392/1300
f 1661/1839/1707 1662/2177/1977 1658/2178/1978 1634/1408/1316
f 1658/2178/1978 1665/2179/1979 1659/1409/1317 1634/1408/1316
f 1243/1804/1672 1636/1917/1763 1635/1918/1764 964/1389/1297
f 1637/1913/1759 1636/1917/1763 1243/1804/1672 1231/1387/1295
f 1638/1914/1760 1637/1913/1759 1231/1387/1295 967/1388/1296
f 1465/2043/1293 1639/2039/1755 1882/2038/1853 1883/2040/1854
f 959/1386/1294 1640/1906/1752 1639/1909/1755 1465/1385/1293
f 1008/1394/1302 1641/1904/1750 1640/1906/1752 959/1386/1294
f 1261/1851/1719 1642/1905/1751 1641/1904/1750 1008/1394/1302
f 1265/1464/1372 1643/1892/1738 1721/1894/1740 1722/1854/1722
f 958/1393/1301 1644/1405/1313 1643/1892/1738 1265/1464/1372
f 1632/1406/1314 1644/1405/1313 958/1393/1301 961/1392/1300
f 1606/2145/1947 1607/2144/1946 1646/1444/1352 1645/1413/1321
f 1607/2144/1946 1716/2148/1950 1717/1445/1353 1646/1444/1352
f 1648/1451/1359 1647/1450/1358 1608/2150/1952 1609/2149/1951
f 1649/1898/1744 1648/1451/1359 1609/2149/1951 1610/2153/1955
f 1650/1899/1745 1649/1898/1744 1610/2153/1955 1611/2155/1957
f 1877/2158/1960 1878/2030/1849 1650/2033/1745 1611/2159/1957
f 1652/1461/1369 1651/1460/1368 1612/2162/1962 1613/2161/1961
f 1653/1920/1766 1652/1461/1369 1613/2161/1961 1614/2165/1965
f 1653/1920/1766 1614/2165/1965 1615/2168/1968 1654/1456/1364
f 1655/1457/1365 1654/1456/1364 1615/2168/1968 1616/2169/1969
f 1616/2169/1969 1617/2172/1972 1656/1842/1710 1655/1457/1365
f 1992/1453/1361 1993/2175/1975 1618/2174/1974 1657/1412/1320
f 1618/2174/1974 1606/2145/1947 1645/1413/1321 1657/1412/1320
f 964/1389/1297 1635/1918/1764 1659/1409/1317 1665/2179/1979
f 1660/1411/1319 1664/1410/1318 981/1402/1310 980/1401/1309
f 1633/2180/1980 1661/1839/1707 1663/1838/1706 1258/1841/1709
f 1257/1837/1705 1662/2177/1977 1661/1839/1707 1633/2180/1980
f 962/1390/1298 1658/2178/1978 1662/2177/1977 1257/1837/1705
f 1258/1841/1709 1663/1838/1706 1660/1411/1319 980/1401/1309
f 981/1402/1310 1664/1410/1318 1659/1409/1317 1635/1918/1764
f 964/1389/1297 1665/2179/1979 1658/2178/1978 962/1390/1298
f 982/2173/1973 1667/2110/1914 1666/2109/1913 983/2146/1948
f 1994/2176/1976 1995/2141/1943 1667/2110/1914 982/2173/1973
f 1002/2170/1970 1669/2129/1933 1668/2139/1941 1260/2171/1971
f 1003/2167/1967 1670/2130/1934 1669/2129/1933 1002/2170/1970
f 1324/2166/1966 1671/2125/1929 1670/2130/1934 1003/2167/1967
f 1326/2164/1964 1672/2126/1930 1671/2125/1929 1324/2166/1966
f 1000/2163/1963 1673/2133/1937 1672/2126/1930 1326/2164/1964
f 1462/2160/1958 1674/2123/1927 1875/2122/1926 1876/2157/1959
f 1320/2154/1956 1675/2117/1921 1674/2135/1927 1462/2156/1958
f 1315/2152/1954 1676/2118/1922 1675/2117/1921 1320/2154/1956
f 1677/2138/1940 1676/2118/1922 1315/2152/1954 999/2151/1953
f 1714/2114/1918 1715/2147/1949 1312/2143/1945 1678/2115/1919
f 1312/2143/1945 983/2146/1948 1666/2109/1913 1678/2115/1919
f 1680/2116/1920 1679/2112/1916 515/968/886 517/967/885
f 1712/966/884 1713/2113/1917 1680/2116/1920 517/967/885
f 518/964/882 1682/2119/1923 1681/2137/1939 516/965/883
f 1683/2120/1924 1682/2119/1923 518/964/882 504/963/881
f 1684/2136/1928 1683/2120/1924 504/963/881 406/962/880
f 1873/2181/895 1874/2121/1925 1684/2124/1928 406/2182/880
f 1686/2127/1931 1685/2134/1938 405/2183/894 403/2184/893
f 1687/2128/1932 1686/2127/1931 403/2184/893 404/2185/892
f 1687/2128/1932 404/2185/892 408/2186/891 1688/2131/1935
f 1689/2132/1936 1688/2131/1935 408/2186/891 407/971/889
f 1690/2140/1942 1689/2132/1936 407/971/889 409/972/890
f 514/969/887 1691/2111/1915 1996/2142/1944 1997/970/888
f 1679/2112/1916 1691/2111/1915 514/969/887 515/968/886
f 750/959/877 576/521/484 1693/621/579 1692/927/848
f 576/521/484 413/589/548 1694/622/580 1693/621/579
f 1695/984/453 1694/622/580 413/589/548 577/983/474
f 577/511/474 1846/510/473 1847/491/454 1695/490/453
f 578/528/491 579/527/490 1697/372/344 1696/371/343
f 579/527/490 485/586/545 1698/401/373 1697/372/344
f 485/586/545 486/587/546 1699/367/339 1698/401/373
f 486/587/546 743/954/873 1700/368/340 1699/367/339
f 1701/950/869 1700/368/340 743/954/873 738/952/871
f 1702/951/870 1701/950/869 738/952/871 737/619/577
f 398/474/438 1703/616/575 1702/951/870 737/619/577
f 1705/780/707 1706/845/766 1707/958/876 740/729/670
f 681/844/765 680/846/767 1704/2187/1981 1706/845/766
f 739/961/879 1709/899/820 699/904/825 724/931/852
f 739/961/879 750/959/877 1692/927/848 1708/2188/1982
f 1708/2188/1982 1692/927/848 749/928/849 1707/958/876
f 1707/958/876 1706/845/766 1704/2187/1981 1708/2188/1982
f 739/961/879 1708/2188/1982 1704/2187/1981 1709/899/820
f 1709/899/820 1704/2187/1981 680/846/767 1601/357/329
f 1711/629/587 1710/628/586 446/360/332 525/640/598
f 1712/966/884 1711/629/587 525/640/598 516/965/883
f 1681/2137/1939 1713/2113/1917 1712/966/884 516/965/883
f 1677/2138/1940 1714/2114/1918 1713/2113/1917 1681/2137/1939
f 999/2151/1953 1715/2147/1949 1714/2114/1918 1677/2138/1940
f 999/2151/1953 1608/2150/1952 1716/2148/1950 1715/2147/1949
f 1717/1445/1353 1716/2148/1950 1608/2150/1952 1647/1450/1358
f 1718/1446/1354 1717/1445/1353 1647/1450/1358 1629/1449/1357
f 1719/1895/1741 1718/1446/1354 1629/1449/1357 998/1903/1749
f 998/1903/1749 1314/1902/1748 1720/1893/1739 1719/1895/1741
f 1642/1905/1751 1721/1894/1740 1720/1893/1739 1314/1902/1748
f 1722/1854/1722 1721/1894/1740 1642/1905/1751 1261/1851/1719
f 1261/1851/1719 1262/1850/1718 1723/1855/1723 1722/1854/1722
f 1724/1856/1724 1723/1855/1723 1262/1850/1718 1263/1852/1720
f 1263/1852/1720 1264/1853/1721 1725/1857/1725 1724/1856/1724
f 1264/1853/1721 1032/1497/1405 1726/1846/1714 1725/1857/1725
f 1032/1497/1405 1416/1498/1406 1727/1847/1715 1726/1846/1714
f 1728/1848/1716 1727/2015/1715 1416/2012/1406 1010/1469/1377
f 1729/1849/1717 1728/1848/1716 1010/1469/1377 1011/1470/1378
f 1026/1489/1397 1730/1860/1728 1729/1849/1717 1011/1470/1378
f 1731/1352/1260 1730/1860/1728 1026/1489/1397 1025/1487/1395
f 1024/1486/1394 1732/1151/1059 1731/1352/1260 1025/1487/1395
f 76/1152/1060 1732/1151/1059 1024/1486/1394 33/1488/1396
f 1709/899/820 1710/628/586 509/627/585 699/904/825
f 818/2189/989 820/2190/988 1733/2191/1983 1207/2192/1984
f 1740/2193/1985 1733/2191/1983 820/2190/988 1155/2194/990
f 1217/2195/1986 1734/2196/1987 1226/2197/1659 1221/2198/1661
f 1225/2199/1660 1226/2197/1659 1734/2196/1987 1735/2200/1988
f 1275/2201/1658 1736/2202/1989 1737/2203/1990 1224/2204/1656
f 1224/2204/1656 1737/2203/1990 1738/2205/1991 1223/2206/1655
f 1223/2206/1655 1738/2205/1991 1739/2207/1992 821/2208/991
f 1739/2207/1992 1740/2193/1985 1155/2194/990 821/2208/991
f 1310/2209/1657 1741/2210/1993 1736/2202/1989 1275/2201/1658
f 1225/2199/1660 1735/2200/1988 1741/2210/1993 1310/2209/1657
f 1743/2211/1994 1742/2212/1995 1735/2200/1988 1734/2196/1987
f 1734/2196/1987 1217/2195/1986 1196/2213/1996 1743/2211/1994
f 1745/2214/1997 1744/2215/1998 1742/2212/1995 1743/2211/1994
f 1743/2211/1994 1196/2213/1996 1214/2216/1999 1745/2214/1997
f 1747/2217/2000 1746/2218/2001 1744/2215/1998 1745/2214/1997
f 1745/2214/1997 1214/2216/1999 1510/2219/2002 1747/2217/2000
f 1747/2217/2000 1510/2219/2002 1930/2220/2003 1931/2221/2004
f 1748/2222/2005 1198/2223/2006 1207/2192/1984 1733/2191/1983
f 1750/1012/920 1749/994/902 763/1021/929 1500/1020/928
f 1918/2084/1889 1919/2085/1890 1750/1012/920 1500/1020/928
f 779/1016/924 1752/1014/922 1751/1013/921 778/1017/925
f 818/1081/989 1753/1077/985 1752/1014/922 779/1016/924
f 818/2189/989 1207/2192/1984 1754/1745/1622 1753/1744/985
f 1755/1766/1637 1754/1745/1622 1207/2192/1984 1198/2223/2006
f 1756/1749/1625 1929/2096/1900 1930/2220/2003 1510/2219/2002
f 1757/1750/1626 1756/1749/1625 1510/2219/2002 1214/2216/1999
f 1758/1741/1619 1757/1750/1626 1214/2216/1999 1196/2213/1996
f 1759/1742/1620 1758/1741/1619 1196/2213/1996 1217/2195/1986
f 1760/1780/1650 1759/1742/1620 1217/2195/1986 1221/2198/1661
f 1761/1076/984 1760/1786/1650 1221/1793/1661 809/1066/974
f 800/1049/957 1762/1075/983 1761/1076/984 809/1066/974
f 799/1048/956 1763/1068/976 1762/1075/983 800/1049/957
f 1764/993/901 1763/1068/976 799/1048/956 764/1023/931
f 764/1023/931 763/1021/929 1749/994/902 1764/993/901
f 1766/232/206 1765/225/200 214/2224/186 210/2225/205
f 1558/2226/215 1767/205/182 1766/232/206 210/2225/205
f 205/2227/139 1768/154/135 1767/205/182 1558/2226/215
f 175/2228/138 1769/155/136 1768/154/135 205/2227/139
f 1770/164/145 1769/155/136 175/2228/138 203/2229/172
f 203/2229/172 1548/2230/174 1771/138/119 1770/164/145
f 165/2231/217 1772/139/120 1771/138/119 1548/2230/174
f 165/2231/217 630/2232/731 1773/806/732 1772/139/120
f 1774/255/227 1773/806/732 630/2232/731 234/2233/304
f 1775/256/228 1774/255/227 234/2233/304 1582/2234/303
f 1776/2103/1907 1775/256/228 1582/2234/303 241/2235/1908
f 1576/2236/299 1777/291/263 1776/2103/1907 241/2235/1908
f 251/2237/298 1778/292/264 1777/291/263 1576/2236/299
f 1779/306/278 1778/292/264 251/2237/298 1564/2238/300
f 1780/319/291 1779/306/278 1564/2238/300 269/2239/284
f 273/2240/283 1781/320/292 1780/319/291 269/2239/284
f 1782/323/295 1781/320/292 273/2240/283 272/2241/282
f 1782/323/295 272/2241/282 271/2242/280 1783/313/285
f 271/2242/280 268/2243/281 1784/314/286 1783/313/285
f 1568/2244/297 1785/305/277 1784/314/286 268/2243/281
f 264/2245/254 1786/278/250 1785/305/277 1568/2244/297
f 1787/279/251 1786/278/250 264/2245/254 1572/2246/253
f 1788/2099/1903 1787/279/251 1572/2246/253 262/2247/1902
f 1586/2248/302 1789/262/234 1788/2099/1903 262/2247/1902
f 237/2249/301 1790/263/235 1789/262/234 1586/2248/302
f 237/2249/301 637/2250/735 1791/864/785 1790/263/235
f 637/2250/735 638/2251/734 1792/815/741 1791/864/785
f 1792/815/741 638/2251/734 358/426/398 361/427/399
f 223/217/194 224/223/198 1794/218/195 1793/214/191
f 1795/226/201 1794/218/195 224/223/198 221/222/197
f 1796/236/210 1795/226/201 221/222/197 213/235/209
f 1555/208/185 1797/206/183 1796/236/210 213/235/209
f 167/142/123 1798/178/158 1797/206/183 1555/208/185
f 1799/179/159 1798/178/158 167/142/123 170/145/126
f 1800/181/160 1799/179/159 170/145/126 199/167/148
f 199/167/148 1541/136/117 1801/130/111 1800/181/160
f 161/135/116 1802/131/112 1801/130/111 1541/136/117
f 1803/933/854 1802/131/112 161/135/116 682/855/776
f 87/23/23 1804/20/20 1803/933/854 682/855/776
f 1805/21/21 1804/20/20 87/23/23 93/24/24
f 1806/35/35 1805/21/21 93/24/24 123/34/34
f 1529/33/33 1807/36/36 1806/35/35 123/34/34
f 101/72/67 1808/77/72 1807/36/36 1529/33/33
f 1809/78/73 1808/77/72 101/72/67 153/75/70
f 1810/111/101 1809/78/73 153/75/70 129/113/102
f 141/106/96 1811/101/93 1810/111/101 129/113/102
f 141/106/96 144/105/95 1812/91/86 1811/101/93
f 144/105/95 145/100/92 1813/92/87 1812/91/86
f 145/100/92 146/99/91 1814/95/88 1813/92/87
f 1815/103/94 1814/95/88 146/99/91 143/98/90
f 1816/116/105 1815/103/94 143/98/90 135/115/104
f 1817/80/75 1816/116/105 135/115/104 151/85/80
f 88/84/79 1818/81/76 1817/80/75 151/85/80
f 1819/56/54 1818/81/76 88/84/79 1527/25/25
f 1820/57/55 1819/56/54 1527/25/25 120/28/28
f 120/28/28 90/17/17 1821/9/9 1820/57/55
f 82/16/16 1822/10/10 1821/9/9 90/17/17
f 1823/788/715 1822/10/10 82/16/16 617/850/771
f 1824/536/499 1823/788/715 617/850/771 454/539/502
f 1825/537/500 1824/536/499 454/539/502 462/540/503
f 1826/563/524 1825/537/500 462/540/503 553/565/526
f 470/545/508 1827/548/511 1826/563/524 553/565/526
f 1828/549/512 1827/548/511 470/545/508 471/546/509
f 1534/672/626 1829/676/630 1828/549/512 471/546/509
f 1518/675/629 1830/677/631 1829/676/630 1534/672/626
f 1831/695/646 1830/677/631 1518/675/629 564/700/649
f 564/700/649 567/699/648 1832/685/639 1831/695/646
f 567/699/648 568/694/645 1833/686/640 1832/685/639
f 568/694/645 569/693/644 1834/689/641 1833/686/640
f 1835/697/647 1834/689/641 569/693/644 566/692/643
f 1516/708/655 1836/710/657 1835/697/647 566/692/643
f 1536/709/656 1837/711/658 1836/710/657 1516/708/655
f 1838/579/539 1837/711/658 1536/709/656 455/541/504
f 1839/580/540 1838/579/539 455/541/504 458/544/507
f 1840/582/541 1839/580/540 458/544/507 550/567/528
f 550/567/528 459/533/496 1841/457/423 1840/582/541
f 379/532/495 1842/458/424 1841/457/423 459/533/496
f 1843/887/808 1842/458/424 379/532/495 381/848/769
f 381/848/769 450/529/492 1844/888/809 1843/887/808
f 450/529/492 447/525/488 1845/509/472 1844/888/809
f 447/525/488 578/528/491 1846/510/473 1845/509/472
f 1847/491/454 1846/510/473 578/528/491 1696/371/343
f 1849/507/470 1848/506/469 757/498/461 320/503/466
f 320/503/466 435/764/696 1850/517/480 1849/507/470
f 435/764/696 436/763/695 1851/518/481 1850/517/480
f 436/763/695 596/753/688 1852/743/681 1851/518/481
f 596/753/688 594/746/683 1853/741/680 1852/743/681
f 594/746/683 591/745/682 1854/735/676 1853/741/680
f 591/745/682 492/601/560 1855/736/677 1854/735/676
f 492/601/560 495/604/563 1856/749/686 1855/736/677
f 495/604/563 494/603/562 1857/750/687 1856/749/686
f 494/603/562 502/613/572 1858/755/690 1857/750/687
f 502/613/572 501/612/571 1859/758/692 1858/755/690
f 501/612/571 500/611/570 1860/761/694 1859/758/692
f 500/611/570 339/504/467 1861/767/699 1860/761/694
f 424/496/459 1862/768/700 1861/767/699 339/504/467
f 424/496/459 392/468/434 1863/772/702 1862/768/700
f 392/468/434 391/467/433 1864/774/703 1863/772/702
f 391/467/433 393/402/374 1865/777/705 1864/774/703
f 393/402/374 667/370/342 1866/827/752 1865/777/705
f 667/370/342 668/369/341 1867/829/753 1866/827/752
f 668/369/341 670/949/868 1868/831/755 1867/829/753
f 670/949/868 671/948/867 1869/832/756 1868/831/755
f 1605/615/574 1870/363/335 1869/832/756 671/948/867
f 318/473/437 1871/364/336 1870/363/335 1605/615/574
f 318/473/437 399/478/442 1872/475/439 1871/364/336
f 1873/978/895 1872/475/439 399/478/442 405/977/894
f 1685/2134/1938 1874/2121/1925 1873/2181/895 405/2183/894
f 1673/2133/1937 1875/2122/1926 1874/2121/1925 1685/2134/1938
f 1876/2157/1959 1875/2122/1926 1673/2133/1937 1000/2163/1963
f 1612/2162/1962 1877/2158/1960 1876/2157/1959 1000/2163/1963
f 1651/1460/1368 1878/2030/1849 1877/2158/1960 1612/2162/1962
f 1625/1459/1367 1879/2031/1850 1878/2030/1849 1651/1460/1368
f 1880/2034/1851 1879/2031/1850 1625/1459/1367 1001/1921/1767
f 1001/1921/1767 1321/1915/1761 1881/2035/1852 1880/2034/1851
f 1638/1914/1760 1882/2038/1853 1881/2035/1852 1321/1915/1761
f 1883/2040/1854 1882/2038/1853 1638/1914/1760 967/1388/1296
f 967/1388/1296 969/1382/1290 1884/2041/1855 1883/2040/1854
f 1885/2045/1856 1884/2041/1855 969/1382/1290 966/1381/1289
f 1044/1819/1687 1886/2046/1857 1885/2045/1856 966/1381/1289
f 1887/2049/1858 1886/2046/1857 1044/1819/1687 1043/1810/1678
f 1425/1813/1681 1888/2050/1859 1887/2049/1858 1043/1810/1678
f 1042/2252/1677 1889/2053/1860 1888/2052/1859 1425/2253/1681
f 1890/2054/1861 1889/2053/1860 1042/2252/1677 986/2254/1328
f 987/2255/1331 1891/2055/1862 1890/2054/1861 986/2254/1328
f 1892/2056/1863 1891/2055/1862 987/2255/1331 996/2256/1589
f 996/2256/1589 1458/2257/1611 1893/2057/1864 1892/2056/1863
f 1894/2058/1865 1893/2057/1864 1458/2257/1611 1191/2258/1585
f 1895/2059/1866 1894/2058/1865 1191/2258/1585 995/2259/1586
f 1896/2060/1867 1895/2059/1866 995/2259/1586 1057/2260/1572
f 1058/2261/1570 1897/2061/1868 1896/2060/1867 1057/2260/1572
f 1898/2062/1869 1897/2061/1868 1058/2261/1570 1067/2262/1565
f 1899/2064/1870 1898/2063/1869 1067/1678/1565 1068/1672/1560
f 1068/1672/1560 1132/1606/1505 1900/2065/1871 1899/2064/1870
f 1901/2066/1872 1900/2065/1871 1132/1606/1505 1089/1602/1501
f 1095/1601/1500 1902/2067/1873 1901/2066/1872 1089/1602/1501
f 1903/2068/1874 1902/2067/1873 1095/1601/1500 1084/1617/1516
f 1429/1583/1482 1904/2069/1875 1903/2068/1874 1084/1617/1516
f 1101/1586/1485 1905/2070/1876 1904/2069/1875 1429/1583/1482
f 1444/1628/1527 1906/2071/1877 1905/2070/1876 1101/1586/1485
f 1907/2072/1878 1906/2071/1877 1444/1628/1527 831/1640/1539
f 831/1640/1539 1105/1141/1049 1908/2073/1879 1907/2072/1878
f 1909/2074/1880 1908/2073/1879 1105/1141/1049 844/1135/1043
f 1910/2075/1881 1909/2074/1880 844/1135/1043 1115/1134/1042
f 1911/2076/1882 1910/2075/1881 1115/1134/1042 830/1657/1556
f 830/1657/1556 1119/1128/1036 1912/2077/1883 1911/2076/1882
f 1913/2078/1884 1912/2077/1883 1119/1128/1036 829/1104/1012
f 829/1104/1012 1128/1103/1011 1914/2079/1885 1913/2078/1884
f 1915/2080/1886 1914/2079/1885 1128/1103/1011 803/1668/965
f 1916/2082/1887 1915/2081/1886 803/1057/965 785/1029/937
f 780/1018/926 1917/2083/1888 1916/2082/1887 785/1029/937
f 780/1018/926 778/1017/925 1918/2084/1889 1917/2083/1888
f 1751/1013/921 1919/2085/1890 1918/2084/1889 778/1017/925
f 1920/2086/1891 1919/2085/1890 1751/1013/921 776/1009/917
f 1921/2087/1892 1920/2086/1891 776/1009/917 774/1008/916
f 774/1008/916 772/1007/915 1922/2088/1893 1921/2087/1892
f 773/1006/914 1923/2089/1894 1922/2088/1893 772/1007/915
f 1202/1756/1630 1924/2090/1895 1923/2089/1894 773/1006/914
f 1210/1754/1629 1925/2092/1896 1924/2091/1895 1202/1755/1630
f 1926/2093/1897 1925/2092/1896 1210/1754/1629 1201/1769/1640
f 1201/1769/1640 1200/1768/1639 1927/2094/1898 1926/2093/1897
f 1199/1767/1638 1928/2095/1899 1927/2094/1898 1200/1768/1639
f 1199/1767/1638 1755/1766/1637 1929/2096/1900 1928/2095/1899
f 1930/2220/2003 1929/2096/1900 1755/1766/1637 1198/2223/2006
f 1931/2221/2004 1930/2220/2003 1198/2223/2006 1748/2222/2005
f 1932/2263/2007 1748/2222/2005 1733/2191/1983 1740/2193/1985
f 1931/2221/2004 1933/2264/2008 1746/2218/2001 1747/2217/2000
f 1933/2264/2008 1931/2221/2004 1748/2222/2005 1932/2263/2007
f 519/634/592 513/633/591 514/969/887 522/637/595
f 1737/2203/1990 1935/2265/2009 1936/2266/2010 1738/2205/1991
f 1736/2202/1989 1934/2267/2011 1935/2265/2009 1737/2203/1990
f 1935/2265/2009 1934/2267/2011 1744/2215/1998 1746/2218/2001
f 1936/2266/2010 1935/2265/2009 1746/2218/2001 1933/2264/2008
f 1937/2268/2012 1741/2210/1993 1735/2200/1988 1742/2212/1995
f 1937/2268/2012 1934/2267/2011 1736/2202/1989 1741/2210/1993
f 1934/2267/2011 1937/2268/2012 1742/2212/1995 1744/2215/1998
f 1938/2269/2013 1739/2207/1992 1738/2205/1991 1936/2266/2010
f 1938/2269/2013 1932/2263/2007 1740/2193/1985 1739/2207/1992
f 1932/2263/2007 1938/2269/2013 1936/2266/2010 1933/2264/2008
f 77/1474/1382 30/1478/1386 1016/1355/1263 946/1354/1262
f 1939/489/452 1847/491/454 1696/371/343 389/374/346
f 389/374/346 387/465/431 1940/486/449 1939/489/452
f 387/465/431 386/464/430 1941/487/450 1940/486/449
f 757/498/461 1848/506/469 1941/487/450 386/464/430
f 638/808/734 316/355/327 366/440/406 358/439/398
f 813/1775/1645 1944/2270/1654 1942/1070/978 770/1000/908
f 1943/1073/981 1942/1070/978 1944/2270/1654 1945/2271/1652
f 812/1074/982 1943/1073/981 1945/2271/1652 1222/1785/1651
f 811/1773/1644 1220/1783/1653 1944/1784/1654 813/1774/1645
f 1793/214/191 216/220/188 215/2272/187 1946/215/192
f 1765/225/200 1946/215/192 215/2272/187 214/2224/186
f 1948/1343/1251 1947/1342/1250 21/1337/1245 935/1340/1248
f 930/1329/1237 1949/1328/1236 1948/1343/1251 935/1340/1248
f 1950/1323/1231 1949/1328/1236 930/1329/1237 909/1318/1226
f 1346/1317/1225 1951/1324/1232 1950/1323/1231 909/1318/1226
f 1952/1303/1211 1951/1324/1232 1346/1317/1225 913/1313/1221
f 913/1313/1221 1371/1312/1220 1953/1304/1212 1952/1303/1211
f 1954/1269/1177 1953/1304/1212 1371/1312/1220 926/1310/1218
f 2047/1270/1178 1954/1269/1177 926/1310/1218 2048/1309/1217
f 867/1299/1207 1956/1267/1175 1955/1266/1174 912/1300/1208
f 1957/1981/1825 1956/1267/1175 867/1299/1207 923/1302/1210
f 1958/1982/1826 1957/1981/1825 923/1302/1210 924/2273/2014
f 1383/2274/2015 1390/2275/2016 1959/1964/1808 1998/1963/1807
f 1960/1255/1163 1959/1964/1808 1390/2275/2016 879/1218/1126
f 1357/1217/1125 1961/1256/1164 1960/1255/1163 879/1218/1126
f 1962/1257/1165 1961/1256/1164 1357/1217/1125 875/1207/1115
f 1963/1258/1166 1962/1257/1165 875/1207/1115 880/1206/1114
f 880/1206/1114 1353/1210/1118 1964/1259/1167 1963/1258/1166
f 1965/1260/1168 1964/1259/1167 1353/1210/1118 877/1213/1121
f 877/1213/1121 881/1215/1123 1966/1261/1169 1965/1260/1168
f 881/1215/1123 1399/1984/1828 1967/1993/1835 1966/1261/1169
f 1407/1992/1834 1968/2002/1843 1967/2001/1835 1399/1989/1828
f 1969/2000/1842 1968/2002/1843 1407/1992/1834 1405/1988/1832
f 1970/1998/1840 1969/2000/1842 1405/1988/1832 1404/1987/1831
f 1404/1987/1831 1342/1233/1141 1971/1235/1143 1970/1998/1840
f 1342/1233/1141 888/1232/1140 1972/1236/1144 1971/1235/1143
f 888/1232/1140 1343/1245/1153 1973/1243/1151 1972/1236/1144
f 1974/1244/1152 1973/1243/1151 1343/1245/1153 890/1248/1156
f 890/1248/1156 892/1252/1160 1975/1249/1157 1974/1244/1152
f 1976/1941/1785 1975/1249/1157 892/1252/1160 1344/2006/1786
f 1414/1945/1789 1977/1940/1784 1976/2009/1785 1344/1942/1786
f 1978/1939/1783 1977/1940/1784 1414/1945/1789 1341/1944/1788
f 1979/1865/1732 1978/1939/1783 1341/1944/1788 1273/1868/1735
f 1980/1513/1419 1979/1865/1732 1273/1868/1735 1040/1832/1700
f 1041/1831/1699 1981/1514/1420 1980/1513/1419 1040/1832/1700
f 1420/2021/1713 1982/2019/1712 1981/1514/1420 1041/1831/1699
f 1253/1834/1702 1983/1830/1698 1982/1844/1712 1420/1845/1713
f 1253/1834/1702 1254/1833/1701 1984/1829/1697 1983/1830/1698
f 1254/1833/1701 1255/1835/1703 1985/1373/1281 1984/1829/1697
f 1255/1835/1703 1256/1836/1704 1986/1374/1282 1985/1373/1281
f 1987/1391/1299 1986/1374/1282 1256/1836/1704 1257/1837/1705
f 1257/1837/1705 1633/2180/1980 1988/1407/1315 1987/1391/1299
f 1989/1399/1307 1988/1407/1315 1633/2180/1980 1258/1841/1709
f 1990/1400/1308 1989/1399/1307 1258/1841/1709 1259/1840/1708
f 1620/1843/1711 1991/1452/1360 1990/1400/1308 1259/1840/1708
f 1656/1842/1710 1992/1453/1361 1991/1452/1360 1620/1843/1711
f 1617/2172/1972 1993/2175/1975 1992/1453/1361 1656/1842/1710
f 1994/2176/1976 1993/2175/1975 1617/2172/1972 1260/2171/1971
f 1668/2139/1941 1995/2141/1943 1994/2176/1976 1260/2171/1971
f 1690/2140/1942 1996/2142/1944 1995/2141/1943 1668/2139/1941
f 1997/970/888 1996/2142/1944 1690/2140/1942 409/972/890
f 524/638/596 1997/970/888 409/972/890 412/482/446
f 1071/1973/1817 2000/2276/2017 1999/2277/2018 866/1971/1815
f 865/2278/2019 2002/2279/2020 2001/2280/2021 918/2281/2022
f 1387/1976/1820 2006/2282/2023 2000/2276/2017 1071/1973/1817
f 1383/2274/2015 2009/2283/2024 2002/2279/2020 865/2278/2019
f 918/2281/2022 2001/2280/2021 2011/2284/2025 864/2285/2026
f 1958/1982/1826 2013/2286/2027 2007/2287/2028 1389/1979/1823
f 924/2273/2014 2012/2288/2029 2013/2286/2027 1958/1982/1826
f 1384/1966/1810 1385/1968/1812 2003/2289/2030 2004/2290/2031
f 1386/1969/1813 866/1971/1815 1999/2277/2018 2005/2291/2032
f 1388/1978/1822 1389/1979/1823 2007/2287/2028 2008/2292/2033
f 1385/1968/1812 1386/1969/1813 2005/2291/2032 2003/2289/2030
f 1998/1963/1807 1384/1966/1810 2004/2290/2031 2010/2293/2034
f 924/2273/2014 2021/2294/2035 2020/2295/2036 2012/2288/2029
f 1387/1976/1820 1388/1978/1822 2008/2292/2033 2006/2282/2023
f 1383/2274/2015 1998/1963/1807 2010/2293/2034 2009/2283/2024
f 2014/2296/2037 2011/2284/2025 2001/2280/2021 2015/2297/2038
f 2015/2297/2038 2001/2280/2021 2002/2279/2020 2016/2298/2039
f 2024/2299/2040 2014/2296/2037 2015/2297/2038 2025/2300/2041
f 2025/2300/2041 2015/2297/2038 2016/2298/2039 2026/2301/2042
f 2006/2282/2023 2017/2302/2043 2018/2303/2044 2000/2276/2017
f 2000/2276/2017 2018/2303/2044 2019/2304/2045 1999/2277/2018
f 2005/2291/2032 1999/2277/2018 2019/2304/2045 2003/2289/2030
f 2007/2287/2028 2017/2302/2043 2006/2282/2023 2008/2292/2033
f 2020/2295/2036 2021/2294/2035 864/2285/2026 2011/2284/2025
f 2029/1960/1804 2022/1959/1803 2027/1282/1190 2030/2305/2046
f 2027/1282/1190 2022/1959/1803 2042/2306/2047 2040/1958/1802
f 2017/2302/2043 2024/2299/2040 2025/2300/2041 2018/2303/2044
f 2018/2303/2044 2025/2300/2041 2026/2301/2042 2019/2304/2045
f 2020/2295/2036 2011/2284/2025 2014/2296/2037 2012/2288/2029
f 2012/2288/2029 2014/2296/2037 2024/2299/2040 2013/2286/2027
f 2013/2286/2027 2024/2299/2040 2017/2302/2043 2007/2287/2028
f 2003/2289/2030 2019/2304/2045 2026/2301/2042 2004/2290/2031
f 2004/2290/2031 2026/2301/2042 2016/2298/2039 2010/2293/2034
f 2010/2293/2034 2016/2298/2039 2002/2279/2020 2009/2283/2024
f 924/2273/2014 923/1302/1210 2029/1960/1804 2021/2294/2035
f 864/2285/2026 2021/2294/2035 2029/1960/1804 2030/2305/2046
f 864/2285/2026 2030/2305/2046 2031/2307/2048 918/2281/2022
f 918/2281/2022 2031/2307/2048 2032/2308/2049 865/2278/2019
f 2033/2309/2050 1383/2274/2015 865/2278/2019 2032/2308/2049
f 2030/2305/2046 2027/1282/1190 2034/1180/1088 2031/2307/2048
f 2031/2307/2048 2034/1180/1088 2035/1183/1091 2032/2308/2049
f 2036/1205/1113 2033/2309/2050 2032/2308/2049 2035/1183/1091
f 2037/1962/1806 2038/2310/2051 2033/2309/2050 2036/1205/1113
f 879/1218/1126 1390/2275/2016 2038/2310/2051 2037/1962/1806
f 1390/2275/2016 1383/2274/2015 2033/2309/2050 2038/2310/2051
f 1381/1295/1203 2039/1298/1206 2041/2311/2052 920/1291/1199
f 2041/2311/2052 2039/1298/1206 2040/1958/1802 2042/2306/2047
f 2041/2311/2052 1382/1301/1209 919/1292/1200 920/1291/1199
f 2022/1959/1803 1382/1301/1209 2041/2311/2052 2042/2306/2047
f 2027/1282/1190 2040/1958/1802 2023/1957/1801 2028/1283/1191
f 869/1253/1161 893/1177/1085 871/1176/1084 1363/1956/1800
f 862/1254/1162 869/1253/1161 1363/1956/1800 2043/1556/1455
f 2043/1556/1455 1363/1956/1800 1364/1950/1794 2044/1953/1797
f 2045/1952/1796 1070/1186/1094 2043/1556/1455 2044/1953/1797
f 1070/1186/1094 2045/1952/1796 2046/1271/1179 870/1187/1095
f 2047/1270/1178 1955/1266/1174 870/1187/1095 2046/1271/1179
f 1955/1266/1174 2047/1270/1178 2048/1309/1217 912/1300/1208
f 2049/1307/1215 921/1293/1201 912/1300/1208 2048/1309/1217
f 2050/1277/1185 916/1278/1186 921/1293/1201 2049/1307/1215
f 2051/1276/1184 1376/1279/1187 916/1278/1186 2050/1277/1185
f 16/1287/1195 1376/1279/1187 2051/1276/1184 2052/1286/1194
f 2072/2312/2053 2054/2313/2054 2053/2314/2055 2073/2315/2056
f 2055/2316/2057 2054/2313/2054 2072/2312/2053 2071/2317/2058
f 2070/2318/2059 2255/2319/2060 2055/2316/2057 2071/2317/2058
f 3795/2320/2061 2065/2321/2062 2057/2322/2063 3796/2323/2064
f 2058/2324/2065 2255/2319/2060 2070/2318/2059 2069/2325/2066
f 2059/2326/2067 2066/2327/2068 2064/2328/2069 2056/2329/2070
f 2060/2330/2071 2068/2331/2072 3779/2332/2073 3778/2333/2074
f 2061/2334/2075 2067/2335/2076 2066/2327/2068 2059/2326/2067
f 3501/2336/2077 2094/2337/2078 2099/2338/2079 3502/2339/2080
f 2129/2340/2081 2128/2341/2082 2077/2342/2083 2074/2343/2084
f 3502/2339/2080 2099/2338/2079 2097/2344/2085 3503/2345/2086
f 3780/2346/2087 2098/2347/2088 3504/2348/2089 3781/2349/2090
f 3504/2350/2089 2098/2351/2088 2096/2352/2091 3495/2353/2092
f 2076/2354/2093 3496/2355/2094 3495/2353/2092 2096/2352/2091
f 3496/2355/2094 2076/2354/2093 2123/2356/2095 3497/2357/2096
f 3497/2357/2096 2123/2356/2095 2122/2358/2097 3498/2359/2098
f 2078/2360/2099 2101/2361/2100 2082/2362/2101 2081/2363/2102
f 3498/2359/2098 2122/2358/2097 2080/2364/2103 3499/2365/2104
f 3500/2366/2105 2095/2367/2106 3794/2368/2107 3793/2369/2108
f 2093/2370/2109 2085/2371/2110 2084/2372/2111 2092/2373/2112
f 2088/2374/2113 2089/2375/2114 2087/2376/2115 2086/2377/2116
f 2088/2374/2113 2091/2378/2117 2090/2379/2118 2089/2375/2114
f 2087/2376/2115 2093/2370/2109 2092/2373/2112 2086/2377/2116
f 3794/2368/2107 2095/2367/2106 2065/2321/2062 3795/2320/2061
f 2066/2327/2068 2099/2338/2079 2094/2337/2078 2064/2328/2069
f 2097/2344/2085 2099/2338/2079 2066/2327/2068 2067/2335/2076
f 2098/2347/2088 3780/2346/2087 3779/2332/2073 2068/2331/2072
f 2098/2351/2088 2068/2380/2072 2069/2325/2066 2096/2352/2091
f 2070/2318/2059 2076/2354/2093 2096/2352/2091 2069/2325/2066
f 2123/2356/2095 2076/2354/2093 2070/2318/2059 2071/2317/2058
f 2072/2312/2053 2122/2358/2097 2123/2356/2095 2071/2317/2058
f 2080/2364/2103 2122/2358/2097 2072/2312/2053 2073/2315/2056
f 2080/2364/2103 2073/2315/2056 2065/2381/2062 2095/2382/2106
f 2075/2383/2119 2127/2384/2120 2126/2385/2121 2063/2386/2122
f 2100/2387/2123 2130/2388/2124 3783/2389/2125 3782/2390/2126
f 3791/2391/2127 2124/2392/2128 2083/2393/2129 3792/2394/2130
f 2063/2386/2122 2126/2385/2121 2125/2395/2131 2062/2396/2132
f 2088/2374/2113 2111/2397/2133 2110/2398/2134 2091/2378/2117
f 2111/2397/2133 2088/2374/2113 2086/2377/2116 2112/2399/2135
f 2112/2399/2135 2086/2377/2116 2092/2373/2112 2113/2400/2136
f 2084/2372/2111 2114/2401/2137 2113/2400/2136 2092/2373/2112
f 3786/2402/2138 2111/2403/2133 2112/2404/2135 3787/2405/2139
f 3787/2405/2139 2112/2404/2135 2113/2406/2136 3788/2407/2140
f 2116/2408/2141 2119/2409/2142 2120/2410/2143 2117/2411/2144
f 3785/2412/2145 2110/2413/2134 2111/2403/2133 3786/2402/2138
f 2113/2406/2136 2114/2414/2137 3789/2415/2146 3788/2407/2140
f 2119/2409/2142 2116/2408/2141 2115/2416/2147 2118/2417/2148
f 2121/2418/2149 2085/2371/2110 2093/2370/2109 2087/2376/2115
f 2090/2379/2118 2121/2418/2149 2087/2376/2115 2089/2375/2114
f 2091/2378/2117 2106/2419/2150 2105/2420/2151 2090/2379/2118
f 2110/2398/2134 2104/2421/2152 2106/2419/2150 2091/2378/2117
f 3784/2422/2153 2104/2423/2152 2110/2413/2134 3785/2412/2145
f 2103/2424/2154 2115/2416/2147 2116/2408/2141 2102/2425/2155
f 2102/2425/2155 2116/2408/2141 2117/2411/2144 2109/2426/2156
f 2114/2414/2137 2107/2427/2157 3790/2428/2158 3789/2415/2146
f 2108/2429/2159 2107/2430/2157 2114/2401/2137 2084/2372/2111
f 2085/2371/2110 2132/2431/2160 2108/2429/2159 2084/2372/2111
f 2109/2426/2156 2125/2395/2131 2126/2385/2121 2102/2425/2155
f 2107/2427/2157 2124/2392/2128 3791/2391/2127 3790/2428/2158
f 2108/2429/2159 2081/2363/2102 2124/2432/2128 2107/2430/2157
f 2132/2431/2160 2078/2360/2099 2081/2363/2102 2108/2429/2159
f 2078/2360/2099 2132/2431/2160 2131/2433/2161 2079/2434/2162
f 2079/2434/2162 2131/2433/2161 2105/2420/2151 2074/2343/2084
f 2106/2419/2150 2129/2340/2081 2074/2343/2084 2105/2420/2151
f 2104/2421/2152 2130/2435/2124 2129/2340/2081 2106/2419/2150
f 2130/2388/2124 2104/2423/2152 3784/2422/2153 3783/2389/2125
f 2127/2384/2120 2103/2424/2154 2102/2425/2155 2126/2385/2121
f 2090/2379/2118 2105/2420/2151 2131/2433/2161 2121/2418/2149
f 2121/2418/2149 2131/2433/2161 2132/2431/2160 2085/2371/2110
f 2128/2341/2082 2129/2340/2081 2130/2435/2124 2100/2436/2123
f 3499/2365/2104 2080/2364/2103 2095/2382/2106 3500/2437/2105
f 2124/2432/2128 2081/2363/2102 2082/2362/2101 2083/2438/2129
f 2058/2324/2065 2069/2325/2066 2068/2380/2072 2060/2439/2071
f 2053/2314/2055 2057/2440/2063 2065/2381/2062 2073/2315/2056
f 3775/2441/2163 3516/2442/2164 2136/2443/2165 3776/2444/2166
f 2138/2445/2167 3524/2446/2168 3515/2447/2169 2135/2448/2170
f 3745/2449/2171 3523/2450/2172 2140/2451/2173 3746/2452/2174
f 3523/2450/2172 3524/2446/2168 2138/2445/2167 2140/2451/2173
f 2141/2453/2175 2144/2454/2176 2143/2455/2177 2142/2456/2178
f 2153/2457/2179 2181/2458/2180 3525/2459/2181 3534/2460/2182
f 3533/2461/2183 2151/2462/2184 2153/2457/2179 3534/2460/2182
f 2148/2463/2185 2142/2456/2178 2143/2455/2177 2147/2464/2186
f 3742/2465/2187 2148/2463/2185 2147/2464/2186 3743/2466/2188
f 2151/2462/2184 2179/2467/2189 2149/2468/2190 2150/2469/2191
f 2152/2470/2192 2153/2457/2179 2151/2462/2184 2150/2469/2191
f 2181/2458/2180 2180/2471/2193 3526/2472/2194 3525/2459/2181
f 2155/2473/2195 2152/2470/2192 2150/2469/2191 2175/2474/2196
f 2147/2464/2186 2176/2475/2197 3744/2476/2198 3743/2466/2188
f 2147/2464/2186 2143/2455/2177 2178/2477/2199 2176/2475/2197
f 2144/2454/2176 2173/2478/2200 2178/2477/2199 2143/2455/2177
f 2153/2457/2179 2152/2470/2192 2201/2479/2201 2181/2458/2180
f 2156/2480/2202 2180/2471/2193 2181/2458/2180 2201/2479/2201
f 2157/2481/2203 2156/2480/2202 2200/2482/2204 2158/2483/2205
f 3526/2472/2194 2180/2471/2193 2160/2484/2206 3527/2485/2207
f 2180/2471/2193 2156/2480/2202 2157/2481/2203 2160/2484/2206
f 2157/2481/2203 2162/2486/2208 2161/2487/2209 2160/2484/2206
f 2161/2488/2209 2162/2489/2208 3773/2490/2210 3772/2491/2211
f 2162/2489/2208 2174/2492/2212 3774/2493/2213 3773/2490/2210
f 2172/2494/2214 2164/2495/2215 2170/2496/2216 2163/2497/2217
f 2165/2498/2218 2168/2499/2219 2167/2500/2220 2166/2501/2221
f 2165/2498/2218 2169/2502/2222 2171/2503/2223 2168/2499/2219
f 2167/2500/2220 2172/2494/2214 2163/2497/2217 2166/2501/2221
f 3774/2493/2213 2174/2492/2212 3516/2442/2164 3775/2441/2163
f 3524/2446/2168 2178/2477/2199 2173/2478/2200 3515/2447/2169
f 2176/2475/2197 2178/2477/2199 3524/2446/2168 3523/2450/2172
f 3744/2476/2198 2176/2475/2197 3523/2450/2172 3745/2449/2171
f 2177/2504/2224 3522/2505/2225 3521/2506/2226 2175/2474/2196
f 3520/2507/2227 2155/2473/2195 2175/2474/2196 3521/2506/2226
f 2202/2508/2228 2155/2473/2195 3520/2507/2227 3519/2509/2229
f 3518/2510/2230 2200/2482/2204 2202/2508/2228 3519/2509/2229
f 2158/2483/2205 2200/2482/2204 3518/2510/2230 3517/2511/2231
f 2158/2483/2205 3517/2511/2231 3516/2512/2164 2174/2513/2212
f 3531/2514/2232 3530/2515/2233 2142/2456/2178 2148/2463/2185
f 3741/2516/2234 3531/2514/2232 2148/2463/2185 3742/2465/2187
f 3771/2517/2235 3528/2518/2236 2161/2488/2209 3772/2491/2211
f 2142/2456/2178 3530/2515/2233 3529/2519/2237 2141/2453/2175
f 2165/2498/2218 2189/2520/2238 2188/2521/2239 2169/2502/2222
f 2189/2520/2238 2165/2498/2218 2166/2501/2221 2190/2522/2240
f 2190/2522/2240 2166/2501/2221 2163/2497/2217 2191/2523/2241
f 2170/2496/2216 2192/2524/2242 2191/2523/2241 2163/2497/2217
f 3767/2525/2243 2197/2526/2244 2196/2527/2245 3920/2528/2246
f 3767/2525/2243 2190/2529/2240 2191/2530/2241 3768/2531/2247
f 2194/2532/2248 2197/2526/2244 2198/2533/2249 2195/2534/2250
f 2193/2535/2251 3739/2536/2252 3920/2528/2246 2196/2527/2245
f 2191/2530/2241 2192/2537/2242 3769/2538/2253 3768/2531/2247
f 2196/2527/2245 2197/2526/2244 2194/2532/2248 2193/2535/2251
f 2199/2539/2254 2164/2495/2215 2172/2494/2214 2167/2500/2220
f 2171/2503/2223 2199/2539/2254 2167/2500/2220 2168/2499/2219
f 2169/2502/2222 2185/2540/2255 2146/2541/2256 2171/2503/2223
f 2188/2521/2239 2184/2542/2257 2185/2540/2255 2169/2502/2222
f 2193/2535/2251 2183/2543/2258 3740/2544/2259 3739/2536/2252
f 2193/2535/2251 2194/2532/2248 2182/2545/2260 2183/2543/2258
f 2182/2545/2260 2194/2532/2248 2195/2534/2250 2187/2546/2261
f 2192/2537/2242 2186/2547/2262 3770/2548/2263 3769/2538/2253
f 2159/2549/2264 2186/2550/2262 2192/2524/2242 2170/2496/2216
f 2164/2495/2215 2154/2551/2265 2159/2549/2264 2170/2496/2216
f 2202/2508/2228 2200/2482/2204 2156/2480/2202 2201/2479/2201
f 2202/2508/2228 2201/2479/2201 2152/2470/2192 2155/2473/2195
f 2171/2503/2223 2146/2541/2256 2203/2552/2266 2199/2539/2254
f 2199/2539/2254 2203/2552/2266 2154/2551/2265 2164/2495/2215
f 2151/2462/2184 3533/2461/2183 3532/2553/2267 2179/2467/2189
f 2149/2468/2190 2177/2504/2224 2175/2474/2196 2150/2469/2191
f 2157/2481/2203 2158/2483/2205 2174/2513/2212 2162/2486/2208
f 3527/2485/2207 2160/2484/2206 2161/2487/2209 3528/2554/2236
f 2137/2555/2268 3521/2506/2226 3522/2505/2225 2139/2556/2269
f 3564/2557/2270 2205/2558/2271 2204/2559/2272 3555/2560/2273
f 2206/2561/2274 2205/2558/2271 3564/2557/2270 3563/2562/2275
f 3563/2562/2275 3562/2563/2276 2279/2564/2277 2206/2561/2274
f 2207/2565/2278 3557/2566/2279 3749/2567/2280 3748/2568/2281
f 2209/2569/2282 2279/2564/2277 3562/2563/2276 3561/2570/2283
f 2210/2571/2284 3558/2572/2285 3557/2566/2279 2207/2565/2278
f 3763/2573/2286 3559/2574/2287 2212/2575/2288 3764/2576/2289
f 2210/2571/2284 2212/2575/2288 3559/2574/2287 3558/2572/2285
f 2213/2577/2290 3549/2578/2291 3548/2579/2292 2214/2580/2293
f 3535/2581/2294 3544/2582/2295 2221/2583/2296 2217/2584/2297
f 3543/2585/2298 2219/2586/2299 2221/2583/2296 3544/2582/2295
f 3548/2579/2292 3547/2587/2300 2218/2588/2301 2214/2580/2293
f 2218/2588/2301 3547/2587/2300 3761/2589/2302 3760/2590/2303
f 2219/2586/2299 2238/2591/2304 3546/2592/2305 3545/2593/2306
f 3554/2594/2307 2221/2583/2296 2219/2586/2299 3545/2593/2306
f 2217/2584/2297 2239/2595/2308 3536/2596/2309 3535/2581/2294
f 2217/2584/2297 2221/2583/2296 3554/2594/2307 3553/2597/2310
f 2217/2584/2297 3553/2597/2310 3552/2598/2311 2239/2595/2308
f 3536/2596/2309 2239/2595/2308 2224/2599/2312 3537/2600/2313
f 2239/2595/2308 3552/2598/2311 3551/2601/2314 2224/2599/2312
f 3751/2602/2315 3549/2578/2291 2213/2577/2290 3752/2603/2316
f 2228/2604/2317 2227/2605/2318 2230/2606/2319 2229/2607/2320
f 2232/2608/2321 2222/2609/2322 2253/2610/2323 2226/2611/2324
f 2227/2605/2318 2231/2612/2325 2216/2613/2326 2230/2606/2319
f 2229/2607/2320 2232/2608/2321 2226/2611/2324 2228/2604/2317
f 2214/2580/2293 2218/2588/2301 3541/2614/2327 3540/2615/2328
f 3759/2616/2329 3541/2614/2327 2218/2588/2301 3760/2590/2303
f 2213/2577/2290 3539/2617/2330 3753/2618/2331 3752/2603/2316
f 2214/2580/2293 3540/2615/2328 3539/2617/2330 2213/2577/2290
f 2245/2619/2332 2242/2620/2333 2231/2612/2325 2227/2605/2318
f 2246/2621/2334 2245/2619/2332 2227/2605/2318 2228/2604/2317
f 2246/2621/2334 2228/2604/2317 2226/2611/2324 2247/2622/2335
f 2253/2610/2323 2243/2623/2336 2247/2622/2335 2226/2611/2324
f 3757/2624/2337 2248/2625/2338 2241/2626/2339 3758/2627/2340
f 2240/2628/2341 2241/2626/2339 2248/2625/2338 2249/2629/2342
f 3754/2630/2343 2244/2631/2344 2250/2632/2345 3755/2633/2346
f 2240/2628/2341 2249/2629/2342 2250/2632/2345 2244/2631/2344
f 2249/2629/2342 2248/2625/2338 3757/2624/2337 3756/2634/2347
f 2249/2629/2342 3756/2634/2347 3755/2633/2346 2250/2632/2345
f 2229/2607/2320 2230/2606/2319 2216/2613/2326 2254/2635/2348
f 2232/2608/2321 2229/2607/2320 2254/2635/2348 2222/2609/2322
f 2219/2586/2299 3543/2585/2298 3542/2636/2349 2238/2591/2304
f 2224/2599/2312 3551/2601/2314 3550/2637/2350 2225/2638/2351
f 3537/2600/2313 2224/2599/2312 2225/2638/2351 3538/2639/2352
f 2209/2569/2282 3561/2570/2283 3560/2640/2353 2211/2641/2354
f 2204/2559/2272 2208/2642/2355 3556/2643/2356 3555/2560/2273
f 2261/2644/2357 2258/2645/2358 2256/2646/2359 2259/2647/2360
f 2259/2647/2360 2256/2646/2359 2257/2648/2361 2260/2649/2362
f 2260/2649/2362 2257/2648/2361 2262/2650/2363 2266/2651/2364
f 2273/2652/2365 2270/2653/2366 2268/2654/2367 2271/2655/2368
f 2271/2655/2368 2268/2654/2367 2269/2656/2369 2272/2657/2370
f 2272/2657/2370 2269/2656/2369 2274/2658/2371 2278/2659/2372
f 2285/2660/2373 2282/2661/2374 2280/2662/2375 2283/2663/2376
f 2280/2662/2375 2281/2664/2377 2284/2665/2378 2283/2663/2376
f 2284/2665/2378 2281/2664/2377 2286/2666/2379 2290/2667/2380
f 3575/2668/2381 2420/2669/2382 2291/2670/2383 3576/2671/2384
f 2291/2670/2383 2479/2672/2385 3577/2673/2386 3576/2671/2384
f 3844/2674/2387 3578/2675/2388 2293/2676/2389 3845/2677/2390
f 3673/2678/2391 2641/2679/2392 2642/2680/2393 3674/2681/2394
f 3670/2682/2395 2363/2683/2396 2364/2684/2397 3671/2685/2398
f 2297/2686/2399 2522/2687/2400 2417/2688/2401 2401/2689/2402
f 2298/2690/2403 2301/2691/2404 2300/2692/2405 2299/2693/2406
f 2298/2690/2403 2416/2694/2407 2418/2695/2408 2301/2691/2404
f 2303/2696/2409 2397/2697/2410 2396/2698/2411 2302/2699/2412
f 2303/2696/2409 2302/2699/2412 2305/2700/2413 2304/2701/2414
f 2301/2691/2404 2418/2695/2408 2397/2697/2410 2303/2696/2409
f 2300/2692/2405 2301/2691/2404 2303/2696/2409 2304/2701/2414
f 2306/2702/2415 2308/2703/2416 2558/2704/2417 2307/2705/2418
f 2308/2703/2416 2310/2706/2419 2309/2707/2420 2558/2704/2417
f 2563/2708/2421 2564/2709/2422 2312/2710/2423 2311/2711/2424
f 3671/2685/2398 2364/2684/2397 2367/2712/2425 3672/2713/2426
f 2314/2714/2427 2317/2715/2428 2316/2716/2429 2315/2717/2430
f 2318/2718/2431 2319/2719/2432 2317/2715/2428 2314/2714/2427
f 2318/2718/2431 2320/2720/2433 2321/2721/2434 2319/2719/2432
f 2322/2722/2435 2321/2721/2434 2320/2720/2433 2323/2723/2436
f 3569/2724/2437 2331/2725/2438 2330/2726/2439 3570/2727/2440
f 3571/2728/2441 3570/2727/2440 2330/2726/2439 2328/2729/2442
f 2319/2719/2432 2321/2721/2434 2324/2730/2443 2325/2731/2444
f 2326/2732/2445 2317/2715/2428 2319/2719/2432 2325/2731/2444
f 2327/2733/2446 2316/2716/2429 2317/2715/2428 2326/2732/2445
f 2328/2729/2442 2330/2726/2439 2334/2734/2447 2329/2735/2448
f 2333/2736/2449 2334/2734/2447 2330/2726/2439 2331/2725/2438
f 2332/2737/2450 2335/2738/2451 2334/2734/2447 2333/2736/2449
f 2329/2735/2448 2334/2734/2447 2335/2738/2451 2336/2739/2452
f 2323/2740/2436 2339/2741/2453 2338/2742/2454 2322/2743/2435
f 3568/2744/2455 2337/2745/2456 2331/2746/2438 3569/2747/2437
f 2331/2746/2438 2337/2745/2456 2341/2748/2457 2333/2749/2449
f 2333/2749/2449 2341/2748/2457 2340/2750/2458 2332/2751/2450
f 2351/2752/2459 2346/2753/2460 2344/2754/2461 2349/2755/2462
f 2349/2755/2462 2344/2754/2461 2345/2756/2463 2350/2757/2464
f 2346/2753/2460 2351/2752/2459 2352/2758/2465 2348/2759/2466
f 2441/2760/2467 2347/2761/2468 2730/2762/2469 2442/2763/2470
f 2343/2764/2471 2347/2761/2468 2441/2760/2467 2440/2765/2472
f 2439/2766/2473 2342/2767/2474 2343/2764/2471 2440/2765/2472
f 3815/2768/2475 2434/2769/2476 2354/2770/2477 3816/2771/2478
f 2358/2772/2479 2342/2767/2474 2439/2766/2473 2438/2773/2480
f 2359/2774/2481 2362/2775/2482 2361/2776/2483 2360/2777/2484
f 2362/2775/2482 2364/2684/2397 2363/2683/2396 2361/2776/2483
f 2365/2778/2485 2362/2775/2482 2359/2774/2481 2366/2779/2486
f 2364/2684/2397 2362/2775/2482 2365/2778/2485 2367/2712/2425
f 2479/2672/2385 2293/2780/2389 3578/2781/2388 3577/2673/2386
f 2368/2782/2487 2304/2701/2414 2305/2700/2413 2369/2783/2488
f 2314/2714/2427 2315/2717/2430 2372/2784/2489 2292/2785/2490
f 3845/2677/2390 2293/2676/2389 2374/2786/2491 3846/2787/2492
f 2375/2788/2493 2314/2714/2427 2292/2785/2490 2373/2789/2494
f 2376/2790/2495 2318/2718/2431 2314/2714/2427 2375/2788/2493
f 2323/2723/2436 2320/2720/2433 2385/2791/2496 2384/2792/2497
f 2386/2793/2498 2339/2741/2453 2323/2740/2436 2384/2794/2497
f 2376/2790/2495 2385/2791/2496 2320/2720/2433 2318/2718/2431
f 2389/2795/2499 3915/2796/2500 3914/2797/2501 2390/2798/2502
f 2390/2798/2502 3914/2797/2501 3913/2799/2503 2391/2800/2504
f 2391/2800/2504 3913/2799/2503 3821/2801/2505 3669/2802/2506
f 2392/2803/2507 2393/2804/2508 2395/2805/2509 2394/2806/2510
f 2359/2774/2481 2399/2807/2511 2398/2808/2512 2366/2779/2486
f 2731/2809/2513 2399/2807/2511 2359/2774/2481 2360/2777/2484
f 2549/2810/2514 2400/2811/2515 2392/2803/2507 2394/2806/2510
f 2401/2689/2402 2417/2688/2401 2416/2694/2407 2298/2690/2403
f 2402/2812/2516 2401/2689/2402 2298/2690/2403 2299/2693/2406
f 2731/2809/2513 2294/2813/2517 2296/2814/2518 2399/2807/2511
f 2399/2807/2511 2296/2814/2518 2313/2815/2519 2398/2808/2512
f 2403/2816/2520 2295/2817/2521 3823/2818/2522 3822/2819/2523
f 3819/2820/2524 2404/2821/2525 2551/2822/2526 3820/2823/2527
f 2407/2824/2528 2556/2825/2529 2559/2826/2530 2408/2827/2531
f 3824/2828/2532 2412/2829/2533 2411/2830/2534 3825/2831/2535
f 2550/2832/2536 2413/2833/2537 2414/2834/2538 2582/2835/2539
f 2421/2836/2540 2552/2837/2541 2553/2838/2542 2422/2839/2543
f 2422/2839/2543 2425/2840/2544 2424/2841/2545 2421/2836/2540
f 2426/2842/2546 2435/2843/2547 2433/2844/2548 2353/2845/2549
f 2427/2846/2550 2437/2847/2551 3799/2848/2552 3798/2849/2553
f 2428/2850/2554 2436/2851/2555 2435/2843/2547 2426/2842/2546
f 2429/2852/2556 2432/2853/2557 2431/2854/2558 2430/2855/2559
f 2444/2856/2560 2445/2857/2561 2430/2855/2559 2431/2854/2558
f 2446/2858/2562 2530/2859/2563 3802/2860/2564 3801/2861/2565
f 2722/2862/2566 2530/2863/2563 2446/2864/2562 2447/2865/2567
f 2448/2866/2568 2531/2867/2569 2722/2862/2566 2447/2865/2567
f 3513/2868/2570 3487/2869/2571 3486/2870/2572 3514/2871/2573
f 2449/2872/2574 2448/2866/2568 2447/2865/2567 2526/2873/2575
f 3800/2874/2576 2528/2875/2577 2446/2858/2562 3801/2861/2565
f 2431/2854/2558 2529/2876/2578 2527/2877/2579 2444/2856/2560
f 2432/2853/2557 2524/2878/2580 2529/2876/2578 2431/2854/2558
f 2531/2867/2569 2448/2866/2568 2720/2879/2581 2443/2880/2582
f 2443/2880/2582 2720/2879/2581 2450/2881/2583 2532/2882/2584
f 2451/2883/2585 2450/2881/2583 2719/2884/2586 2452/2885/2587
f 2532/2882/2584 2450/2881/2583 2451/2883/2585 2453/2886/2588
f 2451/2883/2585 2455/2887/2589 2454/2888/2590 2453/2886/2588
f 2454/2889/2590 2455/2890/2589 3813/2891/2591 3812/2892/2592
f 2455/2890/2589 2525/2893/2593 3814/2894/2594 3813/2891/2591
f 2457/2895/2595 2458/2896/2596 2425/2840/2544 2422/2839/2543
f 2457/2895/2595 2422/2839/2543 2553/2838/2542 2459/2897/2597
f 2460/2898/2598 2461/2899/2599 2457/2895/2595 2459/2897/2597
f 2387/2900/2600 2388/2901/2601 2413/2833/2537 2550/2832/2536
f 2462/2902/2602 2727/2903/2603 2502/2904/2604 2463/2905/2605
f 2507/2906/2606 2329/2735/2448 2336/2739/2452 2464/2907/2607
f 2340/2750/2458 2341/2748/2457 2465/2908/2608 2289/2909/2609
f 2582/2835/2539 2414/2834/2538 2415/2910/2610 2583/2911/2611
f 2466/2912/2612 2469/2913/2613 2468/2914/2614 2467/2915/2615
f 2470/2916/2616 2471/2917/2617 2561/2918/2618 2562/2919/2619
f 2311/2711/2424 2470/2916/2616 2562/2919/2619 2563/2708/2421
f 2472/2920/2620 2475/2921/2621 2474/2922/2622 2473/2923/2623
f 2475/2921/2621 2472/2920/2620 2477/2924/2624 2476/2925/2625
f 2292/2785/2490 2372/2784/2489 3677/2926/2626 3579/2927/2627
f 2479/2672/2385 2480/2928/2628 2374/2929/2491 2293/2780/2389
f 2372/2784/2489 2315/2717/2430 2370/2930/2629 2711/2931/2630
f 3667/2932/2631 2715/2933/2632 2405/2934/2633 3668/2935/2634
f 2291/2670/2383 2481/2936/2635 2480/2928/2628 2479/2672/2385
f 2482/2937/2636 3685/2938/2637 3684/2939/2638 2483/2940/2639
f 2484/2941/2640 2487/2942/2641 2486/2943/2642 2485/2944/2643
f 2482/2937/2636 2483/2940/2639 2485/2944/2643 2486/2943/2642
f 2487/2942/2641 2484/2941/2640 2494/2945/2644 2493/2946/2645
f 2495/2947/2646 2496/2948/2647 2493/2946/2645 2494/2945/2644
f 2495/2947/2646 2497/2949/2648 2498/2950/2649 2496/2948/2647
f 2339/2741/2453 2386/2793/2498 2498/2950/2649 2497/2949/2648
f 2499/2951/2650 2481/2936/2635 2291/2670/2383 2420/2669/2382
f 2501/2952/2651 2463/2905/2605 2502/2904/2604 2500/2953/2652
f 2500/2953/2652 2502/2904/2604 2371/2954/2653 2503/2955/2654
f 2504/2956/2655 2506/2957/2656 2511/2958/2657 2505/2959/2658
f 2508/2960/2659 2328/2729/2442 2329/2735/2448 2507/2906/2606
f 3572/2961/2660 3571/2728/2441 2328/2729/2442 2508/2960/2659
f 3573/2962/2661 2510/2963/2662 2509/2964/2663 3574/2965/2664
f 2508/2960/2659 2510/2963/2662 3573/2962/2661 3572/2961/2660
f 2509/2964/2663 2510/2963/2662 2505/2959/2658 2511/2958/2657
f 2510/2963/2662 2508/2960/2659 2507/2906/2606 2505/2959/2658
f 2464/2907/2607 2504/2956/2655 2505/2959/2658 2507/2906/2606
f 2521/2966/2665 2519/2967/2666 2513/2968/2667 2512/2969/2668
f 2514/2970/2669 2517/2971/2670 2516/2972/2671 2515/2973/2672
f 2514/2970/2669 2520/2974/2673 2518/2975/2674 2517/2971/2670
f 2516/2972/2671 2521/2966/2665 2512/2969/2668 2515/2973/2672
f 2307/2705/2418 2419/2976/2675 2522/2687/2400 2297/2686/2399
f 3823/2818/2522 2295/2817/2521 2412/2829/2533 3824/2828/2532
f 2474/2922/2622 2313/2815/2519 2296/2814/2518 2473/2923/2623
f 2297/2686/2399 2523/2977/2676 2306/2702/2415 2307/2705/2418
f 3814/2894/2594 2525/2893/2593 2434/2769/2476 3815/2768/2475
f 2435/2843/2547 2529/2876/2578 2524/2878/2580 2433/2844/2548
f 2527/2877/2579 2529/2876/2578 2435/2843/2547 2436/2851/2555
f 2528/2875/2577 3800/2874/2576 3799/2848/2552 2437/2847/2551
f 2528/2978/2577 2437/2979/2551 2438/2773/2480 2526/2873/2575
f 2439/2766/2473 2449/2872/2574 2526/2873/2575 2438/2773/2480
f 2721/2980/2677 2449/2872/2574 2439/2766/2473 2440/2765/2472
f 2441/2760/2467 2719/2884/2586 2721/2980/2677 2440/2765/2472
f 2452/2885/2587 2719/2884/2586 2441/2760/2467 2442/2763/2470
f 2452/2885/2587 2442/2763/2470 2434/2981/2476 2525/2982/2593
f 3508/2983/2678 3492/2984/2679 3491/2985/2680 3509/2986/2681
f 3803/2987/2682 3507/2988/2683 3493/2989/2684 3804/2990/2685
f 2514/2970/2669 2534/2991/2686 2533/2992/2687 2520/2974/2673
f 2534/2991/2686 2514/2970/2669 2515/2973/2672 2535/2993/2688
f 2535/2993/2688 2515/2973/2672 2512/2969/2668 2536/2994/2689
f 2513/2968/2667 2537/2995/2690 2536/2994/2689 2512/2969/2668
f 3806/2996/2691 2534/2997/2686 2535/2998/2688 3807/2999/2692
f 3807/2999/2692 2535/2998/2688 2536/3000/2689 3808/3001/2693
f 2539/3002/2694 2542/3003/2695 2543/3004/2696 2540/3005/2697
f 3805/3006/2698 2533/3007/2687 2534/2997/2686 3806/2996/2691
f 2536/3000/2689 2537/3008/2690 3809/3009/2699 3808/3001/2693
f 2542/3003/2695 2539/3002/2694 2538/3010/2700 2541/3011/2701
f 2544/3012/2702 2519/2967/2666 2521/2966/2665 2516/2972/2671
f 2518/2975/2674 2544/3012/2702 2516/2972/2671 2517/2971/2670
f 3494/3013/2703 3506/3014/2704 3505/3015/2705 3485/3016/2706
f 3493/3017/2684 3507/3018/2683 3506/3014/2704 3494/3013/2703
f 3490/3019/2707 3510/3020/2708 3509/2986/2681 3491/2985/2680
f 3810/3021/2709 3489/3022/2710 3511/3023/2711 3811/3024/2712
f 3488/3025/2713 3512/3026/2714 3511/3027/2711 3489/3028/2710
f 3512/3026/2714 3488/3025/2713 3487/2869/2571 3513/2868/2570
f 2556/2825/2529 2407/2824/2528 2545/3029/2715 2555/3030/2716
f 2546/3031/2717 2406/3032/2718 2555/3030/2716 2545/3029/2715
f 2400/2811/2515 2547/3033/2719 2295/3034/2521 2403/3035/2520
f 2546/3031/2717 2412/3036/2533 2295/3034/2521 2547/3033/2719
f 2545/3029/2715 2411/3037/2534 2412/3036/2533 2546/3031/2717
f 2547/3033/2719 2548/3038/2720 2406/3032/2718 2546/3031/2717
f 2419/2976/2675 2406/3032/2718 2548/3038/2720 2522/2687/2400
f 2549/2810/2514 2417/2688/2401 2522/2687/2400 2548/3038/2720
f 2394/2806/2510 2416/2694/2407 2417/2688/2401 2549/2810/2514
f 2395/2805/2509 2418/2695/2408 2416/2694/2407 2394/2806/2510
f 2395/2805/2509 2726/3039/2721 2397/2697/2410 2418/2695/2408
f 2397/2697/2410 2726/3039/2721 2714/3040/2722 2396/2698/2411
f 2509/2964/2663 2503/2955/2654 2327/2733/2446 3574/2965/2664
f 2503/2955/2654 2509/2964/2663 2511/2958/2657 2500/2953/2652
f 2506/2957/2656 2501/2952/2651 2500/2953/2652 2511/2958/2657
f 2554/3041/2723 2557/3042/2724 2556/2825/2529 2555/3030/2716
f 2558/2704/2417 2309/2707/2420 2557/3042/2724 2554/3041/2723
f 2556/2825/2529 2557/3042/2724 2560/3043/2725 2559/2826/2530
f 2559/2826/2530 2561/2918/2618 2471/2917/2617 2408/2827/2531
f 2560/3043/2725 2562/2919/2619 2561/2918/2618 2559/2826/2530
f 2468/2914/2614 2476/2925/2625 2477/2924/2624 2467/2915/2615
f 2564/2709/2422 2309/2707/2420 2310/2706/2419 2312/2710/2423
f 2563/2708/2421 2562/2919/2619 2560/3043/2725 2564/2709/2422
f 2560/3043/2725 2557/3042/2724 2309/2707/2420 2564/2709/2422
f 2470/2916/2616 2566/3044/2726 2567/3045/2727 2471/2917/2617
f 3828/3046/2728 2567/3047/2727 2566/3048/2726 3829/3049/2729
f 2471/2917/2617 2567/3045/2727 2569/3050/2730 2408/2827/2531
f 2408/2827/2531 2569/3050/2730 2571/3051/2731 2407/2824/2528
f 2407/2824/2528 2571/3051/2731 2411/3037/2534 2545/3029/2715
f 3827/3052/2732 2569/3053/2730 2567/3047/2727 3828/3046/2728
f 3826/3054/2733 2571/3055/2731 2569/3053/2730 3827/3052/2732
f 3825/2831/2535 2411/2830/2534 2571/3055/2731 3826/3054/2733
f 2466/2912/2612 2467/2915/2615 2568/3056/2734 2565/3057/2735
f 2312/2710/2423 2572/3058/2736 2573/3059/2737 2311/2711/2424
f 3830/3060/2738 2573/3061/2737 2572/3062/2736 3831/3063/2739
f 3829/3049/2729 2566/3048/2726 2573/3061/2737 3830/3060/2738
f 2311/2711/2424 2573/3059/2737 2566/3044/2726 2470/2916/2616
f 2467/2915/2615 2477/2924/2624 2570/3064/2740 2568/3056/2734
f 2310/2706/2419 2574/3065/2741 2572/3058/2736 2312/2710/2423
f 3831/3063/2739 2572/3062/2736 2574/3066/2741 3832/3067/2742
f 2308/2703/2416 2575/3068/2743 2574/3065/2741 2310/2706/2419
f 3832/3067/2742 2574/3066/2741 2575/3069/2743 3833/3070/2744
f 2306/2702/2415 2576/3071/2745 2575/3068/2743 2308/2703/2416
f 3833/3070/2744 2575/3069/2743 2576/3072/2745 3834/3073/2746
f 2410/3074/2747 2570/3064/2740 2477/2924/2624 2472/2920/2620
f 2409/3075/2748 2410/3074/2747 2472/2920/2620 2473/2923/2623
f 2473/2923/2623 2296/2814/2518 2294/2813/2517 2409/3075/2748
f 2577/3076/2749 2578/3077/2750 2523/2977/2676 2402/2812/2516
f 3835/3078/2751 2578/3079/2750 2577/3080/2749 3836/3081/2752
f 2523/2977/2676 2578/3077/2750 2576/3071/2745 2306/2702/2415
f 3834/3073/2746 2576/3072/2745 2578/3079/2750 3835/3078/2751
f 2577/3076/2749 2402/2812/2516 2299/2693/2406 2579/3082/2753
f 3836/3081/2752 2577/3080/2749 2579/3083/2753 3837/3084/2754
f 3837/3084/2754 2579/3083/2753 2580/3085/2755 3838/3086/2756
f 2580/3087/2755 2579/3082/2753 2299/2693/2406 2300/2692/2405
f 2304/2701/2414 2368/2782/2487 2580/3087/2755 2300/2692/2405
f 3672/2713/2426 2367/2712/2425 2641/2679/2392 3673/2678/2391
f 3838/3086/2756 2580/3085/2755 2368/3088/2487 3839/3089/2757
f 2396/2698/2411 2714/3040/2722 3679/3090/2758 2581/3091/2759
f 2728/3092/2760 2727/2903/2603 2462/2902/2602 2584/3093/2761
f 2585/3094/2762 2465/2908/2608 2341/2748/2457 2337/2745/2456
f 3567/3095/2763 2585/3094/2762 2337/2745/2456 3568/2744/2455
f 2497/2949/2648 2586/3096/2764 2338/2742/2454 2339/2741/2453
f 2057/2440/2063 2053/2314/2055 2590/3097/2765 2589/3098/2766
f 2057/2322/2063 2589/3099/2766 3797/3100/2767 3796/2323/2064
f 2592/3101/2768 2587/3102/2769 2258/2645/2358 2261/2644/2357
f 2345/2756/2463 2357/3103/2770 2593/3104/2771 2350/2757/2464
f 2588/3105/2772 2587/3102/2769 2592/3101/2768 2594/3106/2773
f 2597/3107/2774 2595/3108/2775 2270/2653/2366 2273/2652/2365
f 2596/3109/2776 2595/3108/2775 2597/3107/2774 2598/3110/2777
f 2602/3111/2778 2282/2661/2374 2285/2660/2373 2599/3112/2779
f 2274/2658/2371 2601/3113/2780 2600/3114/2781 2278/2659/2372
f 2139/2556/2269 2604/3115/2782 2603/3116/2783 2137/2555/2268
f 3746/2452/2174 2140/2451/2173 2605/3117/2784 3747/3118/2785
f 2290/2667/2380 2286/2666/2379 2611/3119/2786 2612/3120/2787
f 2619/3121/2788 2504/2956/2655 2464/2907/2607 2620/3122/2789
f 2464/2907/2607 2336/2739/2452 2621/3123/2790 2620/3122/2789
f 2601/3113/2780 2602/3111/2778 2599/3112/2779 2600/3114/2781
f 2604/3115/2782 2208/2642/2355 2204/2559/2272 2603/3116/2783
f 2605/3117/2784 2207/2565/2278 3748/2568/2281 3747/3118/2785
f 2506/2957/2656 2504/2956/2655 2619/3121/2788 2622/3124/2791
f 2501/2952/2651 2506/2957/2656 2622/3124/2791 2623/3125/2792
f 2336/2739/2452 2335/2738/2451 3766/3126/2793 2621/3123/2790
f 2262/2650/2363 2596/3109/2776 2598/3110/2777 2266/2651/2364
f 2589/3099/2766 2427/2846/2550 3798/2849/2553 3797/3100/2767
f 2590/3097/2765 2358/2772/2479 2427/3127/2550 2589/3098/2766
f 2357/3103/2770 2588/3105/2772 2594/3106/2773 2593/3104/2771
f 2623/3125/2792 2631/3128/2794 2463/2905/2605 2501/2952/2651
f 2463/2905/2605 2631/3128/2794 2632/3129/2795 2462/2902/2602
f 2461/2899/2599 2633/3130/2796 2458/2896/2596 2457/2895/2595
f 2634/3131/2797 2633/3130/2796 2461/2899/2599 2635/3132/2798
f 2584/3093/2761 2638/3133/2799 2637/3134/2800 2636/3135/2801
f 2462/2902/2602 2632/3129/2795 2638/3133/2799 2584/3093/2761
f 2637/3134/2800 2640/3136/2802 2639/3137/2803 2636/3135/2801
f 2634/3131/2797 2635/3132/2798 2639/3137/2803 2640/3136/2802
f 3839/3089/2757 2368/3088/2487 2369/3138/2488 3840/3139/2804
f 3840/3139/2804 2369/3138/2488 2643/3140/2805 3841/3141/2806
f 3842/3142/2807 2647/3143/2808 2646/3144/2809 3843/3145/2810
f 2649/3146/2811 2648/3147/2812 2646/3148/2809 2647/3149/2808
f 2643/3150/2805 2369/2783/2488 2305/2700/2413 2650/3151/2813
f 2652/3152/2814 2651/3153/2815 2648/3147/2812 2649/3146/2811
f 2650/3151/2813 2305/2700/2413 2302/2699/2412 2653/3154/2816
f 2581/3091/2759 2653/3154/2816 2302/2699/2412 2396/2698/2411
f 2655/3155/2817 2581/3091/2759 3679/3090/2758 3680/3156/2818
f 2654/3157/2819 2651/3153/2815 2652/3152/2814 2655/3155/2817
f 2054/2313/2054 2055/2316/2057 2256/2646/2359 2258/2645/2358
f 2053/2314/2055 2054/2313/2054 2258/2645/2358 2587/3102/2769
f 2590/3097/2765 2053/2314/2055 2587/3102/2769 2588/3105/2772
f 2358/2772/2479 2590/3097/2765 2588/3105/2772 2357/3103/2770
f 2358/2772/2479 2357/3103/2770 2345/2756/2463 2342/2767/2474
f 2343/2764/2471 2342/2767/2474 2345/2756/2463 2344/2754/2461
f 2347/2761/2468 2343/2764/2471 2344/2754/2461 2346/2753/2460
f 2348/2759/2466 2730/2762/2469 2347/2761/2468 2346/2753/2460
f 2423/3158/2820 2426/2842/2546 2353/2845/2549 2355/3159/2821
f 2428/2850/2554 2426/2842/2546 2423/3158/2820 2456/3160/2822
f 2591/3161/2823 2428/2850/2554 2456/3160/2822 2625/3162/2824
f 2056/2329/2070 2591/3161/2823 2625/3162/2824 2626/3163/2825
f 2627/3164/2826 2059/2326/2067 2056/2329/2070 2626/3163/2825
f 2628/3165/2827 2061/2334/2075 2059/2326/2067 2627/3164/2826
f 2628/3165/2827 2630/3166/2828 2656/3167/2829 2061/2334/2075
f 2629/3168/2830 2135/2448/2170 2656/3167/2829 2630/3166/2828
f 2138/2445/2167 2135/2448/2170 2629/3168/2830 2624/3169/2831
f 2140/2451/2173 2138/2445/2167 2624/3169/2831 2607/3170/2832
f 2605/3117/2784 2140/2451/2173 2607/3170/2832 2606/3171/2833
f 2207/2565/2278 2605/3117/2784 2606/3171/2833 2610/3172/2834
f 2207/2565/2278 2610/3172/2834 2608/3173/2835 2210/2571/2284
f 2608/3173/2835 2609/3174/2836 2212/2575/2288 2210/2571/2284
f 3764/2576/2289 2212/2575/2288 2609/3174/2836 3765/3175/2837
f 2286/2666/2379 2209/2569/2282 2211/2641/2354 2611/3119/2786
f 2209/2569/2282 2286/2666/2379 2281/2664/2377 2279/2564/2277
f 2206/2561/2274 2279/2564/2277 2281/2664/2377 2280/2662/2375
f 2205/2558/2271 2206/2561/2274 2280/2662/2375 2282/2661/2374
f 2602/3111/2778 2204/2559/2272 2205/2558/2271 2282/2661/2374
f 2603/3116/2783 2204/2559/2272 2602/3111/2778 2601/3113/2780
f 2274/2658/2371 2137/2555/2268 2603/3116/2783 2601/3113/2780
f 2137/2555/2268 2274/2658/2371 2269/2656/2369 2267/3176/2838
f 2134/3177/2839 2267/3176/2838 2269/2656/2369 2268/2654/2367
f 2133/3178/2840 2134/3177/2839 2268/2654/2367 2270/2653/2366
f 2145/3179/2841 2133/3178/2840 2270/2653/2366 2595/3108/2775
f 2596/3109/2776 2657/3180/2842 2145/3179/2841 2595/3108/2775
f 2262/2650/2363 2058/2324/2065 2657/3180/2842 2596/3109/2776
f 2058/2324/2065 2262/2650/2363 2257/2648/2361 2255/2319/2060
f 2055/2316/2057 2255/2319/2060 2257/2648/2361 2256/2646/2359
f 2351/2752/2459 2413/2833/2537 2388/2901/2601 2352/2758/2465
f 2413/2833/2537 2351/2752/2459 2349/2755/2462 2414/2834/2538
f 2414/2834/2538 2349/2755/2462 2350/2757/2464 2415/2910/2610
f 2593/3104/2771 2658/3181/2843 2415/2910/2610 2350/2757/2464
f 2594/3106/2773 2659/3182/2844 2658/3181/2843 2593/3104/2771
f 2592/3101/2768 2660/3183/2845 2659/3182/2844 2594/3106/2773
f 2263/3184/2846 2660/3183/2845 2592/3101/2768 2261/2644/2357
f 2263/3184/2846 2261/2644/2357 2259/2647/2360 2264/3185/2847
f 2264/3185/2847 2259/2647/2360 2260/2649/2362 2265/3186/2848
f 2661/3187/2849 2265/3186/2848 2260/2649/2362 2266/2651/2364
f 2598/3110/2777 2662/3188/2850 2661/3187/2849 2266/2651/2364
f 2597/3107/2774 2663/3189/2851 2662/3188/2850 2598/3110/2777
f 2275/3190/2852 2663/3189/2851 2597/3107/2774 2273/2652/2365
f 2275/3190/2852 2273/2652/2365 2271/2655/2368 2276/3191/2853
f 2276/3191/2853 2271/2655/2368 2272/2657/2370 2277/3192/2854
f 2664/3193/2855 2277/3192/2854 2272/2657/2370 2278/2659/2372
f 2600/3114/2781 2665/3194/2856 2664/3193/2855 2278/2659/2372
f 2599/3112/2779 2666/3195/2857 2665/3194/2856 2600/3114/2781
f 2285/2660/2373 2287/3196/2858 2666/3195/2857 2599/3112/2779
f 2287/3196/2858 2285/2660/2373 2283/2663/2376 2288/3197/2859
f 2283/2663/2376 2284/2665/2378 2289/2909/2609 2288/3197/2859
f 2340/2750/2458 2289/2909/2609 2284/2665/2378 2290/2667/2380
f 2425/2840/2544 2423/3158/2820 2355/3159/2821 2424/2841/2545
f 2458/2896/2596 2456/3160/2822 2423/3158/2820 2425/2840/2544
f 2633/3130/2796 2625/3162/2824 2456/3160/2822 2458/2896/2596
f 2626/3163/2825 2625/3162/2824 2633/3130/2796 2634/3131/2797
f 2627/3164/2826 2626/3163/2825 2634/3131/2797 2640/3136/2802
f 2637/3134/2800 2628/3165/2827 2627/3164/2826 2640/3136/2802
f 2637/3134/2800 2638/3133/2799 2630/3166/2828 2628/3165/2827
f 2632/3129/2795 2629/3168/2830 2630/3166/2828 2638/3133/2799
f 2631/3128/2794 2624/3169/2831 2629/3168/2830 2632/3129/2795
f 2607/3170/2832 2624/3169/2831 2631/3128/2794 2623/3125/2792
f 2622/3124/2791 2606/3171/2833 2607/3170/2832 2623/3125/2792
f 2619/3121/2788 2610/3172/2834 2606/3171/2833 2622/3124/2791
f 2610/3172/2834 2619/3121/2788 2620/3122/2789 2608/3173/2835
f 2620/3122/2789 2621/3123/2790 2609/3174/2836 2608/3173/2835
f 3765/3175/2837 2609/3174/2836 2621/3123/2790 3766/3126/2793
f 3817/3198/2860 2356/3199/2861 2667/3200/2862 3818/3201/2863
f 3818/3201/2863 2667/3200/2862 2404/2821/2525 3819/2820/2524
f 2669/3202/2864 2668/3203/2865 2263/3184/2846 2264/3185/2847
f 2264/3185/2847 2265/3186/2848 2670/3204/2866 2669/3202/2864
f 2275/3190/2852 2276/3191/2853 2616/3205/2867 2615/3206/2868
f 2276/3191/2853 2277/3192/2854 2672/3207/2869 2616/3205/2867
f 2288/3197/2859 2289/2909/2609 2465/2908/2608 2617/3208/2870
f 2617/3208/2870 2618/3209/2871 2287/3196/2858 2288/3197/2859
f 2420/2669/2382 3575/2668/2381 3683/3210/2872 3684/2939/2638
f 2484/2941/2640 2675/3211/2873 2674/3212/2874 2494/2945/2644
f 2676/3213/2875 2674/3212/2874 2675/3211/2873 2677/3214/2876
f 2673/3215/2877 2680/3216/2878 2679/3217/2879 2678/3218/2880
f 2483/2940/2639 2673/3215/2877 2678/3218/2880 2485/2944/2643
f 2485/2944/2643 2678/3218/2880 2675/3211/2873 2484/2941/2640
f 2684/3219/2881 2585/3094/2762 3567/3095/2763 3566/3220/2882
f 2494/2945/2644 2674/3212/2874 2681/3221/2883 2495/2947/2646
f 2681/3221/2883 2586/3096/2764 2497/2949/2648 2495/2947/2646
f 2682/3222/2884 2683/3223/2885 2679/3217/2879 2680/3216/2878
f 2685/3224/2886 2676/3213/2875 2677/3214/2876 2686/3225/2887
f 2617/3208/2870 2465/2908/2608 2585/3094/2762 2684/3219/2881
f 2685/3224/2886 2686/3225/2887 2616/3205/2867 2672/3207/2869
f 2613/3226/2888 2668/3203/2865 2683/3223/2885 2682/3222/2884
f 2660/3183/2845 2263/3184/2846 2668/3203/2865 2687/3227/2889
f 2688/3228/2890 2687/3227/2889 2668/3203/2865 2613/3226/2888
f 2688/3228/2890 2613/3226/2888 2583/2911/2611 2689/3229/2891
f 2689/3229/2891 2583/2911/2611 2415/2910/2610 2658/3181/2843
f 2658/3181/2843 2659/3182/2844 2688/3228/2890 2689/3229/2891
f 2687/3227/2889 2688/3228/2890 2659/3182/2844 2660/3183/2845
f 2690/3230/2892 2672/3207/2869 2277/3192/2854 2664/3193/2855
f 2666/3195/2857 2287/3196/2858 2618/3209/2871 2691/3231/2893
f 2692/3232/2894 2691/3231/2893 2618/3209/2871 2671/3233/2895
f 2671/3233/2895 2672/3207/2869 2690/3230/2892 2692/3232/2894
f 2664/3193/2855 2665/3194/2856 2692/3232/2894 2690/3230/2892
f 2665/3194/2856 2666/3195/2857 2691/3231/2893 2692/3232/2894
f 2693/3234/2896 2670/3204/2866 2265/3186/2848 2661/3187/2849
f 2670/3204/2866 2693/3234/2896 2694/3235/2897 2614/3236/2898
f 2694/3235/2897 2695/3237/2899 2615/3206/2868 2614/3236/2898
f 2663/3189/2851 2275/3190/2852 2615/3206/2868 2695/3237/2899
f 2695/3237/2899 2694/3235/2897 2662/3188/2850 2663/3189/2851
f 2661/3187/2849 2662/3188/2850 2694/3235/2897 2693/3234/2896
f 3666/3238/2900 2723/3239/2901 2715/2933/2632 3667/2932/2631
f 2583/2911/2611 2613/3226/2888 2682/3222/2884 2696/3240/2902
f 2696/3240/2902 2682/3222/2884 2680/3216/2878 2697/3241/2903
f 2697/3241/2903 2680/3216/2878 2673/3215/2877 2698/3242/2904
f 2060/2439/2071 2699/3243/2905 2657/3180/2842 2058/2324/2065
f 3777/3244/2906 2699/3245/2905 2060/2330/2071 3778/2333/2074
f 2145/3179/2841 2657/3180/2842 2699/3243/2905 2136/3246/2165
f 2136/2443/2165 2699/3245/2905 3777/3244/2906 3776/2444/2166
f 2316/2716/2429 2371/2954/2653 2370/2930/2629 2315/2717/2430
f 2503/2955/2654 2371/2954/2653 2316/2716/2429 2327/2733/2446
f 3565/3247/2907 2702/3248/2908 2684/3219/2881 3566/3220/2882
f 2701/3249/2909 2702/3248/2908 3565/3247/2907 2700/3250/2910
f 2671/3233/2895 2618/3209/2871 2702/3248/2908 2701/3249/2909
f 2684/3219/2881 2702/3248/2908 2618/3209/2871 2617/3208/2870
f 2675/3211/2873 2704/3251/2911 2703/3252/2912 2677/3214/2876
f 2677/3214/2876 2703/3252/2912 2705/3253/2913 2686/3225/2887
f 2615/3206/2868 2616/3205/2867 2686/3225/2887 2705/3253/2913
f 2614/3236/2898 2615/3206/2868 2705/3253/2913 2706/3254/2914
f 2703/3252/2912 2704/3251/2911 2706/3254/2914 2705/3253/2913
f 2700/3250/2910 2676/3213/2875 2685/3224/2886 2701/3249/2909
f 2701/3249/2909 2685/3224/2886 2672/3207/2869 2671/3233/2895
f 2700/3250/2910 2681/3221/2883 2674/3212/2874 2676/3213/2875
f 2707/3255/2915 2708/3256/2916 2669/3202/2864 2670/3204/2866
f 2668/3203/2865 2669/3202/2864 2708/3256/2916 2683/3223/2885
f 2709/3257/2917 2679/3217/2879 2683/3223/2885 2708/3256/2916
f 2710/3258/2918 2709/3257/2917 2708/3256/2916 2707/3255/2915
f 2679/3217/2879 2709/3257/2917 2710/3258/2918 2678/3218/2880
f 2710/3258/2918 2704/3251/2911 2675/3211/2873 2678/3218/2880
f 2704/3251/2911 2710/3258/2918 2707/3255/2915 2706/3254/2914
f 2670/3204/2866 2614/3236/2898 2706/3254/2914 2707/3255/2915
f 2645/3259/2919 3676/3260/2920 3675/3261/2921 2644/3262/2922
f 2405/2934/2633 2715/2933/2632 2395/2805/2509 2393/2804/2508
f 2370/2930/2629 2716/3263/2923 2712/3264/2924 2711/2931/2630
f 2642/2680/2393 2644/3262/2922 3675/3261/2921 3674/2681/2394
f 3841/3141/2806 2643/3140/2805 2647/3143/2808 3842/3142/2807
f 2647/3149/2808 2643/3150/2805 2650/3151/2813 2649/3146/2811
f 2649/3146/2811 2650/3151/2813 2653/3154/2816 2652/3152/2814
f 2581/3091/2759 2655/3155/2817 2652/3152/2814 2653/3154/2816
f 2461/2899/2599 2460/2898/2598 2717/3265/2925 2635/3132/2798
f 2718/3266/2926 2639/3137/2803 2635/3132/2798 2717/3265/2925
f 2639/3137/2803 2718/3266/2926 2729/3267/2927 2636/3135/2801
f 2728/3092/2760 2584/3093/2761 2636/3135/2801 2729/3267/2927
f 2721/2980/2677 2719/2884/2586 2450/2881/2583 2720/2879/2581
f 2721/2980/2677 2720/2879/2581 2448/2866/2568 2449/2872/2574
f 3514/2871/2573 3486/2870/2572 3485/3016/2706 3505/3015/2705
f 2446/2864/2562 2528/2978/2577 2526/2873/2575 2447/2865/2567
f 2452/2885/2587 2525/2982/2593 2455/2887/2589 2451/2883/2585
f 2437/2979/2551 2427/3127/2550 2358/2772/2479 2438/2773/2480
f 2434/2981/2476 2442/2763/2470 2730/2762/2469 2354/3268/2477
f 3681/3269/2928 2714/3040/2722 2726/3039/2721 2723/3239/2901
f 2550/2832/2536 2582/2835/2539 2725/3270/2929 2724/3271/2930
f 2582/2835/2539 2583/2911/2611 2696/3240/2902 2725/3270/2929
f 2697/3241/2903 2698/3242/2904 2725/3270/2929 2696/3240/2902
f 2724/3271/2930 2725/3270/2929 2698/3242/2904 2713/3272/2931
f 2715/2933/2632 2723/3239/2901 2726/3039/2721 2395/2805/2509
f 2502/2904/2604 2727/2903/2603 2370/2930/2629 2371/2954/2653
f 2728/3092/2760 2716/3263/2923 2370/2930/2629 2727/2903/2603
f 2297/2686/2399 2401/2689/2402 2402/2812/2516 2523/2977/2676
f 2549/2810/2514 2548/3038/2720 2547/3033/2719 2400/2811/2515
f 2718/3266/2926 2717/3265/2925 2712/3264/2924 2716/3263/2923
f 2718/3266/2926 2716/3263/2923 2728/3092/2760 2729/3267/2927
f 2480/2928/2628 2478/3273/2932 2380/3274/2933 2374/2929/2491
f 2481/2936/2635 2492/3275/2934 2478/3273/2932 2480/2928/2628
f 2499/2951/2650 2490/3276/2935 2492/3275/2934 2481/2936/2635
f 2482/2937/2636 2491/3277/2936 3686/3278/2937 3685/2938/2637
f 2489/3279/2938 2491/3277/2936 2482/2937/2636 2486/2943/2642
f 2487/2942/2641 2488/3280/2939 2489/3279/2938 2486/2943/2642
f 2496/2948/2647 2498/2950/2649 3970/3281/2940 2488/3280/2939
f 2381/3282/2941 2383/3283/2942 2386/2793/2498 2384/2794/2497
f 2385/2791/2496 2382/3284/2943 2381/3285/2941 2384/2792/2497
f 2378/3286/2944 2382/3284/2943 2385/2791/2496 2376/2790/2495
f 2378/3286/2944 2376/2790/2495 2375/2788/2493 2377/3287/2945
f 2379/3288/2946 2377/3287/2945 2375/2788/2493 2373/2789/2494
f 2374/2786/2491 2380/3289/2933 3847/3290/2947 3846/2787/2492
f 2667/3291/2862 2356/3292/2861 2348/2759/2466 2352/2758/2465
f 2404/3293/2525 2667/3291/2862 2352/2758/2465 2388/2901/2601
f 2404/3293/2525 2388/2901/2601 2387/2900/2600 2551/3294/2526
f 2405/2934/2633 2391/3295/2504 3669/3296/2506 3668/2935/2634
f 2390/3297/2502 2391/3295/2504 2405/2934/2633 2393/2804/2508
f 2390/3297/2502 2393/2804/2508 2392/2803/2507 2389/3298/2499
f 2730/2762/2469 2348/2759/2466 2356/3292/2861 2354/3268/2477
f 2392/2803/2507 2400/2811/2515 2403/3035/2520 2389/3298/2499
f 2354/2770/2477 2356/3199/2861 3817/3198/2860 3816/2771/2478
f 3822/2819/2523 3915/2796/2500 2389/2795/2499 2403/2816/2520
f 2732/3299/2948 2101/2361/2100 2078/2360/2099 2079/2434/2162
f 2077/2342/2083 2732/3299/2948 2079/2434/2162 2074/2343/2084
f 2419/2976/2675 2554/3041/2723 2555/3030/2716 2406/3032/2718
f 2307/2705/2418 2558/2704/2417 2554/3041/2723 2419/2976/2675
f 2733/3300/2949 2736/3301/2950 2735/3302/2951 2734/3303/2952
f 3738/3304/2953 2734/3303/2952 2735/3302/2951 3723/3305/2954
f 2736/3301/2950 2733/3300/2949 2740/3306/2955 2739/3307/2956
f 2742/3308/2957 2740/3306/2955 2733/3300/2949 2741/3309/2958
f 2742/3308/2957 2744/3310/2959 2743/3311/2960 2740/3306/2955
f 2745/3312/2961 2739/3307/2956 2740/3306/2955 2743/3311/2960
f 3477/3313/2962 2739/3307/2956 2745/3312/2961 3478/3314/2963
f 3476/3315/2964 2736/3301/2950 2739/3307/2956 3477/3313/2962
f 2749/3316/2965 2748/3317/2966 2746/3318/2967 2747/3319/2968
f 2748/3317/2966 2749/3316/2965 2751/3320/2969 2750/3321/2970
f 2735/3302/2951 2736/3301/2950 3476/3315/2964 3475/3322/2971
f 2735/3302/2951 3475/3322/2971 3724/3323/2972 3723/3305/2954
f 3725/3324/2973 2750/3321/2970 2751/3320/2969 3726/3325/2974
f 2755/3326/2975 2754/3327/2976 2752/3328/2977 2753/3329/2978
f 3473/3330/2979 2756/3331/2980 2737/3332/2981 3474/3333/2982
f 2738/3334/2983 2737/3332/2981 2756/3331/2980 2757/3335/2984
f 3472/3336/2985 2758/3337/2986 2756/3331/2980 3473/3330/2979
f 2760/3338/2987 2757/3335/2984 2756/3331/2980 2758/3337/2986
f 3131/3339/2988 2761/3340/2989 2759/3341/2990 2754/3327/2976
f 2754/3327/2976 2755/3326/2975 3130/3342/2991 3131/3339/2988
f 2763/3343/2992 2761/3340/2989 3131/3339/2988 2762/3344/2993
f 2764/3345/2994 2762/3344/2993 3131/3339/2988 3130/3342/2991
f 2766/3346/2995 2765/3347/2996 3113/3348/2997 3112/3349/2998
f 2767/3350/2999 2766/3346/2995 3112/3349/2998 3111/3351/3000
f 3251/3352/3001 3282/3353/3002 3281/3354/3003 3252/3355/3004
f 3282/3353/3002 3251/3352/3001 3250/3356/3005 3283/3357/3006
f 2772/3358/3007 2769/3359/3008 2774/3360/3009 2773/3361/3010
f 2773/3361/3010 2738/3334/2983 2757/3335/2984 2772/3358/3007
f 2760/3338/2987 2771/3362/3011 2772/3358/3007 2757/3335/2984
f 2771/3362/3011 2760/3338/2987 2775/3363/3012 2781/3364/3013
f 2760/3338/2987 2758/3337/2986 2776/3365/3014 2775/3363/3012
f 2758/3337/2986 3472/3336/2985 3471/3366/3015 2776/3365/3014
f 2778/3367/3016 2777/3368/3017 2759/3341/2990 2761/3340/2989
f 2763/3343/2992 2779/3369/3018 2778/3367/3016 2761/3340/2989
f 2780/3370/3019 3114/3371/3020 3113/3348/2997 2765/3347/2996
f 3252/3355/3004 3281/3354/3003 3280/3372/3021 3253/3373/3022
f 2782/3374/3023 2770/3375/3024 2769/3359/3008 2768/3376/3025
f 2768/3376/3025 2769/3359/3008 2772/3358/3007 2771/3362/3011
f 2783/3377/3026 2774/3360/3009 2769/3359/3008 2770/3375/3024
f 2784/3378/3027 2734/3303/2952 3738/3304/2953 3737/3379/3028
f 2741/3309/2958 2733/3300/2949 2734/3303/2952 2784/3378/3027
f 2788/3380/3029 3916/3381/3030 2744/3310/2959 2742/3308/2957
f 2788/3380/3029 2742/3308/2957 2741/3309/2958 2789/3382/3031
f 2784/3378/3027 2790/3383/3032 2789/3382/3031 2741/3309/2958
f 3916/3381/3030 2788/3380/3029 2789/3382/3031 3917/3384/3033
f 2790/3383/3032 2786/3385/3034 3917/3384/3033 2789/3382/3031
f 3736/3386/3035 2790/3383/3032 2784/3378/3027 3737/3379/3028
f 3735/3387/3036 2786/3385/3034 2790/3383/3032 3736/3386/3035
f 3726/3325/2974 2751/3320/2969 2791/3388/3037 3727/3389/3038
f 2791/3388/3037 2751/3320/2969 2749/3316/2965 2793/3390/3039
f 2753/3329/2978 2792/3391/3040 2794/3392/3041 2755/3326/2975
f 3129/3393/3042 3130/3342/2991 2755/3326/2975 2794/3392/3041
f 2795/3394/3043 2764/3345/2994 3130/3342/2991 3129/3393/3042
f 2823/3395/3044 3085/3396/3045 3090/3397/3046 2817/3398/3047
f 2822/3399/3048 3086/3400/3049 3085/3396/3045 2823/3395/3044
f 2802/3401/3050 2801/3402/3051 3092/3403/3052 3091/3404/3053
f 3103/3405/3054 2801/3402/3051 2802/3401/3050 3098/3406/3055
f 3092/3403/3052 2801/3402/3051 3469/3407/3056 3468/3408/3057
f 2817/3398/3047 3090/3397/3046 3466/3409/3058 3465/3410/3059
f 3469/3407/3056 2801/3402/3051 3103/3405/3054 3470/3411/3060
f 2806/3412/3061 2803/3413/3062 3102/3414/3063 3132/3415/3064
f 2807/3416/3065 2806/3412/3061 3132/3415/3064 3101/3417/3066
f 3100/3418/3067 2808/3419/3068 3116/3420/3069 3115/3421/3070
f 3278/3422/3071 3255/3423/3072 3254/3424/3073 3279/3425/3074
f 3098/3406/3055 2802/3401/3050 2809/3426/3075 3099/3427/3076
f 2809/3426/3075 2802/3401/3050 3091/3404/3053 3097/3428/3077
f 3255/3423/3072 3278/3422/3071 3277/3429/3078 3256/3430/3079
f 3274/3431/3080 3259/3432/3081 3258/3433/3082 3275/3434/3083
f 3116/3420/3069 2808/3419/3068 3096/3435/3084 3117/3436/3085
f 2806/3412/3061 2807/3416/3065 3095/3437/3086 3094/3438/3087
f 2803/3413/3062 2806/3412/3061 3094/3438/3087 3093/3439/3088
f 3087/3440/3089 2821/3441/3090 3120/3442/3091 3119/3443/3092
f 3133/3444/3093 2819/3445/3094 2818/3446/3095 3089/3447/3096
f 3088/3448/3097 2820/3449/3098 2819/3445/3094 3133/3444/3093
f 3078/3450/3099 2817/3398/3047 3465/3410/3059 3464/3451/3100
f 2819/3445/3094 3080/3452/3101 3079/3453/3102 2818/3446/3095
f 2820/3449/3098 3081/3454/3103 3080/3452/3101 2819/3445/3094
f 2821/3441/3090 3082/3455/3104 3121/3456/3105 3120/3442/3091
f 3273/3457/3106 3260/3458/3107 3259/3432/3081 3274/3431/3080
f 3083/3459/3108 2822/3399/3048 2823/3395/3044 3084/3460/3109
f 3084/3460/3109 2823/3395/3044 2817/3398/3047 3078/3450/3099
f 2992/3461/3110 2/1153/1061 76/1152/1060 3706/3462/3111
f 2874/3463/3112 2879/3464/3113 2878/3465/3114 2875/3466/3115
f 2827/3467/3116 2824/3468/3117 2848/3469/3118 2847/3470/3119
f 2846/3471/3120 2828/3472/3121 2827/3467/3116 2847/3470/3119
f 2857/3473/3122 2832/3474/3123 2870/3475/3124 2869/3476/3125
f 2833/3477/3126 2859/3478/3127 2858/3479/3128 2831/3480/3129
f 2856/3481/3130 2834/3482/3131 3310/3483/3132 3309/3484/3133
f 2845/3485/3134 2830/3486/3135 2868/3487/3136 2867/3488/3137
f 4005/3489/3138 4006/3490/3139 78/1182/1090 53/1181/1089
f 2837/3491/3140 2844/3492/3141 3044/3493/3142 3043/3494/3143
f 2829/3495/3144 3336/3496/3145 3335/3497/3146 2826/3498/3147
f 3334/3499/3148 2825/3500/3149 2826/3498/3147 3335/3497/3146
f 3332/3501/3150 2877/3502/3151 2876/3503/3152 3333/3504/3153
f 2859/3478/3127 2833/3477/3126 2850/3505/3154 2852/3506/3155
f 2880/3507/3156 2873/3508/3157 2872/3509/3158 2881/3510/3159
f 66/1204/1112 78/1182/1090 4006/3490/3139 4007/3511/3160
f 2854/3512/3161 3/1209/1117 4/1208/1116 2849/3513/3162
f 3327/3514/3163 2851/3515/3164 6/1212/1120 61/1211/1119
f 6/1212/1120 2851/3515/3164 2855/3516/3165 5/1214/1122
f 62/1216/1124 7/1219/1127 2853/3517/3166 3331/3518/3167
f 3047/3519/3168 2856/3481/3130 3309/3484/3133 3321/3520/3169
f 3048/3521/3170 2857/3473/3122 2869/3476/3125 3322/3522/3171
f 2859/3478/3127 3324/3523/3172 3323/3524/3173 2858/3479/3128
f 3324/3523/3172 2859/3478/3127 2852/3506/3155 3325/3525/3174
f 2873/3508/3157 2880/3507/3156 3326/3526/3175 3049/3527/3176
f 2833/3477/3126 2831/3480/3129 2912/3528/3177 2911/3529/3178
f 9/3530/1139 8/3531/1142 3316/3532/3179 2862/3533/3180
f 3944/3534/3181 2860/3535/3182 2861/3536/3183 3945/3537/3184
f 2913/3538/3185 2870/3475/3124 2832/3474/3123 2914/3539/3186
f 2863/3540/3187 3947/3541/3188 3946/3542/3189 2871/3543/3190
f 3317/3544/3191 2864/3545/3192 10/3546/1155 12/3547/1154
f 3947/3541/3188 2863/3540/3187 2865/3548/3193 3948/3549/3194
f 10/3546/1155 2864/3545/3192 2866/3550/3195 11/3551/1159
f 2843/3552/3196 3336/3496/3145 2829/3495/3144 2836/3553/3197
f 2868/3487/3136 2828/3472/3121 2846/3471/3120 2867/3488/3137
f 2869/3476/3125 2858/3479/3128 3323/3524/3173 3322/3522/3171
f 2870/3475/3124 2831/3480/3129 2858/3479/3128 2869/3476/3125
f 2912/3528/3177 2831/3480/3129 2870/3475/3124 2913/3538/3185
f 3945/3537/3184 2861/3536/3183 2871/3543/3190 3946/3542/3189
f 9/3530/1139 2862/3533/3180 3317/3544/3191 12/3547/1154
f 2873/3508/3157 2852/3506/3155 2850/3505/3154 2872/3509/3158
f 2852/3506/3155 2873/3508/3157 3049/3527/3176 3325/3525/3174
f 2848/3469/3118 2824/3468/3117 2874/3463/3112 2875/3466/3115
f 2825/3500/3149 3334/3499/3148 3333/3504/3153 2876/3503/3152
f 3933/3554/3198 2877/3502/3151 3332/3501/3150 3934/3555/3199
f 2879/3464/3113 3936/3556/3200 3935/3557/3201 2878/3465/3114
f 2880/3507/3156 3938/3558/3202 3937/3559/3203 3326/3526/3175
f 3938/3558/3202 2880/3507/3156 2881/3510/3159 3939/3560/3204
f 3353/3561/3205 14/1265/1173 18/1264/1172 2906/3562/3206
f 3928/3563/3207 2844/3492/3141 2837/3491/3140 3929/3564/3208
f 2899/3565/3209 4017/3566/3210 4018/3567/3211 3927/3568/3212
f 2888/3569/3213 2889/3570/3214 3351/3571/3215 3352/3572/3216
f 3351/3571/3215 2889/3570/3214 4021/3573/3217 4022/3574/3218
f 2890/3575/3219 2891/3576/3220 3349/3577/3221 3350/3578/3222
f 3999/3579/3223 4005/3489/3138 53/1181/1089 2028/1283/1191
f 3351/3571/3215 15/1285/1193 20/1284/1192 3352/3572/3216
f 4022/3574/3218 2052/1286/1194 15/1285/1193 3351/3571/3215
f 3349/3577/3221 17/1288/1196 16/1287/1195 3350/3578/3222
f 52/1289/1197 17/1288/1196 3349/3577/3221 2842/3580/3224
f 2894/3581/3225 2896/3582/3226 2895/3583/3227 2893/3584/3228
f 3355/3585/3229 4010/3586/3230 65/1297/1205 64/1296/1204
f 2896/3582/3226 2891/3576/3220 2890/3575/3219 2895/3583/3227
f 3355/3585/3229 2842/3580/3224 2896/3582/3226 2894/3581/3225
f 2891/3576/3220 2896/3582/3226 2842/3580/3224 3349/3577/3221
f 2895/3583/3227 2886/3587/3231 2841/3588/3232 2893/3584/3228
f 2841/3588/3232 2897/3589/3233 3356/3590/3234 2893/3584/3228
f 3925/3591/3235 2882/3592/3236 3346/3593/3237 3926/3594/3238
f 2889/3570/3214 2901/3595/3239 4020/3596/3240 4021/3573/3217
f 2901/3595/3239 2900/3597/3241 4019/3598/3242 4020/3596/3240
f 3344/3599/3243 3343/3600/3244 2887/3601/3245 3345/3602/3246
f 2902/3603/3247 2883/3604/3248 3320/3605/3249 3046/3606/3250
f 3341/3607/3251 2883/3604/3248 2902/3603/3247 3342/3608/3252
f 2906/3562/3206 18/1264/1172 13/1322/1230 2907/3609/3253
f 3923/3610/3254 3329/3611/3255 3328/3612/3256 3924/3613/3257
f 3329/3611/3255 3923/3610/3254 3922/3614/3258 3330/3615/3259
f 2904/3616/3260 2883/3604/3248 3341/3607/3251 3340/3617/3261
f 2907/3609/3253 13/1322/1230 19/1332/1240 2908/3618/3262
f 2903/3619/3263 2885/3620/3264 3353/3561/3205 2906/3562/3206
f 2884/3621/3265 2903/3619/3263 2906/3562/3206 2907/3609/3253
f 2905/3622/3266 2884/3621/3265 2907/3609/3253 2908/3618/3262
f 2885/3620/3264 2888/3569/3213 3352/3572/3216 3353/3561/3205
f 20/1284/1192 14/1265/1173 3353/3561/3205 3352/3572/3216
f 21/1337/1245 2909/3623/3267 3354/3624/3268 63/1338/1246
f 2904/3616/3260 3340/3617/3261 3354/3624/3268 2909/3623/3267
f 22/1341/1249 2910/3625/3269 3921/3626/3270 1947/1342/1250
f 2912/3528/3177 2861/3536/3183 2860/3535/3182 2911/3529/3178
f 2871/3543/3190 2861/3536/3183 2912/3528/3177 2913/3538/3185
f 2863/3540/3187 2871/3543/3190 2913/3538/3185 2914/3539/3186
f 2915/3627/3271 2865/3548/3193 2863/3540/3187 2914/3539/3186
f 3310/3483/3132 2834/3482/3131 2916/3628/3272 3311/3629/3273
f 3311/3629/3273 2916/3628/3272 2917/3630/3274 3312/3631/3275
f 2910/3625/3269 2918/3632/3276 2917/3630/3274 2916/3628/3272
f 23/1351/1259 2918/3632/3276 2910/3625/3269 22/1341/1249
f 3705/3633/3277 3003/3634/3278 2992/3461/3110 3706/3462/3111
f 2920/3635/3279 2921/3636/3280 2927/3637/3281 2990/3638/3282
f 2921/3636/3280 2922/3639/3283 2924/3640/3284 2923/3641/3285
f 2926/3642/3286 2925/3643/3287 2923/3641/3285 2924/3640/3284
f 2927/3637/3281 2921/3636/3280 2923/3641/3285 2928/3644/3288
f 2928/3644/3288 2923/3641/3285 2925/3643/3287 2929/3645/3289
f 2980/3646/3290 2930/3647/3291 2942/3648/3292 2981/3649/3293
f 2946/3650/3294 2934/3651/3295 2931/3652/3296 2947/3653/3297
f 3958/3654/3298 2934/3651/3295 2946/3650/3294 3959/3655/3299
f 2939/3656/3300 2937/3657/3301 2945/3658/3302 2944/3659/3303
f 2942/3648/3292 2930/3647/3291 3441/3660/3304 3440/3661/3305
f 2940/3662/3306 3207/3663/3307 3206/3664/3308 2943/3665/3309
f 3439/3666/3310 2933/3667/3311 2942/3648/3292 3440/3661/3305
f 3205/3668/3312 2941/3669/3313 2943/3665/3309 3206/3664/3308
f 2945/3658/3302 2936/3670/3314 2938/3671/3315 2944/3659/3303
f 2946/3650/3294 2935/3672/3316 3960/3673/3317 3959/3655/3299
f 2932/3674/3318 2935/3672/3316 2946/3650/3294 2947/3653/3297
f 2933/3667/3311 2982/3675/3319 2981/3649/3293 2942/3648/3292
f 2949/3676/3320 2948/3677/3321 2953/3678/3322 2952/3679/3323
f 2953/3678/3322 2948/3677/3321 3963/3680/3324 3962/3681/3325
f 2954/3682/3326 2950/3683/3327 2951/3684/3328 2955/3685/3329
f 2953/3678/3322 3606/3686/3330 3618/3687/3331 2952/3679/3323
f 3606/3686/3330 2953/3678/3322 3962/3681/3325 3961/3688/3332
f 3608/3689/3333 3634/3690/3334 3638/3691/3335 3633/3692/3336
f 3631/3693/3337 3593/3694/3338 3605/3695/3339 3619/3696/3340
f 2959/3697/3341 2924/3640/3284 2922/3639/3283 2958/3698/3342
f 3446/3699/3343 2924/3640/3284 2959/3697/3341 3447/3700/3344
f 2960/3701/3345 2961/3702/3346 2963/3703/3347 2962/3704/3348
f 3159/3705/3349 2964/3706/3350 2962/3704/3348 2963/3703/3347
f 2965/3707/3351 2966/3708/3352 25/1428/1336 24/1427/1335
f 3163/3709/3353 3143/3710/3354 2967/3711/3355 3164/3712/3356
f 3164/3712/3356 2967/3711/3355 3451/3713/3357 3450/3714/3358
f 3166/3715/3359 3147/3716/3360 3160/3717/3361 3167/3718/3362
f 29/1440/1348 46/1443/1351 3168/3719/3363 3149/3720/3364
f 3620/3721/3365 3604/3722/3366 3692/3723/3367 3691/3724/3368
f 3602/3725/3369 3622/3726/3370 3621/3727/3371 3603/3728/3372
f 3964/3729/3373 3593/3694/3338 3631/3693/3337 3965/3730/3374
f 3595/3731/3375 3629/3732/3376 3628/3733/3377 3596/3734/3378
f 3598/3735/3379 3626/3736/3380 3625/3737/3381 3599/3738/3382
f 2947/3653/3297 2931/3652/3296 3241/3739/3383 3240/3740/3384
f 3239/3741/3385 2932/3674/3318 2947/3653/3297 3240/3740/3384
f 2978/3742/3386 2930/3647/3291 2980/3646/3290 2979/3743/3387
f 3241/3739/3383 2931/3652/3296 2983/3744/3388 3242/3745/3389
f 2984/3746/3390 2985/3747/3391 2929/3645/3289 2925/3643/3287
f 2931/3652/3296 2934/3651/3295 2986/3748/3392 2983/3744/3388
f 2922/3639/3283 2921/3636/3280 2920/3635/3279 2989/3749/3393
f 2989/3749/3393 2920/3635/3279 77/1474/1382 54/1473/1381
f 2989/3749/3393 54/1473/1381 31/1476/1384 2991/3750/3394
f 2958/3698/3342 2922/3639/3283 2989/3749/3393 2991/3750/3394
f 2919/3751/3395 1/1479/1387 30/1478/1386 2990/3638/3282
f 2927/3637/3281 2993/3752/3396 2919/3751/3395 2990/3638/3282
f 2927/3637/3281 2928/3644/3288 2994/3753/3397 2993/3752/3396
f 2929/3645/3289 2995/3754/3398 2994/3753/3397 2928/3644/3288
f 2993/3752/3396 2994/3753/3397 2995/3754/3398 2996/3755/3399
f 2993/3752/3396 2996/3755/3399 2997/3756/3400 2919/3751/3395
f 32/1485/1393 1/1479/1387 2919/3751/3395 2997/3756/3400
f 2996/3755/3399 2999/3757/3401 2998/3758/3402 2997/3756/3400
f 33/1488/1396 32/1485/1393 2997/3756/3400 2998/3758/3402
f 2995/3754/3398 2929/3645/3289 2985/3747/3391 3000/3759/3403
f 3000/3759/3403 2999/3757/3401 2996/3755/3399 2995/3754/3398
f 2918/3632/3276 23/1351/1259 34/1491/1399 3001/3760/3404
f 2917/3630/3274 2918/3632/3276 3001/3760/3404 3002/3761/3405
f 3005/3762/3406 3389/3763/3407 3400/3764/3408 3004/3765/3409
f 3006/3766/3410 3390/3767/3411 3389/3763/3407 3005/3762/3406
f 2979/3743/3387 3005/3762/3406 3004/3765/3409 2978/3742/3386
f 2988/3768/3412 2983/3744/3388 2986/3748/3392 3009/3769/3413
f 3391/3770/3414 2987/3771/3415 2988/3768/3412 3392/3772/3416
f 3010/3773/3417 3011/3774/3418 3007/3775/3419 3008/3776/3420
f 3009/3769/3413 3393/3777/3421 3392/3772/3416 2988/3768/3412
f 3012/3778/3422 3013/3779/3423 3011/3780/3418 3010/3781/3417
f 3953/3782/3424 3013/3779/3423 3012/3778/3422 3954/3783/3425
f 2926/3642/3286 2924/3640/3284 3446/3699/3343 3445/3784/3426
f 3443/3785/3427 3004/3765/3409 3400/3764/3408 3444/3786/3428
f 2978/3742/3386 3004/3765/3409 3443/3785/3427 3442/3787/3429
f 3441/3660/3304 2930/3647/3291 2978/3742/3386 3442/3787/3429
f 3021/3788/3430 3023/3789/3431 3022/3790/3432 3026/3791/3433
f 3022/3790/3432 3023/3789/3431 3025/3792/3434 3024/3793/3435
f 36/1525/1431 3024/3793/3435 3025/3792/3434 35/1526/1432
f 35/1526/1432 3025/3792/3434 3023/3789/3431 37/1527/1433
f 37/1527/1433 3023/3789/3431 3021/3788/3430 38/1528/1434
f 3026/3791/3433 3020/3794/3436 3019/3795/3437 3021/3788/3430
f 38/1528/1434 3021/3788/3430 3027/3796/3438 39/1531/1437
f 3021/3788/3430 3019/3795/3437 3028/3797/3439 3027/3796/3438
f 3030/3798/3440 3029/3799/3441 3028/3797/3439 3019/3795/3437
f 3452/3800/3442 3029/3799/3441 3030/3798/3440 3453/3801/3443
f 3019/3795/3437 3020/3794/3436 3033/3802/3444 3030/3798/3440
f 55/1539/1445 3034/3803/3445 3024/3793/3435 36/1525/1431
f 3024/3804/3435 3034/3805/3445 3036/3806/3446 3035/3807/3447
f 3035/3807/3447 3037/3808/3448 3022/3809/3432 3024/3804/3435
f 3037/3808/3448 3038/3810/3449 3026/3811/3433 3022/3809/3432
f 3020/3812/3436 3026/3811/3433 3038/3810/3449 3039/3813/3450
f 3033/3814/3444 3020/3812/3436 3039/3813/3450 3040/3815/3451
f 3040/3815/3451 3455/3816/3452 3454/3817/3453 3033/3814/3444
f 3030/3798/3440 3033/3802/3444 3454/3818/3453 3453/3801/3443
f 3044/3493/3142 4014/3819/3454 2836/3553/3197 3043/3494/3143
f 3110/3820/3455 3055/3821/3456 3051/3822/3457 3104/3823/3458
f 3410/3824/3459 3426/3825/3460 3422/3826/3461 3401/3827/3462
f 3055/3821/3456 3066/3828/3463 3071/3829/3464 3051/3822/3457
f 3104/3823/3458 3051/3822/3457 3052/3830/3465 3105/3831/3466
f 3052/3830/3465 3051/3822/3457 3071/3829/3464 3070/3832/3467
f 3402/3833/3468 3401/3827/3462 3422/3826/3461 3425/3834/3469
f 3268/3835/3470 3265/3836/3471 3264/3837/3472 3269/3838/3473
f 3408/3839/3474 3262/3840/3475 3271/3841/3476 3409/3842/3477
f 3460/3843/3478 3402/3833/3468 3076/3844/3479 3461/3845/3480
f 3403/3846/3481 3075/3847/3482 3134/3848/3483 3404/3849/3484
f 3404/3849/3484 3134/3848/3483 3074/3850/3485 3405/3851/3486
f 3073/3852/3487 3407/3853/3488 3406/3854/3489 3123/3855/3490
f 3067/3856/3491 3056/3857/3492 3126/3858/3493 3125/3859/3494
f 3068/3860/3495 3061/3861/3496 3062/3862/3497 3135/3863/3498
f 3135/3863/3498 3062/3862/3497 3063/3864/3499 3069/3865/3500
f 3457/3866/3501 3052/3830/3465 3070/3832/3467 3458/3867/3502
f 3105/3831/3466 3052/3830/3465 3457/3866/3501 3456/3868/3503
f 3106/3869/3504 3063/3864/3499 3062/3862/3497 3107/3870/3505
f 3062/3862/3497 3061/3861/3496 3108/3871/3506 3107/3870/3505
f 3126/3858/3493 3056/3857/3492 3109/3872/3507 3127/3873/3508
f 3263/3874/3509 3270/3875/3510 3269/3838/3473 3264/3837/3472
f 3124/3876/3511 3057/3877/3512 3067/3856/3491 3125/3859/3494
f 3059/3878/3513 3060/3879/3514 3068/3860/3495 3135/3863/3498
f 3058/3880/3515 3059/3878/3513 3135/3863/3498 3069/3865/3500
f 3053/3881/3516 3459/3882/3517 3458/3867/3502 3070/3832/3467
f 3071/3829/3464 3050/3883/3518 3053/3881/3516 3070/3832/3467
f 3066/3828/3463 3054/3884/3519 3050/3883/3518 3071/3829/3464
f 3412/3885/3520 3271/3841/3476 3262/3840/3475 3413/3886/3521
f 3414/3887/3522 3073/3852/3487 3123/3855/3490 3415/3888/3523
f 3416/3889/3524 3074/3850/3485 3134/3848/3483 3417/3890/3525
f 3075/3847/3482 3418/3891/3526 3417/3890/3525 3134/3848/3483
f 3461/3845/3480 3076/3844/3479 3419/3892/3527 3462/3893/3528
f 3419/3892/3527 3428/3894/3529 3424/3895/3530 3420/3896/3531
f 3072/3897/3532 3411/3898/3533 3427/3899/3534 3423/3900/3535
f 3463/3901/3536 2799/3902/3537 3078/3450/3099 3464/3451/3100
f 3080/3452/3101 2816/3903/3538 2805/3904/3539 3079/3453/3102
f 3081/3454/3103 2815/3905/3540 2816/3903/3538 3080/3452/3101
f 3082/3455/3104 2812/3906/3541 3122/3907/3542 3121/3456/3105
f 3272/3908/3543 3261/3909/3544 3260/3458/3107 3273/3457/3106
f 2798/3910/3545 2800/3911/3546 3083/3459/3108 3084/3460/3109
f 2799/3902/3537 2798/3910/3545 3084/3460/3109 3078/3450/3099
f 3086/3400/3049 2810/3912/3547 2797/3913/3548 3085/3396/3045
f 3257/3914/3549 3276/3915/3550 3275/3434/3083 3258/3433/3082
f 3118/3916/3551 2811/3917/3552 3087/3440/3089 3119/3443/3092
f 2814/3918/3553 2813/3919/3554 3088/3448/3097 3133/3444/3093
f 2804/3920/3555 2814/3918/3553 3133/3444/3093 3089/3447/3096
f 3090/3397/3046 2796/3921/3556 3467/3922/3557 3466/3409/3058
f 3085/3396/3045 2797/3913/3548 2796/3921/3556 3090/3397/3046
f 3092/3403/3052 2796/3921/3556 2797/3913/3548 3091/3404/3053
f 3467/3922/3557 2796/3921/3556 3092/3403/3052 3468/3408/3057
f 3094/3438/3087 2814/3918/3553 2804/3920/3555 3093/3439/3088
f 2813/3919/3554 2814/3918/3553 3094/3438/3087 3095/3437/3086
f 3096/3435/3084 2811/3917/3552 3118/3916/3551 3117/3436/3085
f 3276/3915/3550 3257/3914/3549 3256/3430/3079 3277/3429/3078
f 3091/3404/3053 2797/3913/3548 2810/3912/3547 3097/3428/3077
f 2781/3923/3013 2775/3924/3012 3098/3406/3055 3099/3427/3076
f 3253/3925/3022 3280/3926/3021 3279/3425/3074 3254/3424/3073
f 3114/3927/3020 2780/3928/3019 3100/3418/3067 3115/3421/3070
f 2778/3929/3016 2779/3930/3018 3101/3417/3066 3132/3415/3064
f 3102/3414/3063 2777/3931/3017 2778/3929/3016 3132/3415/3064
f 3103/3405/3054 2776/3932/3014 3471/3933/3015 3470/3411/3060
f 2775/3924/3012 2776/3932/3014 3103/3405/3054 3098/3406/3055
f 3039/3813/3450 3038/3810/3449 3110/3820/3455 3104/3823/3458
f 3040/3815/3451 3039/3813/3450 3104/3823/3458 3105/3831/3466
f 3455/3816/3452 3040/3815/3451 3105/3831/3466 3456/3868/3503
f 3064/3934/3558 3042/3935/3559 3106/3869/3504 3107/3870/3505
f 3065/3936/3560 3064/3934/3558 3107/3870/3505 3108/3871/3506
f 3265/3836/3471 3268/3835/3470 3267/3937/3561 3266/3938/3562
f 3112/3349/2998 2762/3344/2993 2764/3345/2994 3111/3351/3000
f 3113/3348/2997 2763/3343/2992 2762/3344/2993 3112/3349/2998
f 3114/3371/3020 2779/3369/3018 2763/3343/2992 3113/3348/2997
f 2779/3930/3018 3114/3927/3020 3115/3421/3070 3101/3417/3066
f 3116/3420/3069 2807/3416/3065 3101/3417/3066 3115/3421/3070
f 2807/3416/3065 3116/3420/3069 3117/3436/3085 3095/3437/3086
f 3118/3916/3551 2813/3919/3554 3095/3437/3086 3117/3436/3085
f 2813/3919/3554 3118/3916/3551 3119/3443/3092 3088/3448/3097
f 3120/3442/3091 2820/3449/3098 3088/3448/3097 3119/3443/3092
f 3121/3456/3105 3081/3454/3103 2820/3449/3098 3120/3442/3091
f 3122/3907/3542 2815/3905/3540 3081/3454/3103 3121/3456/3105
f 3415/3888/3523 3123/3855/3490 3074/3850/3485 3416/3889/3524
f 3405/3851/3486 3074/3850/3485 3123/3855/3490 3406/3854/3489
f 3060/3879/3514 3124/3876/3511 3125/3859/3494 3068/3860/3495
f 3126/3858/3493 3061/3861/3496 3068/3860/3495 3125/3859/3494
f 3061/3861/3496 3126/3858/3493 3127/3873/3508 3108/3871/3506
f 3128/3939/3563 3065/3936/3560 3108/3871/3506 3127/3873/3508
f 3128/3939/3563 3127/3873/3508 3109/3872/3507 3036/3940/3446
f 3042/3935/3559 3137/3941/3564 3136/3942/3565 3041/3943/3566
f 3042/3935/3559 3064/3934/3558 3138/3944/3567 3137/3941/3564
f 3139/3945/3568 3138/3944/3567 3064/3934/3558 3065/3936/3560
f 3136/3946/3565 3140/3947/3569 3032/3948/3570 3041/3949/3566
f 3140/3947/3569 3141/3950/3571 3031/3951/3572 3032/3948/3570
f 3142/3952/3573 3161/3953/3574 3141/3950/3571 3140/3947/3569
f 45/1691/1576 26/1694/1579 3146/3954/3575 3162/3955/3576
f 3162/3955/3576 3146/3954/3575 3143/3710/3354 3163/3709/3353
f 27/1695/1580 3145/3956/3577 2991/3750/3394 31/1476/1384
f 3144/3957/3578 2958/3698/3342 2991/3750/3394 3145/3956/3577
f 2968/3958/3579 2959/3697/3341 2958/3698/3342 3144/3957/3578
f 2959/3697/3341 2968/3958/3579 3448/3959/3580 3447/3700/3344
f 3165/3960/3581 2969/3961/3582 3147/3716/3360 3166/3715/3359
f 2971/3962/3583 3159/3705/3349 2963/3703/3347 3148/3963/3584
f 3148/3963/3584 2963/3703/3347 2961/3702/3346 2970/3964/3585
f 2966/3708/3352 3150/3965/3586 28/1705/1590 25/1428/1336
f 39/1531/1437 3027/3796/3438 3146/3954/3575 26/1694/1579
f 3027/3796/3438 3028/3797/3439 3143/3710/3354 3146/3954/3575
f 2967/3711/3355 3143/3710/3354 3028/3797/3439 3029/3799/3441
f 3029/3799/3441 3452/3800/3442 3451/3713/3357 2967/3711/3355
f 2969/3961/3582 3031/3951/3572 3141/3950/3571 3147/3716/3360
f 3160/3717/3361 3147/3716/3360 3141/3950/3571 3161/3953/3574
f 29/1440/1348 3149/3720/3364 3151/3966/3587 40/1707/1592
f 3152/3967/3588 41/1712/1597 43/1711/1596 3157/3968/3589
f 56/1713/1598 41/1712/1597 3152/3967/3588 3139/3969/3568
f 3138/3970/3567 3139/3969/3568 3152/3967/3588 3153/3971/3590
f 3153/3971/3590 3154/3972/3591 3137/3973/3564 3138/3970/3567
f 3137/3973/3564 3154/3972/3591 3155/3974/3592 3136/3946/3565
f 3136/3946/3565 3155/3974/3592 3142/3952/3573 3140/3947/3569
f 44/1720/1602 40/1707/1592 3151/3966/3587 3158/3975/3593
f 43/1711/1596 42/1723/1605 3156/3976/3594 3157/3968/3589
f 3153/3971/3590 3152/3967/3588 3157/3968/3589 3154/3972/3591
f 3154/3972/3591 3157/3968/3589 3156/3976/3594 3155/3974/3592
f 42/1723/1605 44/1720/1602 3158/3975/3593 3156/3976/3594
f 3142/3952/3573 3155/3974/3592 3156/3976/3594 3158/3975/3593
f 2966/3708/3352 2965/3707/3351 2964/3706/3350 3159/3705/3349
f 3150/3965/3586 2966/3708/3352 3159/3705/3349 2971/3962/3583
f 3167/3718/3362 3160/3717/3361 3149/3720/3364 3168/3719/3363
f 3151/3966/3587 3149/3720/3364 3160/3717/3361 3161/3953/3574
f 3161/3953/3574 3142/3952/3573 3158/3975/3593 3151/3966/3587
f 75/1724/1606 45/1691/1576 3162/3955/3576 3429/3977/3595
f 3429/3977/3595 3162/3955/3576 3163/3709/3353 3430/3978/3596
f 3430/3978/3596 3163/3709/3353 3164/3712/3356 3431/3979/3597
f 3431/3979/3597 3164/3712/3356 3450/3714/3358 3449/3980/3598
f 3432/3981/3599 3165/3960/3581 3166/3715/3359 3433/3982/3600
f 3433/3982/3600 3166/3715/3359 3167/3718/3362 3434/3983/3601
f 3434/3983/3601 3167/3718/3362 3168/3719/3363 3435/3984/3602
f 46/1443/1351 74/1733/1615 3435/3984/3602 3168/3719/3363
f 3128/3939/3563 3169/3985/3603 3139/3945/3568 3065/3936/3560
f 3036/3940/3446 3034/3986/3445 3169/3985/3603 3128/3939/3563
f 3034/3803/3445 55/1539/1445 57/1737/1617 3169/3987/3603
f 56/1713/1598 3139/3969/3568 3169/3988/3603 57/1738/1617
f 3171/3989/3604 3192/3990/3605 3733/3991/3606 3732/3992/3607
f 3727/3993/3038 2791/3994/3037 3182/3995/3608 3728/3996/3609
f 3483/3997/3610 3189/3998/3611 3731/3999/3612 3730/4000/3613
f 3182/3995/3608 2791/3994/3037 2793/4001/3039 3183/4002/3614
f 2793/4001/3039 3176/4003/3615 3184/4004/3616 3183/4002/3614
f 2793/3390/3039 2749/3316/2965 2747/3319/2968 3176/4005/3615
f 3479/4006/3617 3177/4007/3618 3185/4008/3619 3480/4009/3620
f 3478/3314/2963 2745/3312/2961 3177/4010/3618 3479/4011/3617
f 3185/4008/3619 3177/4007/3618 3180/4012/3621 3186/4013/3622
f 3177/4010/3618 2745/3312/2961 2743/3311/2960 3180/4014/3621
f 3182/3995/3608 3173/4015/3623 3729/4016/3624 3728/3996/3609
f 3173/4015/3623 3182/3995/3608 3183/4002/3614 3174/4017/3625
f 3184/4004/3616 3175/4018/3626 3174/4017/3625 3183/4002/3614
f 3178/4019/3627 3481/4020/3628 3480/4009/3620 3185/4008/3619
f 3178/4019/3627 3185/4008/3619 3186/4013/3622 3179/4021/3629
f 3186/4013/3622 3180/4012/3621 2787/4022/3630 2785/4023/3631
f 2744/3310/2959 2787/4024/3630 3180/4014/3621 2743/3311/2960
f 3171/3989/3604 3187/4025/3632 3193/4026/3633 3192/3990/3605
f 3482/4027/3634 3190/4028/3635 3189/3998/3611 3483/3997/3610
f 3189/3998/3611 3171/3989/3604 3732/3992/3607 3731/3999/3612
f 3190/4028/3635 3187/4025/3632 3171/3989/3604 3189/3998/3611
f 3481/4020/3628 3178/4019/3627 3190/4028/3635 3482/4027/3634
f 3190/4028/3635 3178/4019/3627 3179/4021/3629 3187/4025/3632
f 3192/3990/3605 3196/4029/3636 3734/4030/3637 3733/3991/3606
f 3193/4026/3633 3919/4031/3638 3196/4029/3636 3192/3990/3605
f 3193/4026/3633 3187/4025/3632 3179/4021/3629 3194/4032/3639
f 3194/4032/3639 3918/4033/3640 3919/4031/3638 3193/4026/3633
f 3196/4034/3636 2786/3385/3034 3735/3387/3036 3734/4035/3637
f 3194/4032/3639 3179/4021/3629 3186/4013/3622 2785/4023/3631
f 3111/3351/3000 2764/3345/2994 2795/3394/3043 3197/4036/3641
f 2767/3350/2999 3111/3351/3000 3197/4036/3641 3198/4037/3642
f 3283/3357/3006 3250/3356/3005 3249/4038/3643 3284/4039/3644
f 3200/4040/3645 2770/3375/3024 2782/3374/3023 3199/4041/3646
f 2770/3375/3024 3200/4040/3645 3195/4042/3647 2783/3377/3026
f 3202/4043/3648 3216/4044/3649 3215/4045/3650 3201/4046/3651
f 3204/4047/3652 3203/4048/3653 3213/4049/3654 3212/4050/3655
f 3203/4048/3653 3204/4047/3652 3224/4051/3656 3223/4052/3657
f 3217/4053/3658 3205/3668/3312 3206/3664/3308 3218/4054/3659
f 3207/3663/3307 3219/4055/3660 3218/4054/3659 3206/3664/3308
f 3208/4056/3661 2962/3704/3348 2964/3706/3350 3222/4057/3662
f 2962/3704/3348 3208/4056/3661 3016/4058/3663 2960/3701/3345
f 3017/4059/3664 3399/4060/3665 3398/4061/3666 3209/4062/3667
f 3209/4062/3667 3398/4061/3666 3397/4063/3668 3210/4064/3669
f 3395/4065/3670 3202/4043/3648 3201/4046/3651 3396/4066/3671
f 3397/4063/3668 3396/4066/3671 3201/4046/3651 3210/4064/3669
f 2940/3662/3306 3018/4067/3672 3214/4068/3673 3207/3663/3307
f 3209/4062/3667 3214/4068/3673 3018/4067/3672 3017/4059/3664
f 3216/4044/3649 2937/3657/3301 2939/3656/3300 3215/4045/3650
f 3207/3663/3307 3214/4068/3673 3220/4069/3674 3219/4055/3660
f 3218/4054/3659 2944/3659/3303 2938/3671/3315 3217/4053/3658
f 3219/4055/3660 2939/3656/3300 2944/3659/3303 3218/4054/3659
f 3220/4069/3674 3215/4045/3650 2939/3656/3300 3219/4055/3660
f 3210/4064/3669 3201/4046/3651 3215/4045/3650 3220/4069/3674
f 3214/4068/3673 3209/4062/3667 3210/4064/3669 3220/4069/3674
f 3211/4070/3675 3208/4056/3661 3222/4057/3662 3221/4071/3676
f 3221/4071/3676 3204/4047/3652 3212/4050/3655 3211/4070/3675
f 3224/4051/3656 48/1824/1692 47/1823/1691 3223/4052/3657
f 49/1825/1693 48/1824/1692 3224/4051/3656 3225/4072/3677
f 3224/4051/3656 3204/4047/3652 3221/4071/3676 3225/4072/3677
f 3221/4071/3676 3222/4057/3662 3226/4073/3678 3225/4072/3677
f 2965/3707/3351 3226/4073/3678 3222/4057/3662 2964/3706/3350
f 50/1828/1696 49/1825/1693 3225/4072/3677 3226/4073/3678
f 24/1427/1335 50/1828/1696 3226/4073/3678 2965/3707/3351
f 3957/4074/3679 2986/3748/3392 2934/3651/3295 3958/3654/3298
f 3956/4075/3680 3009/3769/3413 2986/3748/3392 3957/4074/3679
f 3213/4049/3654 3203/4048/3653 3014/4076/3681 3015/4077/3682
f 3216/4044/3649 3202/4043/3648 3227/4078/3683 3228/4079/3684
f 2937/3657/3301 3216/4044/3649 3228/4079/3684 3229/4080/3685
f 2937/3657/3301 3229/4080/3685 3230/4081/3686 2945/3658/3302
f 3231/4082/3687 2936/3670/3314 2945/3658/3302 3230/4081/3686
f 3634/3690/3334 3608/3689/3333 3635/4083/3688 3637/4084/3689
f 3233/4085/3690 2950/3683/3327 2954/3682/3326 3232/4086/3691
f 3629/3732/3376 3595/3731/3375 3594/4087/3692 3630/4088/3693
f 3955/4089/3694 3393/3777/3421 3009/3769/3413 3956/4075/3680
f 3202/4043/3648 3395/4065/3670 3394/4090/3695 3227/4078/3683
f 3700/4091/3696 2987/3771/3415 3391/3770/3414 3701/4092/3697
f 3008/3776/3420 3007/3775/3419 3703/4093/3698 3702/4094/3699
f 2982/3675/3319 3235/4095/3700 3236/4096/3701 2981/3649/3293
f 3237/4097/3702 2980/3646/3290 2981/3649/3293 3236/4096/3701
f 2980/3646/3290 3237/4097/3702 3238/4098/3703 2979/3743/3387
f 2979/3743/3387 3238/4098/3703 3006/3766/3410 3005/3762/3406
f 3696/4099/3704 3239/3741/3385 3240/3740/3384 3697/4100/3705
f 3241/3739/3383 3698/4101/3706 3697/4100/3705 3240/3740/3384
f 3698/4101/3706 3241/3739/3383 3242/3745/3389 3699/4102/3707
f 3699/4102/3707 3242/3745/3389 2987/3771/3415 3700/4091/3696
f 3242/3745/3389 2983/3744/3388 2988/3768/3412 2987/3771/3415
f 3243/4103/3708 3014/4076/3681 3203/4048/3653 3223/4052/3657
f 3223/4052/3657 47/1823/1691 51/1859/1727 3243/4103/3708
f 3703/4093/3698 3007/3775/3419 3244/4104/3709 3704/4105/3710
f 3245/4106/3711 3244/4104/3709 3007/3775/3419 3011/3774/3418
f 3245/4107/3711 3011/3780/3418 3013/3779/3423 3246/4108/3712
f 3246/4108/3712 3013/3779/3423 3953/3782/3424 3952/4109/3713
f 58/1866/1733 3248/4110/3714 3243/4103/3708 51/1859/1727
f 3248/4110/3714 3247/4111/3715 3014/4076/3681 3243/4103/3708
f 3003/3634/3278 3705/3633/3277 3704/4105/3710 3244/4104/3709
f 3250/3356/3005 2767/4112/2999 3198/4113/3642 3249/4038/3643
f 3251/3352/3001 2766/4114/2995 2767/4112/2999 3250/3356/3005
f 2765/4115/2996 2766/4114/2995 3251/3352/3001 3252/3355/3004
f 2780/4116/3019 2765/4115/2996 3252/3355/3004 3253/3373/3022
f 3100/4117/3067 2780/4118/3019 3253/3925/3022 3254/3424/3073
f 3255/3423/3072 2808/4119/3068 3100/4117/3067 3254/3424/3073
f 2808/4119/3068 3255/3423/3072 3256/3430/3079 3096/4120/3084
f 3257/3914/3549 2811/4121/3552 3096/4120/3084 3256/3430/3079
f 2811/4121/3552 3257/3914/3549 3258/3433/3082 3087/4122/3089
f 3259/3432/3081 2821/4123/3090 3087/4122/3089 3258/3433/3082
f 3260/3458/3107 3082/4124/3104 2821/4123/3090 3259/3432/3081
f 3261/3909/3544 2812/4125/3541 3082/4124/3104 3260/3458/3107
f 3073/4126/3487 3414/4127/3522 3413/3886/3521 3262/3840/3475
f 3407/4128/3488 3073/4126/3487 3262/3840/3475 3408/3839/3474
f 3057/4129/3512 3263/3874/3509 3264/3837/3472 3067/4130/3491
f 3265/3836/3471 3056/4131/3492 3067/4130/3491 3264/3837/3472
f 3109/4132/3507 3056/4131/3492 3265/3836/3471 3266/3938/3562
f 3268/3835/3470 3055/3821/3456 3110/3820/3455 3267/3937/3561
f 3066/3828/3463 3055/3821/3456 3268/3835/3470 3269/3838/3473
f 3270/3875/3510 3054/3884/3519 3066/3828/3463 3269/3838/3473
f 3409/3842/3477 3271/3841/3476 3072/3897/3532 3410/3824/3459
f 3411/3898/3533 3072/3897/3532 3271/3841/3476 3412/3885/3520
f 3083/3459/3108 2800/3911/3546 3272/3908/3543 3273/3457/3106
f 2822/3399/3048 3083/3459/3108 3273/3457/3106 3274/3431/3080
f 3086/3400/3049 2822/3399/3048 3274/3431/3080 3275/3434/3083
f 3276/3915/3550 2810/3912/3547 3086/3400/3049 3275/3434/3083
f 3097/3428/3077 2810/3912/3547 3276/3915/3550 3277/3429/3078
f 3278/3422/3071 2809/3426/3075 3097/3428/3077 3277/3429/3078
f 2809/3426/3075 3278/3422/3071 3279/3425/3074 3099/3427/3076
f 3280/3926/3021 2781/3923/3013 3099/3427/3076 3279/3425/3074
f 3281/3354/3003 2771/3362/3011 2781/3364/3013 3280/3372/3021
f 3282/3353/3002 2768/3376/3025 2771/3362/3011 3281/3354/3003
f 2782/3374/3023 2768/3376/3025 3282/3353/3002 3283/3357/3006
f 3199/4041/3646 2782/3374/3023 3283/3357/3006 3284/4039/3644
f 3109/4132/3507 3266/3938/3562 3035/3807/3447 3036/3806/3446
f 3266/3938/3562 3267/3937/3561 3037/3808/3448 3035/3807/3447
f 3038/3810/3449 3037/3808/3448 3267/3937/3561 3110/3820/3455
f 3619/3696/3340 3605/3695/3339 3604/3722/3366 3620/3721/3365
f 3285/4133/3716 2949/3676/3320 2952/3679/3323 3287/4134/3717
f 3617/4135/3718 3287/4134/3717 2952/3679/3323 3618/3687/3331
f 3694/4136/3719 3287/4134/3717 3617/4135/3718 3695/4137/3720
f 3693/4138/3721 3285/4133/3716 3287/4134/3717 3694/4136/3719
f 3600/4139/3722 3624/4140/3723 3623/4141/3724 3601/4142/3725
f 3290/4143/3726 2972/4144/3727 3288/4145/3728 3291/4146/3729
f 3615/4147/3730 3291/4146/3729 3288/4145/3728 3616/4148/3731
f 3614/4149/3732 3292/4150/3733 3291/4146/3729 3615/4147/3730
f 3601/4142/3725 3623/4141/3724 3622/3726/3370 3602/3725/3369
f 3291/4146/3729 3292/4150/3733 3293/4151/3734 3290/4143/3726
f 3613/4152/3735 3438/4153/3736 3292/4150/3733 3614/4149/3732
f 3437/4154/3737 3293/4151/3734 3292/4150/3733 3438/4153/3736
f 3296/4155/3738 3295/4156/3739 3612/4157/3740 3611/4158/3741
f 3297/4159/3742 3296/4155/3738 3611/4158/3741 3610/4160/3743
f 3610/4160/3743 3609/4161/3744 2955/3685/3329 3297/4159/3742
f 3597/4162/3745 3596/3734/3378 3628/3733/3377 3627/4163/3746
f 3597/4162/3745 3627/4163/3746 3626/3736/3380 3598/3735/3379
f 3295/4156/3739 3296/4155/3738 3301/4164/3747 2975/4165/3748
f 3296/4155/3738 3297/4159/3742 3299/4166/3749 3301/4164/3747
f 3297/4159/3742 2955/3685/3329 2951/3684/3328 3299/4166/3749
f 3383/4167/3750 3302/4168/3751 3303/4169/3752 3384/4170/3753
f 3302/4168/3751 2992/3461/3110 3003/3634/3278 3303/4169/3752
f 3303/4169/3752 3003/3634/3278 3244/4104/3709 3304/4171/3754
f 3305/4172/3755 3304/4171/3754 3244/4104/3709 3245/4106/3711
f 3304/4171/3754 3305/4172/3755 3386/4173/3756 3385/4174/3757
f 3384/4170/3753 3303/4169/3752 3304/4171/3754 3385/4174/3757
f 3309/3484/3133 2857/3473/3122 3048/3521/3170 3321/3520/3169
f 3310/3483/3132 2832/3474/3123 2857/3473/3122 3309/3484/3133
f 2914/3539/3186 2832/3474/3123 3310/3483/3132 3311/3629/3273
f 2915/3627/3271 2914/3539/3186 3311/3629/3273 3312/3631/3275
f 3002/3761/3405 3306/4175/3758 3312/3631/3275 2917/3630/3274
f 2915/3627/3271 3312/3631/3275 3306/4175/3758 3307/4176/3759
f 2915/3627/3271 3307/4176/3759 3313/4177/3760 2865/3548/3193
f 3386/4178/3756 3305/4179/3755 3314/4180/3761 3387/4181/3762
f 3305/4179/3755 3245/4107/3711 3246/4108/3712 3314/4180/3761
f 3314/4180/3761 3246/4108/3712 3952/4109/3713 3951/4182/3763
f 3314/4180/3761 3951/4182/3763 3950/4183/3764 3387/4181/3762
f 3313/4177/3760 3949/4184/3765 3948/3549/3194 2865/3548/3193
f 3318/4185/3766 3388/4186/3767 3315/4187/3768 3319/4188/3769
f 3319/4188/3769 60/1947/1791 59/1946/1790 3318/4185/3766
f 3319/4188/3769 3315/4187/3768 3247/4111/3715 3248/4110/3714
f 60/1947/1791 3319/4188/3769 3248/4110/3714 58/1866/1733
f 2887/3601/3245 3343/3600/3244 3046/3606/3250 3320/3605/3249
f 3321/3520/3169 3308/4189/3770 2835/4190/3771 3047/3519/3168
f 3048/3521/3170 2830/3486/3135 3308/4189/3770 3321/3520/3169
f 2868/3487/3136 2830/3486/3135 3048/3521/3170 3322/3522/3171
f 3323/3524/3173 2828/3472/3121 2868/3487/3136 3322/3522/3171
f 2828/3472/3121 3323/3524/3173 3324/3523/3172 2827/3467/3116
f 3325/3525/3174 2824/3468/3117 2827/3467/3116 3324/3523/3172
f 2874/3463/3112 2824/3468/3117 3325/3525/3174 3049/3527/3176
f 2879/3464/3113 2874/3463/3112 3049/3527/3176 3326/3526/3175
f 3936/3556/3200 2879/3464/3113 3326/3526/3175 3937/3559/3203
f 3/1209/1117 2854/3512/3161 3327/3514/3163 61/1211/1119
f 3329/3611/3255 2856/3481/3130 3047/3519/3168 3328/3612/3256
f 2834/3482/3131 2856/3481/3130 3329/3611/3255 3330/3615/3259
f 3330/3615/3259 2910/3625/3269 2916/3628/3272 2834/3482/3131
f 2882/3592/3236 3925/3591/3235 3924/3613/3257 3328/3612/3256
f 3047/3519/3168 2835/4190/3771 2882/3592/3236 3328/3612/3256
f 4/1208/1116 62/1216/1124 3331/3518/3167 2849/3513/3162
f 2878/3465/3114 3935/3557/3201 3934/3555/3199 3332/3501/3150
f 2875/3466/3115 2878/3465/3114 3332/3501/3150 3333/3504/3153
f 3334/3499/3148 2848/3469/3118 2875/3466/3115 3333/3504/3153
f 2848/3469/3118 3334/3499/3148 3335/3497/3146 2847/3470/3119
f 3336/3496/3145 2846/3471/3120 2847/3470/3119 3335/3497/3146
f 2843/3552/3196 2867/3488/3137 2846/3471/3120 3336/3496/3145
f 3338/4191/3772 4015/4192/3773 4016/4193/3774 3339/4194/3775
f 4016/4193/3774 4017/3566/3210 2899/3565/3209 3339/4194/3775
f 2835/4190/3771 3347/4195/3776 3346/3593/3237 2882/3592/3236
f 2835/4190/3771 3308/4189/3770 3348/4196/3777 3347/4195/3776
f 2908/3618/3262 19/1332/1240 63/1338/1246 3354/3624/3268
f 3340/3617/3261 2905/3622/3266 2908/3618/3262 3354/3624/3268
f 3341/3607/3251 2884/3621/3265 2905/3622/3266 3340/3617/3261
f 2903/3619/3263 2884/3621/3265 3341/3607/3251 3342/3608/3252
f 2885/3620/3264 2903/3619/3263 3342/3608/3252 2902/3603/3247
f 3046/3606/3250 2888/3569/3213 2885/3620/3264 2902/3603/3247
f 3343/3600/3244 2889/3570/3214 2888/3569/3213 3046/3606/3250
f 2901/3595/3239 2889/3570/3214 3343/3600/3244 3344/3599/3243
f 2900/3597/3241 2901/3595/3239 3344/3599/3243 3345/3602/3246
f 3346/3593/3237 2899/3565/3209 3927/3568/3212 3926/3594/3238
f 3347/4195/3776 3339/4194/3775 2899/3565/3209 3346/3593/3237
f 3348/4196/3777 3338/4191/3772 3339/4194/3775 3347/4195/3776
f 2845/3485/3134 3337/4197/3778 3338/4191/3772 3348/4196/3777
f 3348/4196/3777 3308/4189/3770 2830/3486/3135 2845/3485/3134
f 52/1289/1197 2842/3580/3224 3355/3585/3229 64/1296/1204
f 4010/3586/3230 4011/4198/3779 2023/1957/1801 65/1297/1205
f 2897/3589/3233 4000/4199/3780 3995/4200/3781 3356/3590/3234
f 66/1204/1112 4007/3511/3160 4008/4201/3782 67/1961/1805
f 3971/4202/3783 3358/4203/3784 3365/4204/3785 3932/4205/3786
f 3365/4204/3785 3358/4203/3784 3359/4206/3787 3366/4207/3788
f 3360/4208/3789 3367/4209/3790 3366/4207/3788 3359/4206/3787
f 2840/4210/3791 3368/4211/3792 3367/4209/3790 3360/4208/3789
f 3045/4212/3793 3369/4213/3794 3368/4211/3792 2840/4210/3791
f 3369/4213/3794 3045/4212/3793 3361/4214/3795 3370/4215/3796
f 3370/4215/3796 3361/4214/3795 3362/4216/3797 3371/4217/3798
f 3363/4218/3799 3372/4219/3800 3371/4217/3798 3362/4216/3797
f 7/1219/1127 67/1961/1805 4008/4201/3782 2853/3517/3166
f 2877/3502/3151 3933/3554/3198 3932/4205/3786 3365/4204/3785
f 2876/3503/3152 2877/3502/3151 3365/4204/3785 3366/4207/3788
f 3367/4209/3790 2825/3500/3149 2876/3503/3152 3366/4207/3788
f 3368/4211/3792 2826/3498/3147 2825/3500/3149 3367/4209/3790
f 3369/4213/3794 2829/3495/3144 2826/3498/3147 3368/4211/3792
f 2836/3553/3197 2829/3495/3144 3369/4213/3794 3370/4215/3796
f 3043/3494/3143 2836/3553/3197 3370/4215/3796 3371/4217/3798
f 3372/4219/3800 2837/3491/3140 3043/3494/3143 3371/4217/3798
f 2837/3491/3140 3372/4219/3800 3930/4220/3801 3929/3564/3208
f 3372/4219/3800 3363/4218/3799 3931/4221/3802 3930/4220/3801
f 5/1214/1122 2855/3516/3165 3373/4222/3803 70/1983/1827
f 68/4223/1829 3379/4224/3804 3378/4225/3805 69/4226/1830
f 3378/4225/3805 3316/3532/3179 8/3531/1142 69/4226/1830
f 3373/4227/3803 3381/4228/3806 71/4229/1833 70/4230/1827
f 3939/3560/3204 2881/3510/3159 3374/4231/3807 3940/4232/3808
f 3375/4233/3809 3374/4231/3807 2881/3510/3159 2872/3509/3158
f 3376/4234/3810 3375/4233/3809 2872/3509/3158 2850/3505/3154
f 2833/3477/3126 2911/3529/3178 3376/4234/3810 2850/3505/3154
f 3377/4235/3811 3376/4234/3810 2911/3529/3178 2860/3535/3182
f 3943/4236/3812 3377/4235/3811 2860/3535/3182 3944/3534/3181
f 3377/4235/3811 3943/4236/3812 3942/4237/3813 3380/4238/3814
f 3376/4234/3810 3377/4235/3811 3380/4238/3814 3375/4233/3809
f 3940/4239/3808 3374/4240/3807 3382/4241/3815 3941/4242/3816
f 3381/4228/3806 3379/4224/3804 68/4223/1829 71/4229/1833
f 3380/4238/3814 3942/4237/3813 3941/4242/3816 3382/4241/3815
f 3382/4241/3815 3374/4240/3807 3375/4233/3809 3380/4238/3814
f 2866/3550/3195 3318/4243/3766 59/4244/1790 11/3551/1159
f 3002/3761/3405 3001/3760/3404 3383/4167/3750 3384/4170/3753
f 3002/3761/3405 3384/4170/3753 3385/4174/3757 3306/4175/3758
f 3386/4173/3756 3307/4176/3759 3306/4175/3758 3385/4174/3757
f 3307/4245/3759 3386/4178/3756 3387/4181/3762 3313/4246/3760
f 3949/4247/3765 3313/4246/3760 3387/4181/3762 3950/4183/3764
f 72/2010/1845 3383/4167/3750 3001/3760/3404 34/1491/1399
f 73/2011/1846 3302/4168/3751 3383/4167/3750 72/2010/1845
f 2/1153/1061 2992/3461/3110 3302/4168/3751 73/2011/1846
f 3921/3626/3270 2910/3625/3269 3330/3615/3259 3922/3614/3258
f 3390/4248/3411 2984/3746/3390 2925/3643/3287 3389/4249/3407
f 3391/4250/3414 3008/3776/3420 3702/4094/3699 3701/4251/3697
f 3008/3776/3420 3391/4250/3414 3392/4252/3416 3010/3773/3417
f 3393/4253/3421 3012/3778/3422 3010/3781/3417 3392/4254/3416
f 3954/3783/3425 3012/3778/3422 3393/4253/3421 3955/4255/3694
f 3395/4256/3670 3213/4049/3654 3015/4077/3682 3394/4257/3695
f 3213/4049/3654 3395/4256/3670 3396/4258/3671 3212/4050/3655
f 3211/4070/3675 3212/4050/3655 3396/4258/3671 3397/4259/3668
f 3398/4260/3666 3208/4056/3661 3211/4070/3675 3397/4259/3668
f 3399/4261/3665 3016/4058/3663 3208/4056/3661 3398/4260/3666
f 3444/4262/3428 3400/4263/3408 2926/3642/3286 3445/3784/3426
f 3389/4249/3407 2925/3643/3287 2926/3642/3286 3400/4263/3408
f 3402/3833/3468 3053/3881/3516 3050/3883/3518 3401/3827/3462
f 3459/3882/3517 3053/3881/3516 3402/3833/3468 3460/3843/3478
f 3059/3878/3513 3058/3880/3515 3403/3846/3481 3404/3849/3484
f 3060/3879/3514 3059/3878/3513 3404/3849/3484 3405/3851/3486
f 3124/3876/3511 3060/3879/3514 3405/3851/3486 3406/3854/3489
f 3407/3853/3488 3057/3877/3512 3124/3876/3511 3406/3854/3489
f 3263/3874/3509 3057/4129/3512 3407/4128/3488 3408/3839/3474
f 3270/3875/3510 3263/3874/3509 3408/3839/3474 3409/3842/3477
f 3054/3884/3519 3270/3875/3510 3409/3842/3477 3410/3824/3459
f 3054/3884/3519 3410/3824/3459 3401/3827/3462 3050/3883/3518
f 3272/3908/3543 2800/3911/3546 3411/3898/3533 3412/3885/3520
f 3261/3909/3544 3272/3908/3543 3412/3885/3520 3413/3886/3521
f 3414/4127/3522 2812/4125/3541 3261/3909/3544 3413/3886/3521
f 3122/3907/3542 2812/3906/3541 3414/3887/3522 3415/3888/3523
f 2815/3905/3540 3122/3907/3542 3415/3888/3523 3416/3889/3524
f 2816/3903/3538 2815/3905/3540 3416/3889/3524 3417/3890/3525
f 3418/3891/3526 2805/3904/3539 2816/3903/3538 3417/3890/3525
f 2799/3902/3537 3463/3901/3536 3462/3893/3528 3419/3892/3527
f 2798/3910/3545 2799/3902/3537 3419/3892/3527 3420/3896/3531
f 3411/3898/3533 2800/3911/3546 2798/3910/3545 3420/3896/3531
f 3422/3826/3461 3077/4264/3817 3421/4265/3818 3425/3834/3469
f 3423/3900/3535 3077/4264/3817 3422/3826/3461 3426/3825/3460
f 3424/3895/3530 3077/4264/3817 3423/3900/3535 3427/3899/3534
f 3421/4265/3818 3077/4264/3817 3424/3895/3530 3428/3894/3529
f 3076/3844/3479 3402/3833/3468 3425/3834/3469 3421/4265/3818
f 3410/3824/3459 3072/3897/3532 3423/3900/3535 3426/3825/3460
f 3411/3898/3533 3420/3896/3531 3424/3895/3530 3427/3899/3534
f 3419/3892/3527 3076/3844/3479 3421/4265/3818 3428/3894/3529
f 3145/3956/3577 27/1695/1580 75/1724/1606 3429/3977/3595
f 3144/3957/3578 3145/3956/3577 3429/3977/3595 3430/3978/3596
f 2968/3958/3579 3144/3957/3578 3430/3978/3596 3431/3979/3597
f 3448/3959/3580 2968/3958/3579 3431/3979/3597 3449/3980/3598
f 3148/3963/3584 2970/3964/3585 3432/3981/3599 3433/3982/3600
f 2971/3962/3583 3148/3963/3584 3433/3982/3600 3434/3983/3601
f 3150/3965/3586 2971/3962/3583 3434/3983/3601 3435/3984/3602
f 74/1733/1615 28/1705/1590 3150/3965/3586 3435/3984/3602
f 3852/4266/3819 3624/4267/3723 3600/4268/3722 3853/4269/3820
f 3854/4270/3821 3437/4271/3737 3438/4272/3736 3855/4273/3822
f 3855/4273/3822 3438/4272/3736 3613/4274/3735 3856/4275/3823
f 3857/4276/3824 3439/4277/3310 3440/4278/3305 3858/4279/3825
f 3441/4280/3304 3859/4281/3826 3858/4279/3825 3440/4278/3305
f 3859/4281/3826 3441/4280/3304 3442/4282/3429 3860/4283/3827
f 3443/4284/3427 3861/4285/3828 3860/4283/3827 3442/4282/3429
f 3861/4285/3828 3443/4284/3427 3444/4286/3428 3862/4287/3829
f 3862/4288/3829 3444/4262/3428 3445/3784/3426 3863/4289/3830
f 3446/3699/3343 3864/4290/3831 3863/4289/3830 3445/3784/3426
f 3864/4290/3831 3446/3699/3343 3447/3700/3344 3865/4291/3832
f 3448/3959/3580 3866/4292/3833 3865/4291/3832 3447/3700/3344
f 3866/4292/3833 3448/3959/3580 3449/3980/3598 3867/4293/3834
f 3450/3714/3358 3868/4294/3835 3867/4293/3834 3449/3980/3598
f 3451/3713/3357 3869/4295/3836 3868/4294/3835 3450/3714/3358
f 3452/3800/3442 3870/4296/3837 3869/4295/3836 3451/3713/3357
f 3870/4296/3837 3452/3800/3442 3453/3801/3443 3871/4297/3838
f 3454/3818/3453 3872/4298/3839 3871/4297/3838 3453/3801/3443
f 3455/3816/3452 3873/4299/3840 3872/4300/3839 3454/3817/3453
f 3873/4299/3840 3455/3816/3452 3456/3868/3503 3874/4301/3841
f 3457/3866/3501 3875/4302/3842 3874/4301/3841 3456/3868/3503
f 3875/4302/3842 3457/3866/3501 3458/3867/3502 3876/4303/3843
f 3459/3882/3517 3877/4304/3844 3876/4303/3843 3458/3867/3502
f 3877/4304/3844 3459/3882/3517 3460/3843/3478 3878/4305/3845
f 3878/4305/3845 3460/3843/3478 3461/3845/3480 3879/4306/3846
f 3879/4306/3846 3461/3845/3480 3462/3893/3528 3880/4307/3847
f 3463/3901/3536 3881/4308/3848 3880/4307/3847 3462/3893/3528
f 3881/4308/3848 3463/3901/3536 3464/3451/3100 3882/4309/3849
f 3465/3410/3059 3883/4310/3850 3882/4309/3849 3464/3451/3100
f 3466/3409/3058 3884/4311/3851 3883/4310/3850 3465/3410/3059
f 3467/3922/3557 3885/4312/3852 3884/4311/3851 3466/3409/3058
f 3885/4312/3852 3467/3922/3557 3468/3408/3057 3886/4313/3853
f 3469/3407/3056 3887/4314/3854 3886/4313/3853 3468/3408/3057
f 3887/4314/3854 3469/3407/3056 3470/3411/3060 3888/4315/3855
f 3471/3933/3015 3889/4316/3856 3888/4315/3855 3470/3411/3060
f 3472/3336/2985 3890/4317/3857 3889/4318/3856 3471/3366/3015
f 3890/4317/3857 3472/3336/2985 3473/3330/2979 3891/4319/3858
f 3891/4319/3858 3473/3330/2979 3474/3333/2982 3892/4320/3859
f 3475/3322/2971 3894/4321/3860 3893/4322/3861 3724/3323/2972
f 3476/3315/2964 3895/4323/3862 3894/4321/3860 3475/3322/2971
f 3895/4323/3862 3476/3315/2964 3477/3313/2962 3896/4324/3863
f 3896/4324/3863 3477/3313/2962 3478/3314/2963 3897/4325/3864
f 3897/4325/3864 3478/3314/2963 3479/4011/3617 3898/4326/3865
f 3898/4327/3865 3479/4006/3617 3480/4009/3620 3899/4328/3866
f 3481/4020/3628 3900/4329/3867 3899/4328/3866 3480/4009/3620
f 3900/4329/3867 3481/4020/3628 3482/4027/3634 3901/4330/3868
f 3901/4330/3868 3482/4027/3634 3483/3997/3610 3902/4331/3869
f 3902/4331/3869 3483/3997/3610 3730/4000/3613 3903/4332/3870
f 3486/2870/2572 2544/3012/2702 2518/2975/2674 3485/3016/2706
f 3487/2869/2571 2519/2967/2666 2544/3012/2702 3486/2870/2572
f 3488/3025/2713 2513/2968/2667 2519/2967/2666 3487/2869/2571
f 2513/2968/2667 3488/3025/2713 3489/3028/2710 2537/2995/2690
f 3809/3009/2699 2537/3008/2690 3489/3022/2710 3810/3021/2709
f 2540/3005/2697 3490/3019/2707 3491/2985/2680 2539/3002/2694
f 3492/2984/2679 2538/3010/2700 2539/3002/2694 3491/2985/2680
f 2533/3007/2687 3805/3006/2698 3804/2990/2685 3493/2989/2684
f 2533/2992/2687 3493/3017/2684 3494/3013/2703 2520/2974/2673
f 2520/2974/2673 3494/3013/2703 3485/3016/2706 2518/2975/2674
f 3496/2355/2094 2077/2342/2083 2128/2341/2082 3495/2353/2092
f 2077/2342/2083 3496/2355/2094 3497/2357/2096 2732/3299/2948
f 2732/3299/2948 3497/2357/2096 3498/2359/2098 2101/2361/2100
f 2101/2361/2100 3498/2359/2098 3499/2365/2104 2082/2362/2101
f 2083/2438/2129 2082/2362/2101 3499/2365/2104 3500/2437/2105
f 2083/2393/2129 3500/2366/2105 3793/2369/2108 3792/2394/2130
f 2062/2396/2132 3501/2336/2077 3502/2339/2080 2063/2386/2122
f 2063/2386/2122 3502/2339/2080 3503/2345/2086 2075/2383/2119
f 3781/2349/2090 3504/2348/2089 2100/2387/2123 3782/2390/2126
f 2128/2341/2082 2100/2436/2123 3504/2350/2089 3495/2353/2092
f 3506/3014/2704 2722/2862/2566 2531/2867/2569 3505/3015/2705
f 3507/3018/2683 2530/2863/2563 2722/2862/2566 3506/3014/2704
f 3802/2860/2564 2530/2859/2563 3507/2988/2683 3803/2987/2682
f 2445/2857/2561 3508/2983/2678 3509/2986/2681 2430/2855/2559
f 3510/3020/2708 2429/2852/2556 2430/2855/2559 3509/2986/2681
f 2454/2889/2590 3812/2892/2592 3811/3024/2712 3511/3023/2711
f 3512/3026/2714 2453/2886/2588 2454/2888/2590 3511/3027/2711
f 2532/2882/2584 2453/2886/2588 3512/3026/2714 3513/2868/2570
f 2532/2882/2584 3513/2868/2570 3514/2871/2573 2443/2880/2582
f 2531/2867/2569 2443/2880/2582 3514/2871/2573 3505/3015/2705
f 3516/2512/2164 3517/2511/2231 2145/3179/2841 2136/3246/2165
f 3518/2510/2230 2133/3178/2840 2145/3179/2841 3517/2511/2231
f 2133/3178/2840 3518/2510/2230 3519/2509/2229 2134/3177/2839
f 3520/2507/2227 2267/3176/2838 2134/3177/2839 3519/2509/2229
f 2267/3176/2838 3520/2507/2227 3521/2506/2226 2137/2555/2268
f 3526/2472/2194 2154/2551/2265 2203/2552/2266 3525/2459/2181
f 2154/2551/2265 3526/2472/2194 3527/2485/2207 2159/2549/2264
f 2186/2550/2262 2159/2549/2264 3527/2485/2207 3528/2554/2236
f 3770/2548/2263 2186/2547/2262 3528/2518/2236 3771/2517/2235
f 3530/2515/2233 2182/2545/2260 2187/2546/2261 3529/2519/2237
f 2183/2543/2258 2182/2545/2260 3530/2515/2233 3531/2514/2232
f 3740/2544/2259 2183/2543/2258 3531/2514/2232 3741/2516/2234
f 3533/2461/2183 2185/2540/2255 2184/2542/2257 3532/2553/2267
f 2185/2540/2255 3533/2461/2183 3534/2460/2182 2146/2541/2256
f 3525/2459/2181 2203/2552/2266 2146/2541/2256 3534/2460/2182
f 3536/2596/2309 2222/2609/2322 2254/2635/2348 3535/2581/2294
f 2222/2609/2322 3536/2596/2309 3537/2600/2313 2253/2610/2323
f 2243/2623/2336 2253/2610/2323 3537/2600/2313 3538/2639/2352
f 3539/2617/2330 2244/2631/2344 3754/2630/2343 3753/2618/2331
f 3540/2615/2328 2240/2628/2341 2244/2631/2344 3539/2617/2330
f 3540/2615/2328 3541/2614/2327 2241/2626/2339 2240/2628/2341
f 3758/2627/2340 2241/2626/2339 3541/2614/2327 3759/2616/2329
f 3543/2585/2298 2231/2612/2325 2242/2620/2333 3542/2636/2349
f 2231/2612/2325 3543/2585/2298 3544/2582/2295 2216/2613/2326
f 2254/2635/2348 2216/2613/2326 3544/2582/2295 3535/2581/2294
f 3546/2592/2305 2236/4333/3871 2234/4334/3872 3545/2593/2306
f 3547/2587/2300 2235/4335/3873 3762/4336/3874 3761/2589/2302
f 2237/4337/3875 2235/4335/3873 3547/2587/2300 3548/2579/2292
f 3549/2578/2291 2233/4338/3876 2237/4337/3875 3548/2579/2292
f 3750/4339/3877 2233/4338/3876 3549/2578/2291 3751/2602/2315
f 3551/2601/2314 2223/4340/3878 2215/4341/3879 3550/2637/2350
f 3552/2598/2311 2251/4342/3880 2223/4340/3878 3551/2601/2314
f 3553/2597/2310 2252/4343/3881 2251/4342/3880 3552/2598/2311
f 3553/2597/2310 3554/2594/2307 2220/4344/3882 2252/4343/3881
f 2220/4344/3882 3554/2594/2307 3545/2593/2306 2234/4334/3872
f 3555/2560/2273 3556/2643/2356 2215/4341/3879 2223/4340/3878
f 3557/2566/2279 2233/4338/3876 3750/4339/3877 3749/2567/2280
f 3558/2572/2285 2237/4337/3875 2233/4338/3876 3557/2566/2279
f 3558/2572/2285 3559/2574/2287 2235/4335/3873 2237/4337/3875
f 3762/4336/3874 2235/4335/3873 3559/2574/2287 3763/2573/2286
f 3561/2570/2283 2234/4334/3872 2236/4333/3871 3560/2640/2353
f 3562/2563/2276 2220/4344/3882 2234/4334/3872 3561/2570/2283
f 2252/4343/3881 2220/4344/3882 3562/2563/2276 3563/2562/2275
f 3564/2557/2270 2251/4342/3880 2252/4343/3881 3563/2562/2275
f 2251/4342/3880 3564/2557/2270 3555/2560/2273 2223/4340/3878
f 2700/3250/2910 3565/3247/2907 3566/3220/2882 2681/3221/2883
f 3566/3220/2882 3567/3095/2763 2586/3096/2764 2681/3221/2883
f 2338/2742/2454 2586/3096/2764 3567/3095/2763 3568/2744/2455
f 2338/2742/2454 3568/2744/2455 3569/2747/2437 2322/2743/2435
f 2322/2722/2435 3569/2724/2437 3570/2727/2440 2321/2721/2434
f 2324/2730/2443 2321/2721/2434 3570/2727/2440 3571/2728/2441
f 2325/2731/2444 2324/2730/2443 3571/2728/2441 3572/2961/2660
f 3573/2962/2661 2326/2732/2445 2325/2731/2444 3572/2961/2660
f 2326/2732/2445 3573/2962/2661 3574/2965/2664 2327/2733/2446
f 2654/3157/2819 3575/2668/2381 3576/2671/2384 2651/3153/2815
f 3577/2673/2386 2648/3147/2812 2651/3153/2815 3576/2671/2384
f 3578/2781/2388 2646/3148/2809 2648/3147/2812 3577/2673/2386
f 3843/3145/2810 2646/3144/2809 3578/2675/2388 3844/2674/2387
f 3676/3260/2920 2645/3259/2919 3579/2927/2627 3677/2926/2626
f 3640/4345/3883 3653/4346/3884 3665/4347/3885 3641/4348/3886
f 3687/4349/3887 3654/4350/3888 3652/4351/3889 3688/4352/3890
f 3649/4353/3891 3657/4354/3892 3656/4355/3893 3650/4356/3894
f 3848/4357/3895 3658/4358/3896 3648/4359/3897 3849/4360/3898
f 3645/4361/3899 3661/4362/3900 3660/4363/3901 3646/4364/3902
f 3643/4365/3903 3663/4366/3904 3662/4367/3905 3644/4368/3906
f 3645/4361/3899 3644/4368/3906 3662/4367/3905 3661/4362/3900
f 3646/4364/3902 3660/4363/3901 3659/4369/3907 3647/4370/3908
f 3648/4371/3897 3658/4372/3896 3657/4354/3892 3649/4353/3891
f 3655/4373/3909 3651/4374/3910 3650/4356/3894 3656/4355/3893
f 3652/4351/3889 3654/4350/3888 3653/4346/3884 3640/4345/3883
f 3642/4375/3911 3664/4376/3912 3663/4366/3904 3643/4365/3903
f 3968/4377/3913 3641/4348/3886 3665/4347/3885 3969/4378/3914
f 3286/4379/3915 2957/4380/3916 3580/4381/3917 3581/4382/3918
f 3689/4383/3919 3286/4379/3915 3581/4382/3918 3690/4384/3920
f 3583/4385/3921 3289/4386/3922 2973/4387/3923 3582/4388/3924
f 3584/4389/3925 3294/4390/3926 3289/4386/3922 3583/4385/3921
f 3585/4391/3927 3436/4392/3928 3294/4390/3926 3584/4389/3925
f 3850/4393/3929 3436/4394/3928 3585/4395/3927 3851/4396/3930
f 3587/4397/3931 3300/4398/3932 2974/4399/3933 3586/4400/3934
f 3588/4401/3935 3298/4402/3936 3300/4398/3932 3587/4397/3931
f 3588/4401/3935 3589/4403/3937 2977/4404/3938 3298/4402/3936
f 3590/4405/3939 2976/4406/3940 2977/4404/3938 3589/4403/3937
f 3234/4407/3941 2976/4406/3940 3590/4405/3939 3591/4408/3942
f 2956/4409/3943 3967/4410/3944 3966/4411/3945 3592/4412/3946
f 2957/4380/3916 2956/4409/3943 3592/4412/3946 3580/4381/3917
f 3963/3680/3324 2948/3677/3321 3593/3694/3338 3964/3729/3373
f 3595/3731/3375 2950/3683/3327 3233/4085/3690 3594/4087/3692
f 2951/3684/3328 2950/3683/3327 3595/3731/3375 3596/3734/3378
f 3299/4166/3749 2951/3684/3328 3596/3734/3378 3597/4162/3745
f 3301/4164/3747 3299/4166/3749 3597/4162/3745 3598/3735/3379
f 2975/4165/3748 3301/4164/3747 3598/3735/3379 3599/3738/3382
f 3437/4271/3737 3854/4270/3821 3853/4269/3820 3600/4268/3722
f 3293/4151/3734 3437/4154/3737 3600/4139/3722 3601/4142/3725
f 3290/4143/3726 3293/4151/3734 3601/4142/3725 3602/3725/3369
f 2972/4144/3727 3290/4143/3726 3602/3725/3369 3603/3728/3372
f 3604/3722/3366 3285/4133/3716 3693/4138/3721 3692/3723/3367
f 3605/3695/3339 2949/3676/3320 3285/4133/3716 3604/3722/3366
f 3593/3694/3338 2948/3677/3321 2949/3676/3320 3605/3695/3339
f 3960/3673/3317 2935/3672/3316 3606/3686/3330 3961/3688/3332
f 3635/4083/3688 3608/3689/3333 3632/4413/3947 3636/4414/3948
f 3632/4413/3947 3608/3689/3333 3633/3692/3336 3639/4415/3949
f 3217/4053/3658 2938/3671/3315 3609/4161/3744 3610/4160/3743
f 3611/4158/3741 3205/3668/3312 3217/4053/3658 3610/4160/3743
f 3612/4157/3740 2941/3669/3313 3205/3668/3312 3611/4158/3741
f 3439/4277/3310 3857/4276/3824 3856/4275/3823 3613/4274/3735
f 2933/3667/3311 3439/3666/3310 3613/4152/3735 3614/4149/3732
f 2982/3675/3319 2933/3667/3311 3614/4149/3732 3615/4147/3730
f 3235/4095/3700 2982/3675/3319 3615/4147/3730 3616/4148/3731
f 3239/3741/3385 3696/4099/3704 3695/4137/3720 3617/4135/3718
f 2932/3674/3318 3239/3741/3385 3617/4135/3718 3618/3687/3331
f 3606/3686/3330 2935/3672/3316 2932/3674/3318 3618/3687/3331
f 3580/4381/3917 3619/3696/3340 3620/3721/3365 3581/4382/3918
f 3581/4382/3918 3620/3721/3365 3691/3724/3368 3690/4384/3920
f 3622/3726/3370 3583/4385/3921 3582/4388/3924 3621/3727/3371
f 3623/4141/3724 3584/4389/3925 3583/4385/3921 3622/3726/3370
f 3624/4140/3723 3585/4391/3927 3584/4389/3925 3623/4141/3724
f 3851/4396/3930 3585/4395/3927 3624/4267/3723 3852/4266/3819
f 3626/3736/3380 3587/4397/3931 3586/4400/3934 3625/3737/3381
f 3627/4163/3746 3588/4401/3935 3587/4397/3931 3626/3736/3380
f 3627/4163/3746 3628/3733/3377 3589/4403/3937 3588/4401/3935
f 3629/3732/3376 3590/4405/3939 3589/4403/3937 3628/3733/3377
f 3590/4405/3939 3629/3732/3376 3630/4088/3693 3591/4408/3942
f 3965/3730/3374 3631/3693/3337 3592/4412/3946 3966/4411/3945
f 3592/4412/3946 3631/3693/3337 3619/3696/3340 3580/4381/3917
f 2938/3671/3315 3639/4415/3949 3633/3692/3336 3609/4161/3744
f 3634/3690/3334 2954/3682/3326 2955/3685/3329 3638/3691/3335
f 3607/4416/3950 3232/4086/3691 3637/4084/3689 3635/4083/3688
f 3231/4082/3687 3607/4416/3950 3635/4083/3688 3636/4414/3948
f 2936/3670/3314 3231/4082/3687 3636/4414/3948 3632/4413/3947
f 3232/4086/3691 2954/3682/3326 3634/3690/3334 3637/4084/3689
f 2955/3685/3329 3609/4161/3744 3633/3692/3336 3638/3691/3335
f 2938/3671/3315 2936/3670/3314 3632/4413/3947 3639/4415/3949
f 2956/4409/3943 2957/4380/3916 3640/4345/3883 3641/4348/3886
f 3967/4410/3944 2956/4409/3943 3641/4348/3886 3968/4377/3913
f 2976/4406/3940 3234/4407/3941 3642/4375/3911 3643/4365/3903
f 2977/4404/3938 2976/4406/3940 3643/4365/3903 3644/4368/3906
f 3298/4402/3936 2977/4404/3938 3644/4368/3906 3645/4361/3899
f 3300/4398/3932 3298/4402/3936 3645/4361/3899 3646/4364/3902
f 2974/4399/3933 3300/4398/3932 3646/4364/3902 3647/4370/3908
f 3436/4394/3928 3850/4393/3929 3849/4360/3898 3648/4359/3897
f 3294/4390/3926 3436/4392/3928 3648/4371/3897 3649/4353/3891
f 3289/4386/3922 3294/4390/3926 3649/4353/3891 3650/4356/3894
f 3651/4374/3910 2973/4387/3923 3289/4386/3922 3650/4356/3894
f 3688/4352/3890 3652/4351/3889 3286/4379/3915 3689/4383/3919
f 3286/4379/3915 3652/4351/3889 3640/4345/3883 2957/4380/3916
f 3654/4350/3888 2491/3277/2936 2489/3279/2938 3653/4346/3884
f 3686/3278/2937 2491/3277/2936 3654/4350/3888 3687/4349/3887
f 2492/3275/2934 2490/3276/2935 3655/4373/3909 3656/4355/3893
f 3657/4354/3892 2478/3273/2932 2492/3275/2934 3656/4355/3893
f 3658/4372/3896 2380/3274/2933 2478/3273/2932 3657/4354/3892
f 3847/4417/2947 2380/4418/2933 3658/4358/3896 3848/4357/3895
f 3660/4363/3901 2377/4419/2945 2379/4420/2946 3659/4369/3907
f 3661/4362/3900 2378/4421/2944 2377/4419/2945 3660/4363/3901
f 3661/4362/3900 3662/4367/3905 2382/4422/2943 2378/4421/2944
f 3663/4366/3904 2381/3282/2941 2382/4422/2943 3662/4367/3905
f 3664/4376/3912 2383/3283/2942 2381/3282/2941 3663/4366/3904
f 2488/3280/2939 3970/3281/2940 3969/4378/3914 3665/4347/3885
f 3653/4346/3884 2489/3279/2938 2488/3280/2939 3665/4347/3885
f 2724/3271/2930 3666/3238/2900 3667/2932/2631 2550/2832/2536
f 2550/2832/2536 3667/2932/2631 3668/2935/2634 2387/2900/2600
f 3669/3296/2506 2551/3294/2526 2387/2900/2600 3668/2935/2634
f 2551/2822/2526 3669/2802/2506 3821/2801/2505 3820/2823/2527
f 2552/2837/2541 3670/2682/2395 3671/2685/2398 2553/2838/2542
f 2553/2838/2542 3671/2685/2398 3672/2713/2426 2459/2897/2597
f 2459/2897/2597 3672/2713/2426 3673/2678/2391 2460/2898/2598
f 2460/2898/2598 3673/2678/2391 3674/2681/2394 2717/3265/2925
f 3675/3261/2921 2712/3264/2924 2717/3265/2925 3674/2681/2394
f 3676/3260/2920 2711/2931/2630 2712/3264/2924 3675/3261/2921
f 2372/2784/2489 2711/2931/2630 3676/3260/2920 3677/2926/2626
f 3679/3090/2758 2714/3040/2722 3681/3269/2928 3680/3156/2818
f 2655/3155/2817 3680/3156/2818 3678/4423/3951 2654/3157/2819
f 2713/3272/2931 2698/3242/2904 2673/3215/2877 3683/3210/2872
f 2713/3272/2931 3682/4424/3952 3666/3238/2900 2724/3271/2930
f 3682/4424/3952 3681/3269/2928 2723/3239/2901 3666/3238/2900
f 3681/3269/2928 3682/4424/3952 3678/4423/3951 3680/3156/2818
f 2713/3272/2931 3683/3210/2872 3678/4423/3951 3682/4424/3952
f 3683/3210/2872 3575/2668/2381 2654/3157/2819 3678/4423/3951
f 3685/2938/2637 2499/2951/2650 2420/2669/2382 3684/2939/2638
f 3686/3278/2937 2490/3276/2935 2499/2951/2650 3685/2938/2637
f 3655/4373/3909 2490/3276/2935 3686/3278/2937 3687/4349/3887
f 3651/4374/3910 3655/4373/3909 3687/4349/3887 3688/4352/3890
f 2973/4387/3923 3651/4374/3910 3688/4352/3890 3689/4383/3919
f 2973/4387/3923 3689/4383/3919 3690/4384/3920 3582/4388/3924
f 3691/3724/3368 3621/3727/3371 3582/4388/3924 3690/4384/3920
f 3692/3723/3367 3603/3728/3372 3621/3727/3371 3691/3724/3368
f 3693/4138/3721 2972/4144/3727 3603/3728/3372 3692/3723/3367
f 2972/4144/3727 3693/4138/3721 3694/4136/3719 3288/4145/3728
f 3616/4148/3731 3288/4145/3728 3694/4136/3719 3695/4137/3720
f 3696/4099/3704 3235/4095/3700 3616/4148/3731 3695/4137/3720
f 3235/4095/3700 3696/4099/3704 3697/4100/3705 3236/4096/3701
f 3698/4101/3706 3237/4097/3702 3236/4096/3701 3697/4100/3705
f 3237/4097/3702 3698/4101/3706 3699/4102/3707 3238/4098/3703
f 3238/4098/3703 3699/4102/3707 3700/4091/3696 3006/3766/3410
f 3006/3766/3410 3700/4091/3696 3701/4092/3697 3390/3767/3411
f 3702/4094/3699 2984/3746/3390 3390/4248/3411 3701/4251/3697
f 3703/4093/3698 2985/3747/3391 2984/3746/3390 3702/4094/3699
f 3000/3759/3403 2985/3747/3391 3703/4093/3698 3704/4105/3710
f 3705/3633/3277 2999/3757/3401 3000/3759/3403 3704/4105/3710
f 2998/3758/3402 2999/3757/3401 3705/3633/3277 3706/3462/3111
f 76/1152/1060 33/1488/1396 2998/3758/3402 3706/3462/3111
f 3683/3210/2872 2673/3215/2877 2483/2940/2639 3684/2939/2638
f 2792/4425/3040 3181/4426/3953 3707/4427/3954 2794/4428/3041
f 3714/4429/3955 3129/4430/3042 2794/4428/3041 3707/4427/3954
f 3191/4431/3956 3195/4432/3647 3200/4433/3645 3708/4434/3957
f 3199/4435/3646 3709/4436/3958 3708/4434/3957 3200/4433/3645
f 3249/4437/3643 3198/4438/3642 3711/4439/3959 3710/4440/3960
f 3198/4438/3642 3197/4441/3641 3712/4442/3961 3711/4439/3959
f 3197/4441/3641 2795/4443/3043 3713/4444/3962 3712/4442/3961
f 3713/4444/3962 2795/4443/3043 3129/4430/3042 3714/4429/3955
f 3284/4445/3644 3249/4437/3643 3710/4440/3960 3715/4446/3963
f 3199/4435/3646 3284/4445/3644 3715/4446/3963 3709/4436/3958
f 3717/4447/3964 3708/4434/3957 3709/4436/3958 3716/4448/3965
f 3708/4434/3957 3717/4447/3964 3170/4449/3966 3191/4431/3956
f 3719/4450/3967 3717/4447/3964 3716/4448/3965 3718/4451/3968
f 3717/4447/3964 3719/4450/3967 3188/4452/3969 3170/4449/3966
f 3721/4453/3970 3719/4450/3967 3718/4451/3968 3720/4454/3971
f 3719/4450/3967 3721/4453/3970 3484/4455/3972 3188/4452/3969
f 3721/4453/3970 3905/4456/3973 3904/4457/3974 3484/4455/3972
f 3722/4458/3975 3707/4427/3954 3181/4426/3953 3172/4459/3976
f 3724/3323/2972 3474/3333/2982 2737/3332/2981 3723/3305/2954
f 3892/4320/3859 3474/3333/2982 3724/3323/2972 3893/4322/3861
f 2753/3329/2978 2752/3328/2977 3725/3324/2973 3726/3325/2974
f 2792/3391/3040 2753/3329/2978 3726/3325/2974 3727/3389/3038
f 2792/4425/3040 3727/3993/3038 3728/3996/3609 3181/4426/3953
f 3729/4016/3624 3172/4459/3976 3181/4426/3953 3728/3996/3609
f 3730/4000/3613 3484/4455/3972 3904/4457/3974 3903/4332/3870
f 3731/3999/3612 3188/4452/3969 3484/4455/3972 3730/4000/3613
f 3732/3992/3607 3170/4449/3966 3188/4452/3969 3731/3999/3612
f 3733/3991/3606 3191/4431/3956 3170/4449/3966 3732/3992/3607
f 3734/4030/3637 3195/4432/3647 3191/4431/3956 3733/3991/3606
f 3735/3387/3036 2783/3377/3026 3195/4042/3647 3734/4035/3637
f 2774/3360/3009 2783/3377/3026 3735/3387/3036 3736/3386/3035
f 2773/3361/3010 2774/3360/3009 3736/3386/3035 3737/3379/3028
f 3738/3304/2953 2738/3334/2983 2773/3361/3010 3737/3379/3028
f 2738/3334/2983 3738/3304/2953 3723/3305/2954 2737/3332/2981
f 3740/2544/2259 2184/4460/2257 2188/4461/2239 3739/2536/2252
f 3532/4462/2267 2184/4460/2257 3740/2544/2259 3741/2516/2234
f 2179/4463/2189 3532/4462/2267 3741/2516/2234 3742/2465/2187
f 2149/4464/2190 2179/4463/2189 3742/2465/2187 3743/2466/2188
f 3744/2476/2198 2177/4465/2224 2149/4464/2190 3743/2466/2188
f 2177/4465/2224 3744/2476/2198 3745/2449/2171 3522/4466/2225
f 2139/4467/2269 3522/4466/2225 3745/2449/2171 3746/2452/2174
f 2139/4467/2269 3746/2452/2174 3747/3118/2785 2604/4468/2782
f 3748/2568/2281 2208/4469/2355 2604/4468/2782 3747/3118/2785
f 3749/2567/2280 3556/4470/2356 2208/4469/2355 3748/2568/2281
f 3750/4339/3877 2215/4471/3879 3556/4470/2356 3749/2567/2280
f 3550/4472/2350 2215/4471/3879 3750/4339/3877 3751/2602/2315
f 2225/4473/2351 3550/4472/2350 3751/2602/2315 3752/2603/2316
f 3753/2618/2331 3538/4474/2352 2225/4473/2351 3752/2603/2316
f 3754/2630/2343 2243/4475/2336 3538/4474/2352 3753/2618/2331
f 2247/4476/2335 2243/4475/2336 3754/2630/2343 3755/2633/2346
f 3756/2634/2347 2246/4477/2334 2247/4476/2335 3755/2633/2346
f 3756/2634/2347 3757/2624/2337 2245/4478/2332 2246/4477/2334
f 2245/4478/2332 3757/2624/2337 3758/2627/2340 2242/4479/2333
f 3542/4480/2349 2242/4479/2333 3758/2627/2340 3759/2616/2329
f 2238/4481/2304 3542/4480/2349 3759/2616/2329 3760/2590/2303
f 3761/2589/2302 3546/4482/2305 2238/4481/2304 3760/2590/2303
f 3762/4336/3874 2236/4483/3871 3546/4482/2305 3761/2589/2302
f 3560/4484/2353 2236/4483/3871 3762/4336/3874 3763/2573/2286
f 2211/4485/2354 3560/4484/2353 3763/2573/2286 3764/2576/2289
f 2211/4485/2354 3764/2576/2289 3765/3175/2837 2611/4486/2786
f 2611/4486/2786 3765/3175/2837 3766/3126/2793 2612/4487/2787
f 3766/3126/2793 2335/2738/2451 2332/2737/2450 2612/4487/2787
f 2197/2526/2244 3767/2525/2243 3768/2531/2247 2198/2533/2249
f 3769/2538/2253 2195/2534/2250 2198/2533/2249 3768/2531/2247
f 3770/2548/2263 2187/2546/2261 2195/2534/2250 3769/2538/2253
f 3529/2519/2237 2187/2546/2261 3770/2548/2263 3771/2517/2235
f 2141/2453/2175 3529/2519/2237 3771/2517/2235 3772/2491/2211
f 3773/2490/2210 2144/2454/2176 2141/2453/2175 3772/2491/2211
f 3774/2493/2213 2173/2478/2200 2144/2454/2176 3773/2490/2210
f 2173/2478/2200 3774/2493/2213 3775/2441/2163 3515/2447/2169
f 2135/2448/2170 3515/2447/2169 3775/2441/2163 3776/2444/2166
f 3777/3244/2906 2656/3167/2829 2135/2448/2170 3776/2444/2166
f 2061/2334/2075 2656/3167/2829 3777/3244/2906 3778/2333/2074
f 3779/2332/2073 2067/2335/2076 2061/2334/2075 3778/2333/2074
f 3780/2346/2087 2097/2344/2085 2067/2335/2076 3779/2332/2073
f 3503/2345/2086 2097/2344/2085 3780/2346/2087 3781/2349/2090
f 2075/2383/2119 3503/2345/2086 3781/2349/2090 3782/2390/2126
f 3783/2389/2125 2127/2384/2120 2075/2383/2119 3782/2390/2126
f 3784/2422/2153 2103/2424/2154 2127/2384/2120 3783/2389/2125
f 2115/2416/2147 2103/2424/2154 3784/2422/2153 3785/2412/2145
f 2115/2416/2147 3785/2412/2145 3786/2402/2138 2118/2417/2148
f 2118/2417/2148 3786/2402/2138 3787/2405/2139 2119/2409/2142
f 2119/2409/2142 3787/2405/2139 3788/2407/2140 2120/2410/2143
f 3789/2415/2146 2117/2411/2144 2120/2410/2143 3788/2407/2140
f 3790/2428/2158 2109/2426/2156 2117/2411/2144 3789/2415/2146
f 3791/2391/2127 2125/2395/2131 2109/2426/2156 3790/2428/2158
f 2062/2396/2132 2125/2395/2131 3791/2391/2127 3792/2394/2130
f 3793/2369/2108 3501/2336/2077 2062/2396/2132 3792/2394/2130
f 3794/2368/2107 2094/2337/2078 3501/2336/2077 3793/2369/2108
f 2094/2337/2078 3794/2368/2107 3795/2320/2061 2064/2328/2069
f 2056/2329/2070 2064/2328/2069 3795/2320/2061 3796/2323/2064
f 3797/3100/2767 2591/3161/2823 2056/2329/2070 3796/2323/2064
f 3798/2849/2553 2428/2850/2554 2591/3161/2823 3797/3100/2767
f 3799/2848/2552 2436/2851/2555 2428/2850/2554 3798/2849/2553
f 3800/2874/2576 2527/2877/2579 2436/2851/2555 3799/2848/2552
f 2444/2856/2560 2527/2877/2579 3800/2874/2576 3801/2861/2565
f 3802/2860/2564 2445/2857/2561 2444/2856/2560 3801/2861/2565
f 3508/2983/2678 2445/2857/2561 3802/2860/2564 3803/2987/2682
f 3492/2984/2679 3508/2983/2678 3803/2987/2682 3804/2990/2685
f 3805/3006/2698 2538/3010/2700 3492/2984/2679 3804/2990/2685
f 2538/3010/2700 3805/3006/2698 3806/2996/2691 2541/3011/2701
f 2541/3011/2701 3806/2996/2691 3807/2999/2692 2542/3003/2695
f 2542/3003/2695 3807/2999/2692 3808/3001/2693 2543/3004/2696
f 3809/3009/2699 2540/3005/2697 2543/3004/2696 3808/3001/2693
f 3490/3019/2707 2540/3005/2697 3809/3009/2699 3810/3021/2709
f 3510/3020/2708 3490/3019/2707 3810/3021/2709 3811/3024/2712
f 3812/2892/2592 2429/2852/2556 3510/3020/2708 3811/3024/2712
f 3813/2891/2591 2432/2853/2557 2429/2852/2556 3812/2892/2592
f 3814/2894/2594 2524/2878/2580 2432/2853/2557 3813/2891/2591
f 2524/2878/2580 3814/2894/2594 3815/2768/2475 2433/2844/2548
f 2353/2845/2549 2433/2844/2548 3815/2768/2475 3816/2771/2478
f 3817/3198/2860 2355/3159/2821 2353/2845/2549 3816/2771/2478
f 2355/3159/2821 3817/3198/2860 3818/3201/2863 2424/2841/2545
f 2424/2841/2545 3818/3201/2863 3819/2820/2524 2421/2836/2540
f 2421/2836/2540 3819/2820/2524 3820/2823/2527 2552/2837/2541
f 3821/2801/2505 3670/2682/2395 2552/2837/2541 3820/2823/2527
f 3823/2818/2522 2294/2813/2517 2731/2809/2513 3822/2819/2523
f 2294/2813/2517 3823/2818/2522 3824/2828/2532 2409/3075/2748
f 2409/3075/2748 3824/2828/2532 3825/2831/2535 2410/3074/2747
f 2410/3074/2747 3825/2831/2535 3826/3054/2733 2570/3064/2740
f 2570/3064/2740 3826/3054/2733 3827/3052/2732 2568/3056/2734
f 2568/3056/2734 3827/3052/2732 3828/3046/2728 2565/3057/2735
f 2565/3057/2735 3828/3046/2728 3829/3049/2729 2466/2912/2612
f 2466/2912/2612 3829/3049/2729 3830/3060/2738 2469/2913/2613
f 2469/2913/2613 3830/3060/2738 3831/3063/2739 2468/2914/2614
f 2468/2914/2614 3831/3063/2739 3832/3067/2742 2476/2925/2625
f 2476/2925/2625 3832/3067/2742 3833/3070/2744 2475/2921/2621
f 2475/2921/2621 3833/3070/2744 3834/3073/2746 2474/2922/2622
f 2474/2922/2622 3834/3073/2746 3835/3078/2751 2313/2815/2519
f 2398/2808/2512 2313/2815/2519 3835/3078/2751 3836/3081/2752
f 2398/2808/2512 3836/3081/2752 3837/3084/2754 2366/2779/2486
f 2366/2779/2486 3837/3084/2754 3838/3086/2756 2365/2778/2485
f 2365/2778/2485 3838/3086/2756 3839/3089/2757 2367/2712/2425
f 2367/2712/2425 3839/3089/2757 3840/3139/2804 2641/2679/2392
f 2641/2679/2392 3840/3139/2804 3841/3141/2806 2642/2680/2393
f 2642/2680/2393 3841/3141/2806 3842/3142/2807 2644/3262/2922
f 2644/3262/2922 3842/3142/2807 3843/3145/2810 2645/3259/2919
f 3579/2927/2627 2645/3259/2919 3843/3145/2810 3844/2674/2387
f 2292/2785/2490 3579/2927/2627 3844/2674/2387 3845/2677/2390
f 2292/2785/2490 3845/2677/2390 3846/2787/2492 2373/2789/2494
f 3847/3290/2947 2379/3288/2946 2373/2789/2494 3846/2787/2492
f 3659/4369/3907 2379/4420/2946 3847/4417/2947 3848/4357/3895
f 3647/4370/3908 3659/4369/3907 3848/4357/3895 3849/4360/3898
f 3850/4393/3929 2974/4399/3933 3647/4370/3908 3849/4360/3898
f 3586/4400/3934 2974/4399/3933 3850/4393/3929 3851/4396/3930
f 3625/3737/3381 3586/4400/3934 3851/4396/3930 3852/4266/3819
f 3599/3738/3382 3625/3737/3381 3852/4266/3819 3853/4269/3820
f 3854/4270/3821 2975/4165/3748 3599/3738/3382 3853/4269/3820
f 2975/4165/3748 3854/4270/3821 3855/4273/3822 3295/4156/3739
f 3612/4157/3740 3295/4156/3739 3855/4273/3822 3856/4275/3823
f 3857/4276/3824 2941/3669/3313 3612/4157/3740 3856/4275/3823
f 2941/3669/3313 3857/4276/3824 3858/4279/3825 2943/3665/3309
f 3859/4281/3826 2940/3662/3306 2943/3665/3309 3858/4279/3825
f 3018/4067/3672 2940/3662/3306 3859/4281/3826 3860/4283/3827
f 3861/4285/3828 3017/4059/3664 3018/4067/3672 3860/4283/3827
f 3399/4060/3665 3017/4059/3664 3861/4285/3828 3862/4287/3829
f 3016/4488/3663 3399/4489/3665 3862/4288/3829 3863/4289/3830
f 3864/4290/3831 2960/4490/3345 3016/4488/3663 3863/4289/3830
f 2961/4491/3346 2960/4490/3345 3864/4290/3831 3865/4291/3832
f 3866/4292/3833 2970/4492/3585 2961/4491/3346 3865/4291/3832
f 2970/4492/3585 3866/4292/3833 3867/4293/3834 3432/4493/3599
f 3868/4294/3835 3165/4494/3581 3432/4493/3599 3867/4293/3834
f 3869/4295/3836 2969/4495/3582 3165/4494/3581 3868/4294/3835
f 3870/4296/3837 3031/4496/3572 2969/4495/3582 3869/4295/3836
f 3032/4497/3570 3031/4496/3572 3870/4296/3837 3871/4297/3838
f 3872/4298/3839 3041/4498/3566 3032/4497/3570 3871/4297/3838
f 3873/4299/3840 3042/3935/3559 3041/3943/3566 3872/4300/3839
f 3042/3935/3559 3873/4299/3840 3874/4301/3841 3106/3869/3504
f 3875/4302/3842 3063/3864/3499 3106/3869/3504 3874/4301/3841
f 3069/3865/3500 3063/3864/3499 3875/4302/3842 3876/4303/3843
f 3877/4304/3844 3058/3880/3515 3069/3865/3500 3876/4303/3843
f 3403/3846/3481 3058/3880/3515 3877/4304/3844 3878/4305/3845
f 3075/3847/3482 3403/3846/3481 3878/4305/3845 3879/4306/3846
f 3418/3891/3526 3075/3847/3482 3879/4306/3846 3880/4307/3847
f 3881/4308/3848 2805/3904/3539 3418/3891/3526 3880/4307/3847
f 2805/3904/3539 3881/4308/3848 3882/4309/3849 3079/3453/3102
f 3883/4310/3850 2818/3446/3095 3079/3453/3102 3882/4309/3849
f 3884/4311/3851 3089/3447/3096 2818/3446/3095 3883/4310/3850
f 3885/4312/3852 2804/3920/3555 3089/3447/3096 3884/4311/3851
f 2804/3920/3555 3885/4312/3852 3886/4313/3853 3093/3439/3088
f 3887/4314/3854 2803/3413/3062 3093/3439/3088 3886/4313/3853
f 2803/3413/3062 3887/4314/3854 3888/4315/3855 3102/3414/3063
f 3889/4316/3856 2777/3931/3017 3102/3414/3063 3888/4315/3855
f 3890/4317/3857 2759/3341/2990 2777/3368/3017 3889/4318/3856
f 2754/3327/2976 2759/3341/2990 3890/4317/3857 3891/4319/3858
f 2754/3327/2976 3891/4319/3858 3892/4320/3859 2752/3328/2977
f 3725/3324/2973 2752/3328/2977 3892/4320/3859 3893/4322/3861
f 3894/4321/3860 2750/3321/2970 3725/3324/2973 3893/4322/3861
f 3895/4323/3862 2748/3317/2966 2750/3321/2970 3894/4321/3860
f 2748/3317/2966 3895/4323/3862 3896/4324/3863 2746/3318/2967
f 2747/3319/2968 2746/3318/2967 3896/4324/3863 3897/4325/3864
f 3176/4005/3615 2747/3319/2968 3897/4325/3864 3898/4326/3865
f 3184/4004/3616 3176/4003/3615 3898/4327/3865 3899/4328/3866
f 3900/4329/3867 3175/4018/3626 3184/4004/3616 3899/4328/3866
f 3175/4018/3626 3900/4329/3867 3901/4330/3868 3174/4017/3625
f 3173/4015/3623 3174/4017/3625 3901/4330/3868 3902/4331/3869
f 3173/4015/3623 3902/4331/3869 3903/4332/3870 3729/4016/3624
f 3904/4457/3974 3172/4459/3976 3729/4016/3624 3903/4332/3870
f 3905/4456/3973 3722/4458/3975 3172/4459/3976 3904/4457/3974
f 3906/4499/3977 3714/4429/3955 3707/4427/3954 3722/4458/3975
f 3905/4456/3973 3721/4453/3970 3720/4454/3971 3907/4500/3978
f 3907/4500/3978 3906/4499/3977 3722/4458/3975 3905/4456/3973
f 2493/2946/2645 2496/2948/2647 2488/3280/2939 2487/2942/2641
f 3711/4439/3959 3712/4442/3961 3910/4501/3979 3909/4502/3980
f 3710/4440/3960 3711/4439/3959 3909/4502/3980 3908/4503/3981
f 3909/4502/3980 3720/4454/3971 3718/4451/3968 3908/4503/3981
f 3910/4501/3979 3907/4500/3978 3720/4454/3971 3909/4502/3980
f 3911/4504/3982 3716/4448/3965 3709/4436/3958 3715/4446/3963
f 3911/4504/3982 3715/4446/3963 3710/4440/3960 3908/4503/3981
f 3908/4503/3981 3718/4451/3968 3716/4448/3965 3911/4504/3982
f 3912/4505/3983 3910/4501/3979 3712/4442/3961 3713/4444/3962
f 3912/4505/3983 3713/4444/3962 3714/4429/3955 3906/4499/3977
f 3906/4499/3977 3907/4500/3978 3910/4501/3979 3912/4505/3983
f 77/1474/1382 2920/3635/3279 2990/3638/3282 30/1478/1386
f 3913/2799/2503 2363/2683/2396 3670/2682/2395 3821/2801/2505
f 2363/2683/2396 3913/2799/2503 3914/2797/2501 2361/2776/2483
f 2361/2776/2483 3914/2797/2501 3915/2796/2500 2360/2777/2484
f 2731/2809/2513 2360/2777/2484 3915/2796/2500 3822/2819/2523
f 2612/3120/2787 2332/2751/2450 2340/2750/2458 2290/2667/2380
f 2787/4024/3630 2744/3310/2959 3916/3381/3030 3918/4506/3640
f 3917/3384/3033 3919/4507/3638 3918/4506/3640 3916/3381/3030
f 2786/3385/3034 3196/4034/3636 3919/4507/3638 3917/3384/3033
f 2785/4023/3631 2787/4022/3630 3918/4033/3640 3194/4032/3639
f 3767/2525/2243 3920/2528/2246 2189/4508/2238 2190/2529/2240
f 3739/2536/2252 2188/4461/2239 2189/4508/2238 3920/2528/2246
f 3921/3626/3270 2909/3623/3267 21/1337/1245 1947/1342/1250
f 2904/3616/3260 2909/3623/3267 3921/3626/3270 3922/3614/3258
f 3923/3610/3254 2883/3604/3248 2904/3616/3260 3922/3614/3258
f 3320/3605/3249 2883/3604/3248 3923/3610/3254 3924/3613/3257
f 3925/3591/3235 2887/3601/3245 3320/3605/3249 3924/3613/3257
f 2887/3601/3245 3925/3591/3235 3926/3594/3238 3345/3602/3246
f 3927/3568/3212 2900/3597/3241 3345/3602/3246 3926/3594/3238
f 4018/3567/3211 4019/3598/3242 2900/3597/3241 3927/3568/3212
f 2841/3588/3232 2886/3587/3231 3928/3563/3207 3929/3564/3208
f 3930/4220/3801 2897/3589/3233 2841/3588/3232 3929/3564/3208
f 3931/4221/3802 2898/4509/3984 2897/3589/3233 3930/4220/3801
f 3357/4510/3985 3971/4202/3783 3932/4205/3786 3364/4511/3986
f 3933/3554/3198 2853/3517/3166 3364/4511/3986 3932/4205/3786
f 3331/3518/3167 2853/3517/3166 3933/3554/3198 3934/3555/3199
f 3935/3557/3201 2849/3513/3162 3331/3518/3167 3934/3555/3199
f 3936/3556/3200 2854/3512/3161 2849/3513/3162 3935/3557/3201
f 2854/3512/3161 3936/3556/3200 3937/3559/3203 3327/3514/3163
f 3938/3558/3202 2851/3515/3164 3327/3514/3163 3937/3559/3203
f 2851/3515/3164 3938/3558/3202 3939/3560/3204 2855/3516/3165
f 2855/3516/3165 3939/3560/3204 3940/4232/3808 3373/4222/3803
f 3381/4228/3806 3373/4227/3803 3940/4239/3808 3941/4242/3816
f 3942/4237/3813 3379/4224/3804 3381/4228/3806 3941/4242/3816
f 3943/4236/3812 3378/4225/3805 3379/4224/3804 3942/4237/3813
f 3378/4225/3805 3943/4236/3812 3944/3534/3181 3316/3532/3179
f 3316/3532/3179 3944/3534/3181 3945/3537/3184 2862/3533/3180
f 2862/3533/3180 3945/3537/3184 3946/3542/3189 3317/3544/3191
f 3947/3541/3188 2864/3545/3192 3317/3544/3191 3946/3542/3189
f 2864/3545/3192 3947/3541/3188 3948/3549/3194 2866/3550/3195
f 3949/4184/3765 3318/4243/3766 2866/3550/3195 3948/3549/3194
f 3388/4186/3767 3318/4185/3766 3949/4247/3765 3950/4183/3764
f 3951/4182/3763 3315/4187/3768 3388/4186/3767 3950/4183/3764
f 3952/4109/3713 3247/4111/3715 3315/4187/3768 3951/4182/3763
f 3953/3782/3424 3014/4076/3681 3247/4111/3715 3952/4109/3713
f 3015/4077/3682 3014/4076/3681 3953/3782/3424 3954/3783/3425
f 3394/4257/3695 3015/4077/3682 3954/3783/3425 3955/4255/3694
f 3227/4078/3683 3394/4090/3695 3955/4089/3694 3956/4075/3680
f 3227/4078/3683 3956/4075/3680 3957/4074/3679 3228/4079/3684
f 3228/4079/3684 3957/4074/3679 3958/3654/3298 3229/4080/3685
f 3229/4080/3685 3958/3654/3298 3959/3655/3299 3230/4081/3686
f 3960/3673/3317 3231/4082/3687 3230/4081/3686 3959/3655/3299
f 3231/4082/3687 3960/3673/3317 3961/3688/3332 3607/4416/3950
f 3962/3681/3325 3232/4086/3691 3607/4416/3950 3961/3688/3332
f 3963/3680/3324 3233/4085/3690 3232/4086/3691 3962/3681/3325
f 3594/4087/3692 3233/4085/3690 3963/3680/3324 3964/3729/3373
f 3630/4088/3693 3594/4087/3692 3964/3729/3373 3965/3730/3374
f 3591/4408/3942 3630/4088/3693 3965/3730/3374 3966/4411/3945
f 3967/4410/3944 3234/4407/3941 3591/4408/3942 3966/4411/3945
f 3642/4375/3911 3234/4407/3941 3967/4410/3944 3968/4377/3913
f 3664/4376/3912 3642/4375/3911 3968/4377/3913 3969/4378/3914
f 3970/3281/2940 2383/3283/2942 3664/4376/3912 3969/4378/3914
f 2498/2950/2649 2386/2793/2498 2383/3283/2942 3970/3281/2940
f 3045/4212/3793 2840/4210/3791 3972/4512/3987 3973/4513/3988
f 2839/4514/3989 2892/4515/3990 3974/4516/3991 3975/4517/3992
f 3361/4214/3795 3045/4212/3793 3973/4513/3988 3979/4518/3993
f 3357/4510/3985 2839/4514/3989 3975/4517/3992 3982/4519/3994
f 2892/4515/3990 2838/4520/3995 3984/4521/3996 3974/4516/3991
f 3931/4221/3802 3363/4218/3799 3980/4522/3997 3986/4523/3998
f 2898/4509/3984 3931/4221/3802 3986/4523/3998 3985/4524/3999
f 3358/4203/3784 3977/4525/4000 3976/4526/4001 3359/4206/3787
f 3360/4208/3789 3978/4527/4002 3972/4512/3987 2840/4210/3791
f 3362/4216/3797 3981/4528/4003 3980/4522/3997 3363/4218/3799
f 3359/4206/3787 3976/4526/4001 3978/4527/4002 3360/4208/3789
f 3971/4202/3783 3983/4529/4004 3977/4525/4000 3358/4203/3784
f 2898/4509/3984 3985/4524/3999 3993/4530/4005 3994/4531/4006
f 3361/4214/3795 3979/4518/3993 3981/4528/4003 3362/4216/3797
f 3357/4510/3985 3982/4519/3994 3983/4529/4004 3971/4202/3783
f 3987/4532/4007 3988/4533/4008 3974/4516/3991 3984/4521/3996
f 3988/4533/4008 3989/4534/4009 3975/4517/3992 3974/4516/3991
f 3996/4535/4010 3997/4536/4011 3988/4533/4008 3987/4532/4007
f 3997/4536/4011 3998/4537/4012 3989/4534/4009 3988/4533/4008
f 3979/4518/3993 3973/4513/3988 3991/4538/4013 3990/4539/4014
f 3973/4513/3988 3972/4512/3987 3992/4540/4015 3991/4538/4013
f 3978/4527/4002 3976/4526/4001 3992/4540/4015 3972/4512/3987
f 3980/4522/3997 3981/4528/4003 3979/4518/3993 3990/4539/4014
f 3993/4530/4005 3984/4521/3996 2838/4520/3995 3994/4531/4006
f 4000/4199/3780 4001/4541/4016 3999/3579/3223 3995/4200/3781
f 3999/3579/3223 4011/4198/3779 4013/4542/4017 3995/4200/3781
f 3990/4539/4014 3991/4538/4013 3997/4536/4011 3996/4535/4010
f 3991/4538/4013 3992/4540/4015 3998/4537/4012 3997/4536/4011
f 3993/4530/4005 3985/4524/3999 3987/4532/4007 3984/4521/3996
f 3985/4524/3999 3986/4523/3998 3996/4535/4010 3987/4532/4007
f 3986/4523/3998 3980/4522/3997 3990/4539/4014 3996/4535/4010
f 3976/4526/4001 3977/4525/4000 3998/4537/4012 3992/4540/4015
f 3977/4525/4000 3983/4529/4004 3989/4534/4009 3998/4537/4012
f 3983/4529/4004 3982/4519/3994 3975/4517/3992 3989/4534/4009
f 2898/4509/3984 3994/4531/4006 4000/4199/3780 2897/3589/3233
f 2838/4520/3995 4001/4541/4016 4000/4199/3780 3994/4531/4006
f 2838/4520/3995 2892/4515/3990 4002/4543/4018 4001/4541/4016
f 2892/4515/3990 2839/4514/3989 4003/4544/4019 4002/4543/4018
f 4004/4545/4020 4003/4544/4019 2839/4514/3989 3357/4510/3985
f 4001/4541/4016 4002/4543/4018 4005/3489/3138 3999/3579/3223
f 4002/4543/4018 4003/4544/4019 4006/3490/3139 4005/3489/3138
f 4007/3511/3160 4006/3490/3139 4003/4544/4019 4004/4545/4020
f 4008/4201/3782 4007/3511/3160 4004/4545/4020 4009/4546/4021
f 2853/3517/3166 4008/4201/3782 4009/4546/4021 3364/4511/3986
f 3364/4511/3986 4009/4546/4021 4004/4545/4020 3357/4510/3985
f 3355/3585/3229 2894/3581/3225 4012/4547/4022 4010/3586/3230
f 4012/4547/4022 4013/4542/4017 4011/4198/3779 4010/3586/3230
f 4012/4547/4022 2894/3581/3225 2893/3584/3228 3356/3590/3234
f 3995/4200/3781 4013/4542/4017 4012/4547/4022 3356/3590/3234
f 3999/3579/3223 2028/1283/1191 2023/1957/1801 4011/4198/3779
f 2843/3552/3196 3337/4197/3778 2845/3485/3134 2867/3488/3137
f 2836/3553/3197 4014/3819/3454 3337/4197/3778 2843/3552/3196
f 4014/3819/3454 4015/4192/3773 3338/4191/3772 3337/4197/3778
f 4016/4193/3774 4015/4192/3773 4014/3819/3454 3044/3493/3142
f 3044/3493/3142 2844/3492/3141 4017/3566/3210 4016/4193/3774
f 4018/3567/3211 4017/3566/3210 2844/3492/3141 3928/3563/3207
f 3928/3563/3207 2886/3587/3231 4019/3598/3242 4018/3567/3211
f 4020/3596/3240 4019/3598/3242 2886/3587/3231 2895/3583/3227
f 4021/3573/3217 4020/3596/3240 2895/3583/3227 2890/3575/3219
f 4022/3574/3218 4021/3573/3217 2890/3575/3219 3350/3578/3222
f 16/1287/1195 2052/1286/1194 4022/3574/3218 3350/3578/3222
